requirement_id,source,source_file,source_locator,requirement,implementation_path,test_or_evidence_path,required_matrix,status,satisfied_by_prior_commit
"ADR1-L0009","ADR0001","docs\adr\0001-foundation-architecture.md","line 9; section Context","Tracebox must provide dependable offline diagnostics for JVM, C/C++, Rust, native crashes, and ANRs on Android API 30-37. Native crash and live ANR evidence are foundation requirements. The runtime must not introduce networking, and users must approve exact package content before export.","See implementation ledger and architecture module map","evidence/; module tests; conformance/","API30_API37_X86_64_AND_ALL_AVAILABLE_ARM64; page-size cells where available","NOT_STARTED",""
"ADR1-L0015","ADR0001","docs\adr\0001-foundation-architecture.md","line 15; section Option A: In-process recorder with system exit history","Lowest resource and implementation cost.","See implementation ledger and architecture module map","evidence/; module tests; conformance/","HOST_UNIT_STATIC; applicable Android endpoint","NOT_STARTED",""
"ADR1-L0016","ADR0001","docs\adr\0001-foundation-architecture.md","line 16; section Option A: In-process recorder with system exit history","Insufficient native crash fidelity.","See implementation ledger and architecture module map","evidence/; module tests; conformance/","HOST_UNIT_STATIC; applicable Android endpoint","NOT_STARTED",""
"ADR1-L0017","ADR0001","docs\adr\0001-foundation-architecture.md","line 17; section Option A: In-process recorder with system exit history","Cannot preserve live ANR evidence before process termination.","See implementation ledger and architecture module map","evidence/; module tests; conformance/","HOST_UNIT_STATIC; applicable Android endpoint","NOT_STARTED",""
"ADR1-L0023","ADR0001","docs\adr\0001-foundation-architecture.md","line 23; section Option B: Mandatory full telemetry/crash platform","Rich data and broad capabilities.","See implementation ledger and architecture module map","evidence/; module tests; conformance/","HOST_UNIT_STATIC; applicable Android endpoint","NOT_STARTED",""
"ADR1-L0024","ADR0001","docs\adr\0001-foundation-architecture.md","line 24; section Option B: Mandatory full telemetry/crash platform","Excessive privacy, dependency, performance, and delivery scope.","See implementation ledger and architecture module map","evidence/; module tests; conformance/","HOST_UNIT_STATIC; applicable Android endpoint","NOT_STARTED",""
"ADR1-L0025","ADR0001","docs\adr\0001-foundation-architecture.md","line 25; section Option B: Mandatory full telemetry/crash platform","Conflicts with offline-only and allowlisted-data goals.","See implementation ledger and architecture module map","evidence/; module tests; conformance/","HOST_UNIT_STATIC; applicable Android endpoint","NOT_STARTED",""
"ADR1-L0031","ADR0001","docs\adr\0001-foundation-architecture.md","line 31; section Option C: Hybrid recorder with one capture-only native handler","Per-process ordinary segments.","native/; android/tracebox-native/; android/tracebox-anr-exit/","evidence/phase0/; benchmarks/; test-apps/","HOST_UNIT_STATIC; applicable Android endpoint","NOT_STARTED",""
"ADR1-L0032","ADR0001","docs\adr\0001-foundation-architecture.md","line 32; section Option C: Hybrid recorder with one capture-only native handler","Separate-process Crashpad for native capture.","native/; android/tracebox-native/; android/tracebox-anr-exit/","evidence/phase0/; benchmarks/; test-apps/","HOST_UNIT_STATIC; applicable Android endpoint","NOT_STARTED",""
"ADR1-L0033","ADR0001","docs\adr\0001-foundation-architecture.md","line 33; section Option C: Hybrid recorder with one capture-only native handler","Minimal emergency fallback.","native/; android/tracebox-native/; android/tracebox-anr-exit/","evidence/phase0/; benchmarks/; test-apps/","HOST_UNIT_STATIC; applicable Android endpoint","NOT_STARTED",""
"ADR1-L0034","ADR0001","docs\adr\0001-foundation-architecture.md","line 34; section Option C: Hybrid recorder with one capture-only native handler","In-process adaptive ANR watchdog with on-demand handler snapshot.","native/; android/tracebox-native/; android/tracebox-anr-exit/","evidence/phase0/; benchmarks/; test-apps/","HOST_UNIT_STATIC; applicable Android endpoint","NOT_STARTED",""
"ADR1-L0035","ADR0001","docs\adr\0001-foundation-architecture.md","line 35; section Option C: Hybrid recorder with one capture-only native handler","Post-restart OS reconciliation.","native/; android/tracebox-native/; android/tracebox-anr-exit/","evidence/phase0/; benchmarks/; test-apps/","HOST_UNIT_STATIC; applicable Android endpoint","NOT_STARTED",""
"ADR1-L0036","ADR0001","docs\adr\0001-foundation-architecture.md","line 36; section Option C: Hybrid recorder with one capture-only native handler","Deterministic user-approved offline packages.","native/; android/tracebox-native/; android/tracebox-anr-exit/","evidence/phase0/; benchmarks/; test-apps/","HOST_UNIT_STATIC; applicable Android endpoint","NOT_STARTED",""
"ADR1-L0044","ADR0001","docs\adr\0001-foundation-architecture.md","line 44; section Trade-off matrix","Crash/ANR fidelity | 0.25 | 4 | 9 | 9","See implementation ledger and architecture module map","evidence/; module tests; conformance/","HOST_UNIT_STATIC; applicable Android endpoint","NOT_STARTED",""
"ADR1-L0045","ADR0001","docs\adr\0001-foundation-architecture.md","line 45; section Trade-off matrix","Privacy control | 0.20 | 8 | 4 | 8","See implementation ledger and architecture module map","evidence/; module tests; conformance/","HOST_UNIT_STATIC; applicable Android endpoint","NOT_STARTED",""
"ADR1-L0046","ADR0001","docs\adr\0001-foundation-architecture.md","line 46; section Trade-off matrix","Healthy-state overhead | 0.15 | 9 | 4 | 8","See implementation ledger and architecture module map","evidence/; module tests; conformance/","HOST_UNIT_STATIC; applicable Android endpoint","NOT_STARTED",""
"ADR1-L0047","ADR0001","docs\adr\0001-foundation-architecture.md","line 47; section Trade-off matrix","Offline maintainability | 0.15 | 8 | 3 | 8","See implementation ledger and architecture module map","evidence/; module tests; conformance/","HOST_UNIT_STATIC; applicable Android endpoint","NOT_STARTED",""
"ADR1-L0048","ADR0001","docs\adr\0001-foundation-architecture.md","line 48; section Trade-off matrix","Implementation risk | 0.15 | 9 | 3 | 5","See implementation ledger and architecture module map","evidence/; module tests; conformance/","HOST_UNIT_STATIC; applicable Android endpoint","NOT_STARTED",""
"ADR1-L0049","ADR0001","docs\adr\0001-foundation-architecture.md","line 49; section Trade-off matrix","Future extensibility | 0.10 | 4 | 9 | 8","See implementation ledger and architecture module map","evidence/; module tests; conformance/","HOST_UNIT_STATIC; applicable Android endpoint","NOT_STARTED",""
"ADR1-L0050","ADR0001","docs\adr\0001-foundation-architecture.md","line 50; section Trade-off matrix","**Weighted score** | | **6.8** | **5.5** | **7.9**","See implementation ledger and architecture module map","evidence/; module tests; conformance/","HOST_UNIT_STATIC; applicable Android endpoint","NOT_STARTED",""
"ADR1-L0058","ADR0001","docs\adr\0001-foundation-architecture.md","line 58; section Decision","The live ANR watchdog runs in eligible application processes. It posts a bounded main-looper heartbeat, suspends when no observable eligible component is active, and contacts the handler only for a credible rate-limited stall. Watchdog evidence remains a candidate and is never converted into an OS-confirmed record through ambiguous correlation.","See implementation ledger and architecture module map","evidence/; module tests; conformance/","HOST_UNIT_STATIC; applicable Android endpoint","NOT_STARTED",""
"ADR1-L0064","ADR0001","docs\adr\0001-foundation-architecture.md","line 64; section Reversibility","Decision | Reversibility","See implementation ledger and architecture module map","evidence/; module tests; conformance/","HOST_UNIT_STATIC; applicable Android endpoint","NOT_STARTED",""
"ADR1-L0066","ADR0001","docs\adr\0001-foundation-architecture.md","line 66; section Reversibility","Internal index implementation | Low-cost","See implementation ledger and architecture module map","evidence/; module tests; conformance/","HOST_UNIT_STATIC; applicable Android endpoint","NOT_STARTED",""
"ADR1-L0067","ADR0001","docs\adr\0001-foundation-architecture.md","line 67; section Reversibility","Watchdog thresholds and measured budgets | Low-cost through configuration/ADR","See implementation ledger and architecture module map","evidence/; module tests; conformance/","HOST_UNIT_STATIC; applicable Android endpoint","NOT_STARTED",""
"ADR1-L0068","ADR0001","docs\adr\0001-foundation-architecture.md","line 68; section Reversibility","Raw-artifact retention defaults | Moderate; privacy expectations constrain changes","See implementation ledger and architecture module map","evidence/; module tests; conformance/","HOST_UNIT_STATIC; applicable Android endpoint","NOT_STARTED",""
"ADR1-L0069","ADR0001","docs\adr\0001-foundation-architecture.md","line 69; section Reversibility","Handler topology and Crashpad integration | High-cost","See implementation ledger and architecture module map","evidence/; module tests; conformance/","HOST_UNIT_STATIC; applicable Android endpoint","NOT_STARTED",""
"ADR1-L0070","ADR0001","docs\adr\0001-foundation-architecture.md","line 70; section Reversibility","Public Kotlin/C/Rust ABI | High-cost","See implementation ledger and architecture module map","evidence/; module tests; conformance/","HOST_UNIT_STATIC; applicable Android endpoint","NOT_STARTED",""
"ADR1-L0071","ADR0001","docs\adr\0001-foundation-architecture.md","line 71; section Reversibility","`.tbdiag` v1 format | One-way compatibility commitment","See implementation ledger and architecture module map","evidence/; module tests; conformance/","HOST_UNIT_STATIC; applicable Android endpoint","NOT_STARTED",""
"ADR1-L0072","ADR0001","docs\adr\0001-foundation-architecture.md","line 72; section Reversibility","Privacy and consent claims | One-way product commitment","See implementation ledger and architecture module map","evidence/; module tests; conformance/","HOST_UNIT_STATIC; applicable Android endpoint","NOT_STARTED",""
"ADR1-L0078","ADR0001","docs\adr\0001-foundation-architecture.md","line 78; section Dissenting views","A persistent handler process adds memory that a minimal recorder avoids.","See implementation ledger and architecture module map","evidence/; module tests; conformance/","HOST_UNIT_STATIC; applicable Android endpoint","NOT_STARTED",""
"ADR1-L0079","ADR0001","docs\adr\0001-foundation-architecture.md","line 79; section Dissenting views","Raw minidumps create a sensitive-data surface that generated schemas cannot fully inspect.","See implementation ledger and architecture module map","evidence/; module tests; conformance/","HOST_UNIT_STATIC; applicable Android endpoint","NOT_STARTED",""
"ADR1-L0080","ADR0001","docs\adr\0001-foundation-architecture.md","line 80; section Dissenting views","OEM lifecycle and `ptrace` behavior may prevent one universal Android support claim.","See implementation ledger and architecture module map","evidence/; module tests; conformance/","HOST_UNIT_STATIC; applicable Android endpoint","NOT_STARTED",""
"ADR1-L0081","ADR0001","docs\adr\0001-foundation-architecture.md","line 81; section Dissenting views","Live watchdog thresholds can create false positives and battery regressions.","See implementation ledger and architecture module map","evidence/; module tests; conformance/","HOST_UNIT_STATIC; applicable Android endpoint","NOT_STARTED",""
"ADR1-L0087","ADR0001","docs\adr\0001-foundation-architecture.md","line 87; section Consequences","Crashpad and ANR feasibility are tested before broad API implementation.","See implementation ledger and architecture module map","evidence/; module tests; conformance/","HOST_UNIT_STATIC; applicable Android endpoint","NOT_STARTED",""
"ADR1-L0088","ADR0001","docs\adr\0001-foundation-architecture.md","line 88; section Consequences","One native handler process is part of the foundation resource budget.","See implementation ledger and architecture module map","evidence/; module tests; conformance/","HOST_UNIT_STATIC; applicable Android endpoint","NOT_STARTED",""
"ADR1-L0089","ADR0001","docs\adr\0001-foundation-architecture.md","line 89; section Consequences","Raw minidumps are not ordinary records and cannot enter Standard packages.","See implementation ledger and architecture module map","evidence/; module tests; conformance/","HOST_UNIT_STATIC; applicable Android endpoint","NOT_STARTED",""
"ADR1-L0090","ADR0001","docs\adr\0001-foundation-architecture.md","line 90; section Consequences","A minimal emergency path remains required.","See implementation ledger and architecture module map","evidence/; module tests; conformance/","HOST_UNIT_STATIC; applicable Android endpoint","NOT_STARTED",""
"ADR1-L0091","ADR0001","docs\adr\0001-foundation-architecture.md","line 91; section Consequences","The runtime architecture contains no transport abstraction.","See implementation ledger and architecture module map","evidence/; module tests; conformance/","HOST_UNIT_STATIC; applicable Android endpoint","NOT_STARTED",""
"ADR1-L0092","ADR0001","docs\adr\0001-foundation-architecture.md","line 92; section Consequences","Performance budgets and supported devices are evidence-based release claims.","See implementation ledger and architecture module map","evidence/; module tests; conformance/","HOST_UNIT_STATIC; applicable Android endpoint","NOT_STARTED",""
"ADR1-L0093","ADR0001","docs\adr\0001-foundation-architecture.md","line 93; section Consequences","Raw-artifact creation, retention, and export use one explicit lifecycle across minidumps, ANR traces, tombstones, and nonfatal snapshots.","See implementation ledger and architecture module map","evidence/; module tests; conformance/","HOST_UNIT_STATIC; applicable Android endpoint","NOT_STARTED",""
"ADR1-L0094","ADR0001","docs\adr\0001-foundation-architecture.md","line 94; section Consequences","Watchdog candidates and OS-confirmed exits remain distinct records with confidence-scored links.","See implementation ledger and architecture module map","evidence/; module tests; conformance/","HOST_UNIT_STATIC; applicable Android endpoint","NOT_STARTED",""
"ADR1-L0098","ADR0001","docs\adr\0001-foundation-architecture.md","line 98; section Related documents","`docs/architecture/tracebox-design.md`","See implementation ledger and architecture module map","evidence/; module tests; conformance/","HOST_UNIT_STATIC; applicable Android endpoint","NOT_STARTED",""
"ADR1-L0099","ADR0001","docs\adr\0001-foundation-architecture.md","line 99; section Related documents","`docs/implementation-plan.md`","See implementation ledger and architecture module map","evidence/; module tests; conformance/","HOST_UNIT_STATIC; applicable Android endpoint","NOT_STARTED",""
"ADR2-L0011","ADR0002","docs\adr\0002-crashpad-source-and-privacy-profile.md","line 11; section Decisions","Crashpad is pinned to upstream commit `efdc820b087c20eec9e32cb5e5b1a63dcf73a724`.","See implementation ledger and architecture module map","evidence/; module tests; conformance/","HOST_UNIT_STATIC; applicable Android endpoint","NOT_STARTED",""
"ADR2-L0012","ADR0002","docs\adr\0002-crashpad-source-and-privacy-profile.md","line 12; section Decisions","Source is acquired only from immutable `chromium.googlesource.com` commit archives. The byte size and SHA-256 of the archive and every required DEPS archive are locked and verified from the same read handle before extraction. A complete preflight rejects absolute paths, drive prefixes, traversal, duplicate paths, links, devices, FIFOs, and every entry type other than regular files and directories before the destination is created. Extracted trees and the complete post-patch checkout remain independently hash-verified.","See implementation ledger and architecture module map","evidence/; module tests; conformance/","HOST_UNIT_STATIC; applicable Android endpoint","NOT_STARTED",""
"ADR2-L0013","ADR0002","docs\adr\0002-crashpad-source-and-privacy-profile.md","line 13; section Decisions","Local patches are ordered files under `third_party/crashpad/patches/series`. A patch changes only Android build integration, uploader exclusion, hard bounds, page compatibility, or Tracebox capture hooks. Every patch records rationale, upstream status, and source-file hashes.","See implementation ledger and architecture module map","evidence/; module tests; conformance/","HOST_STATIC; API30_API37_RUNTIME; blocked-egress controls","NOT_STARTED",""
"ADR2-L0014","ADR0002","docs\adr\0002-crashpad-source-and-privacy-profile.md","line 14; section Decisions","Updating Crashpad requires a new reviewed pin, refreshed provenance and licenses, a clean patch rebase, and the complete Phase 0 feasibility matrix.","See implementation ledger and architecture module map","evidence/; module tests; conformance/","HOST_UNIT_STATIC; applicable Android endpoint","NOT_STARTED",""
"ADR2-L0018","ADR0002","docs\adr\0002-crashpad-source-and-privacy-profile.md","line 18; section Decisions","`ThreadListStream` with Crashpad's normal captured context and stack memory.","See implementation ledger and architecture module map","evidence/; module tests; conformance/","HOST_UNIT_STATIC; applicable Android endpoint","NOT_STARTED",""
"ADR2-L0019","ADR0002","docs\adr\0002-crashpad-source-and-privacy-profile.md","line 19; section Decisions","`ModuleListStream`.","See implementation ledger and architecture module map","evidence/; module tests; conformance/","HOST_UNIT_STATIC; applicable Android endpoint","NOT_STARTED",""
"ADR2-L0020","ADR0002","docs\adr\0002-crashpad-source-and-privacy-profile.md","line 20; section Decisions","`ExceptionStream`.","See implementation ledger and architecture module map","evidence/; module tests; conformance/","HOST_UNIT_STATIC; applicable Android endpoint","NOT_STARTED",""
"ADR2-L0021","ADR0002","docs\adr\0002-crashpad-source-and-privacy-profile.md","line 21; section Decisions","`SystemInfoStream`.","See implementation ledger and architecture module map","evidence/; module tests; conformance/","HOST_UNIT_STATIC; applicable Android endpoint","NOT_STARTED",""
"ADR2-L0022","ADR0002","docs\adr\0002-crashpad-source-and-privacy-profile.md","line 22; section Decisions","`MiscInfoStream`.","See implementation ledger and architecture module map","evidence/; module tests; conformance/","HOST_UNIT_STATIC; applicable Android endpoint","NOT_STARTED",""
"ADR2-L0023","ADR0002","docs\adr\0002-crashpad-source-and-privacy-profile.md","line 23; section Decisions","Crashpad Linux streams for `/proc/cpuinfo`, `/proc/status`, `/etc/lsb-release`, and mappings when emitted by the pinned Android implementation.","See implementation ledger and architecture module map","evidence/; module tests; conformance/","HOST_UNIT_STATIC; applicable Android endpoint","NOT_STARTED",""
"ADR2-L0024","ADR0002","docs\adr\0002-crashpad-source-and-privacy-profile.md","line 24; section Decisions","`UnloadedModuleListStream` when naturally emitted.","See implementation ledger and architecture module map","evidence/; module tests; conformance/","HOST_UNIT_STATIC; applicable Android endpoint","NOT_STARTED",""
"ADR2-L0030","ADR0002","docs\adr\0002-crashpad-source-and-privacy-profile.md","line 30; section Decisions","Raw storage is credential-encrypted app-private `noBackupFilesDir`, at most 8 artifacts and 16 MiB total. Enhanced-session TTL is 24 hours. Minimal/Standard transient artifacts have two extraction attempts and a ten-minute deadline, then are deleted under the precedence rules. A raw artifact is never Standard-package eligible.","See implementation ledger and architecture module map","evidence/; module tests; conformance/","HOST_UNIT_STATIC; applicable Android endpoint","NOT_STARTED",""
"ADR2-L0034","ADR0002","docs\adr\0002-crashpad-source-and-privacy-profile.md","line 34; section Rationale","The pin is current, immutable, Apache-2.0 licensed, and supports the required Android architecture. The fixed stream inventory preserves useful unwinding while treating all opaque memory as sensitive. The quotas are stricter than the package bounds and do not expand collection.","See implementation ledger and architecture module map","evidence/; module tests; conformance/","HOST_UNIT_STATIC; applicable Android endpoint","NOT_STARTED",""
"ADR3-L0011","ADR0003","docs\adr\0003-handler-topology-abi-and-coexistence.md","line 11; section Decisions","Production ABIs are `arm64-v8a` and `x86_64`.","See implementation ledger and architecture module map","evidence/; module tests; conformance/","API30_API37_X86_64_AND_ALL_AVAILABLE_ARM64; page-size cells where available","NOT_STARTED",""
"ADR3-L0012","ADR0003","docs\adr\0003-handler-topology-abi-and-coexistence.md","line 12; section Decisions","One non-exported Android service runs in `:tracebox_handler`. After minimal service bootstrap it enters the native handler loop and initializes no ordinary recorder or watchdog.","See implementation ledger and architecture module map","evidence/; module tests; conformance/","HOST_UNIT_STATIC; applicable Android endpoint","NOT_STARTED",""
"ADR3-L0013","ADR0003","docs\adr\0003-handler-topology-abi-and-coexistence.md","line 13; section Decisions","Crashpad transport and a separate bounded control channel use private same-UID local Unix sockets. Messages are fixed-size or length-prefixed with a 64 KiB hard maximum, peer credentials are verified, and queues are finite.","See implementation ledger and architecture module map","evidence/; module tests; conformance/","API30_API37_X86_64_AND_ALL_AVAILABLE_ARM64; page-size cells where available","NOT_STARTED",""
"ADR3-L0014","ADR0003","docs\adr\0003-handler-topology-abi-and-coexistence.md","line 14; section Decisions","Startup timeout is 2 seconds. Control operations time out after 500 ms. Nonfatal capture has a 2-second overall deadline and a 100 ms target-process-pause ceiling.","See implementation ledger and architecture module map","evidence/; module tests; conformance/","HOST_UNIT_STATIC; applicable Android endpoint","NOT_STARTED",""
"ADR3-L0015","ADR0003","docs\adr\0003-handler-topology-abi-and-coexistence.md","line 15; section Decisions","Socket closure is the death signal; no timer or polling detects liveness.","See implementation ledger and architecture module map","evidence/; module tests; conformance/","HOST_UNIT_STATIC; applicable Android endpoint","NOT_STARTED",""
"ADR3-L0016","ADR0003","docs\adr\0003-handler-topology-abi-and-coexistence.md","line 16; section Decisions","Reconnection occurs only on explicit initialization, foreground/component activation, capture, or package preparation.","See implementation ledger and architecture module map","evidence/; module tests; conformance/","HOST_UNIT_STATIC; applicable Android endpoint","NOT_STARTED",""
"ADR3-L0017","ADR0003","docs\adr\0003-handler-topology-abi-and-coexistence.md","line 17; section Decisions","At most three handler starts are attempted in a rolling ten-minute window. Exceeding the limit enters crash-loop `Degraded` until a later explicit lifecycle trigger outside the window.","See implementation ledger and architecture module map","evidence/; module tests; conformance/","HOST_UNIT_STATIC; applicable Android endpoint","NOT_STARTED",""
"ADR3-L0018","ADR0003","docs\adr\0003-handler-topology-abi-and-coexistence.md","line 18; section Decisions","A hung request is cancelled by closing its request channel. The client enters `Degraded` and retains the emergency path.","See implementation ledger and architecture module map","evidence/; module tests; conformance/","HOST_UNIT_STATIC; applicable Android endpoint","NOT_STARTED",""
"ADR3-L0019","ADR0003","docs\adr\0003-handler-topology-abi-and-coexistence.md","line 19; section Decisions","The default coexistence mode is `Exclusive`. `BestEffortChain` and `DisableOnConflict` remain explicit. `DisableOnConflict` is non-certifying.","See implementation ledger and architecture module map","evidence/; module tests; conformance/","HOST_UNIT_STATIC; applicable Android endpoint","NOT_STARTED",""
"ADR3-L0020","ADR0003","docs\adr\0003-handler-topology-abi-and-coexistence.md","line 20; section Decisions","Exactly one primary Crashpad result or one emergency fallback result is accepted per dispatch token. Chaining never reports a duplicate Tracebox capture.","See implementation ledger and architecture module map","evidence/; module tests; conformance/","HOST_UNIT_STATIC; applicable Android endpoint","NOT_STARTED",""
"ADR3-L0021","ADR0003","docs\adr\0003-handler-topology-abi-and-coexistence.md","line 21; section Decisions","There is no uploader, network dependency, maintenance timer, or transport abstraction.","See implementation ledger and architecture module map","evidence/; module tests; conformance/","HOST_STATIC; API30_API37_RUNTIME; blocked-egress controls","NOT_STARTED",""
"ADR4-L0015","ADR0004","docs\adr\0004-foundation-storage-schema-and-policy.md","line 15; section Decisions","schema/build fingerprint;","See implementation ledger and architecture module map","evidence/; module tests; conformance/","HOST_UNIT_STATIC; applicable Android endpoint","NOT_STARTED",""
"ADR4-L0016","ADR0004","docs\adr\0004-foundation-storage-schema-and-policy.md","line 16; section Decisions","process role and package-localizable process-instance reference;","See implementation ledger and architecture module map","evidence/; module tests; conformance/","HOST_UNIT_STATIC; applicable Android endpoint","NOT_STARTED",""
"ADR4-L0017","ADR0004","docs\adr\0004-foundation-storage-schema-and-policy.md","line 17; section Decisions","elapsed timestamp and wall-clock discontinuity flag;","See implementation ledger and architecture module map","evidence/; module tests; conformance/","HOST_UNIT_STATIC; applicable Android endpoint","NOT_STARTED",""
"ADR4-L0018","ADR0004","docs\adr\0004-foundation-storage-schema-and-policy.md","line 18; section Decisions","readiness transition code;","See implementation ledger and architecture module map","evidence/; module tests; conformance/","HOST_UNIT_STATIC; applicable Android endpoint","NOT_STARTED",""
"ADR4-L0019","ADR0004","docs\adr\0004-foundation-storage-schema-and-policy.md","line 19; section Decisions","signal/exit reason and bounded status code;","See implementation ledger and architecture module map","evidence/; module tests; conformance/","HOST_UNIT_STATIC; applicable Android endpoint","NOT_STARTED",""
"ADR4-L0020","ADR0004","docs\adr\0004-foundation-storage-schema-and-policy.md","line 20; section Decisions","emergency completion/checksum state;","See implementation ledger and architecture module map","evidence/; module tests; conformance/","HOST_UNIT_STATIC; applicable Android endpoint","NOT_STARTED",""
"ADR4-L0021","ADR0004","docs\adr\0004-foundation-storage-schema-and-policy.md","line 21; section Decisions","bounded drop, corruption, and evidence-loss counters;","See implementation ledger and architecture module map","evidence/; module tests; conformance/","HOST_FUZZ_SMOKE; nightly/certification duration per frozen protocol","NOT_STARTED",""
"ADR4-L0022","ADR0004","docs\adr\0004-foundation-storage-schema-and-policy.md","line 22; section Decisions","active/pending deny epoch and deny reason.","See implementation ledger and architecture module map","evidence/; module tests; conformance/","HOST_UNIT_STATIC; applicable Android endpoint","NOT_STARTED",""
"ADR4-L0028","ADR0004","docs\adr\0004-foundation-storage-schema-and-policy.md","line 28; section Decisions","numeric IDs are never reused;","See implementation ledger and architecture module map","evidence/; module tests; conformance/","HOST_UNIT_STATIC; applicable Android endpoint","NOT_STARTED",""
"ADR4-L0029","ADR0004","docs\adr\0004-foundation-storage-schema-and-policy.md","line 29; section Decisions","field meaning and privacy class never broaden under an existing ID;","See implementation ledger and architecture module map","evidence/; module tests; conformance/","HOST_UNIT_STATIC; applicable Android endpoint","NOT_STARTED",""
"ADR4-L0030","ADR0004","docs\adr\0004-foundation-storage-schema-and-policy.md","line 30; section Decisions","bounds may only tighten compatibly;","See implementation ledger and architecture module map","evidence/; module tests; conformance/","HOST_UNIT_STATIC; applicable Android endpoint","NOT_STARTED",""
"ADR4-L0031","ADR0004","docs\adr\0004-foundation-storage-schema-and-policy.md","line 31; section Decisions","incompatible changes require a new record/ABI version;","See implementation ledger and architecture module map","evidence/; module tests; conformance/","HOST_UNIT_STATIC; applicable Android endpoint","NOT_STARTED",""
"ADR4-L0032","ADR0004","docs\adr\0004-foundation-storage-schema-and-policy.md","line 32; section Decisions","release recording rejects unknown fields;","See implementation ledger and architecture module map","evidence/; module tests; conformance/","HOST_UNIT_STATIC; applicable Android endpoint","NOT_STARTED",""
"ADR4-L0033","ADR0004","docs\adr\0004-foundation-storage-schema-and-policy.md","line 33; section Decisions","compatibility decoders quarantine bounded unknown fields as non-exportable C2;","See implementation ledger and architecture module map","evidence/; module tests; conformance/","HOST_UNIT_STATIC; applicable Android endpoint","NOT_STARTED",""
"ADR4-L0034","ADR0004","docs\adr\0004-foundation-storage-schema-and-policy.md","line 34; section Decisions","generated Kotlin/C/Rust surfaces are the only recording APIs.","See implementation ledger and architecture module map","evidence/; module tests; conformance/","HOST_UNIT_STATIC; applicable Android endpoint","NOT_STARTED",""
"ADR4-L0038","ADR0004","docs\adr\0004-foundation-storage-schema-and-policy.md","line 38; section Decisions","`SUCCESS`: every required live or unverified participant crossed the target barrier;","See implementation ledger and architecture module map","evidence/; module tests; conformance/","HOST_UNIT_STATIC; applicable Android endpoint","NOT_STARTED",""
"ADR4-L0039","ADR0004","docs\adr\0004-foundation-storage-schema-and-policy.md","line 39; section Decisions","`LOCAL_ONLY_RESTRICTED`: caller applied a tightening locally but package-wide proof failed;","See implementation ledger and architecture module map","evidence/; module tests; conformance/","HOST_UNIT_STATIC; applicable Android endpoint","NOT_STARTED",""
"ADR4-L0040","ADR0004","docs\adr\0004-foundation-storage-schema-and-policy.md","line 40; section Decisions","`PARTIAL`: named participants failed or remained unverified;","See implementation ledger and architecture module map","evidence/; module tests; conformance/","HOST_UNIT_STATIC; applicable Android endpoint","NOT_STARTED",""
"ADR4-L0041","ADR0004","docs\adr\0004-foundation-storage-schema-and-policy.md","line 41; section Decisions","`FAILED`: no safe requested transition was committed.","See implementation ledger and architecture module map","evidence/; module tests; conformance/","HOST_UNIT_STATIC; applicable Android endpoint","NOT_STARTED",""
"ADR4-L0043","ADR0004","docs\adr\0004-foundation-storage-schema-and-policy.md","line 43; section Decisions","Ambiguity is restrictive. Loosening never returns local-only success. Deletion success requires the same global proof and no accessible in-scope Tracebox-owned data.","See implementation ledger and architecture module map","evidence/; module tests; conformance/","HOST_UNIT_STATIC; applicable Android endpoint","NOT_STARTED",""
"ADR4-L0047","ADR0004","docs\adr\0004-foundation-storage-schema-and-policy.md","line 47; section Rationale","These choices implement the accepted baseline without introducing the separately gated encryption milestone. Direct Boot cannot structurally admit C1/C2. Policy outcomes avoid a false global-success claim.","See implementation ledger and architecture module map","evidence/; module tests; conformance/","HOST_UNIT_STATIC; applicable Android endpoint","NOT_STARTED",""
"ADR5-L0011","ADR0005","docs\adr\0005-live-anr-thresholds-and-sampling.md","line 11; section Decisions","Foreground-interactive heartbeat interval: 2 seconds.","See implementation ledger and architecture module map","evidence/; module tests; conformance/","HOST_UNIT_STATIC; applicable Android endpoint","NOT_STARTED",""
"ADR5-L0012","ADR0005","docs\adr\0005-live-anr-thresholds-and-sampling.md","line 12; section Decisions","Foreground non-interactive interval: 5 seconds.","See implementation ledger and architecture module map","evidence/; module tests; conformance/","HOST_UNIT_STATIC; applicable Android endpoint","NOT_STARTED",""
"ADR5-L0013","ADR0005","docs\adr\0005-live-anr-thresholds-and-sampling.md","line 13; section Decisions","No eligible observable component: heartbeat and watchdog waits are suspended.","See implementation ledger and architecture module map","evidence/; module tests; conformance/","HOST_UNIT_STATIC; applicable Android endpoint","NOT_STARTED",""
"ADR5-L0014","ADR0005","docs\adr\0005-live-anr-thresholds-and-sampling.md","line 14; section Decisions","Suspected stall threshold: 3 seconds without acknowledgement.","See implementation ledger and architecture module map","evidence/; module tests; conformance/","HOST_UNIT_STATIC; applicable Android endpoint","NOT_STARTED",""
"ADR5-L0015","ADR0005","docs\adr\0005-live-anr-thresholds-and-sampling.md","line 15; section Decisions","Credible stall threshold: two missed acknowledgements and at least 5 seconds elapsed.","See implementation ledger and architecture module map","evidence/; module tests; conformance/","HOST_UNIT_STATIC; applicable Android endpoint","NOT_STARTED",""
"ADR5-L0016","ADR0005","docs\adr\0005-live-anr-thresholds-and-sampling.md","line 16; section Decisions","Startup grace: 10 seconds after `Application.onCreate`.","See implementation ledger and architecture module map","evidence/; module tests; conformance/","HOST_UNIT_STATIC; applicable Android endpoint","NOT_STARTED",""
"ADR5-L0017","ADR0005","docs\adr\0005-live-anr-thresholds-and-sampling.md","line 17; section Decisions","Resume/suspend grace: 10 seconds after a detected monotonic gap or lifecycle reactivation.","See implementation ledger and architecture module map","evidence/; module tests; conformance/","HOST_UNIT_STATIC; applicable Android endpoint","NOT_STARTED",""
"ADR5-L0018","ADR0005","docs\adr\0005-live-anr-thresholds-and-sampling.md","line 18; section Decisions","Debugger: candidate capture suppressed and counted separately.","See implementation ledger and architecture module map","evidence/; module tests; conformance/","HOST_UNIT_STATIC; applicable Android endpoint","NOT_STARTED",""
"ADR5-L0019","ADR0005","docs\adr\0005-live-anr-thresholds-and-sampling.md","line 19; section Decisions","Main-thread samples: at most 3, 250 ms apart, at most 64 frames and 8 KiB encoded per sample.","See implementation ledger and architecture module map","evidence/; module tests; conformance/","HOST_UNIT_STATIC; applicable Android endpoint","NOT_STARTED",""
"ADR5-L0020","ADR0005","docs\adr\0005-live-anr-thresholds-and-sampling.md","line 20; section Decisions","Nonfatal handler request: at most one per ten minutes per process.","See implementation ledger and architecture module map","evidence/; module tests; conformance/","HOST_UNIT_STATIC; applicable Android endpoint","NOT_STARTED",""
"ADR5-L0021","ADR0005","docs\adr\0005-live-anr-thresholds-and-sampling.md","line 21; section Decisions","Request deadline: 2 seconds; cancellation closes the request channel.","See implementation ledger and architecture module map","evidence/; module tests; conformance/","HOST_UNIT_STATIC; applicable Android endpoint","NOT_STARTED",""
"ADR5-L0022","ADR0005","docs\adr\0005-live-anr-thresholds-and-sampling.md","line 22; section Decisions","Maximum target-process pause: 100 ms.","See implementation ledger and architecture module map","evidence/; module tests; conformance/","HOST_UNIT_STATIC; applicable Android endpoint","NOT_STARTED",""
"ADR5-L0023","ADR0005","docs\adr\0005-live-anr-thresholds-and-sampling.md","line 23; section Decisions","Candidate body: at most 64 KiB; raw nonfatal artifact: at most 2 MiB.","See implementation ledger and architecture module map","evidence/; module tests; conformance/","API30_API37_X86_64_AND_ALL_AVAILABLE_ARM64; page-size cells where available","NOT_STARTED",""
"ADR5-L0027","ADR0005","docs\adr\0005-live-anr-thresholds-and-sampling.md","line 27; section Decisions","warmed heartbeat post work p99 below 50 microseconds;","See implementation ledger and architecture module map","evidence/; module tests; conformance/","HOST_UNIT_STATIC; applicable Android endpoint","NOT_STARTED",""
"ADR5-L0028","ADR0005","docs\adr\0005-live-anr-thresholds-and-sampling.md","line 28; section Decisions","watchdog CPU below 0.2% over a ten-minute eligible run;","See implementation ledger and architecture module map","evidence/; module tests; conformance/","HOST_UNIT_STATIC; applicable Android endpoint","NOT_STARTED",""
"ADR5-L0029","ADR0005","docs\adr\0005-live-anr-thresholds-and-sampling.md","line 29; section Decisions","at most 30 scheduling wakeups/minute while interactive;","See implementation ledger and architecture module map","evidence/; module tests; conformance/","HOST_UNIT_STATIC; applicable Android endpoint","NOT_STARTED",""
"ADR5-L0030","ADR0005","docs\adr\0005-live-anr-thresholds-and-sampling.md","line 30; section Decisions","zero watchdog/heartbeat wakeups during a ten-minute ineligible run after a 30-second settling window;","See implementation ledger and architecture module map","evidence/; module tests; conformance/","HOST_UNIT_STATIC; applicable Android endpoint","NOT_STARTED",""
"ADR5-L0031","ADR0005","docs\adr\0005-live-anr-thresholds-and-sampling.md","line 31; section Decisions","zero false candidates in sixty healthy minutes per engineering lane;","See implementation ledger and architecture module map","evidence/; module tests; conformance/","HOST_UNIT_STATIC; applicable Android endpoint","NOT_STARTED",""
"ADR5-L0032","ADR0005","docs\adr\0005-live-anr-thresholds-and-sampling.md","line 32; section Decisions","10/10 capture of deterministic six-second main-looper stalls per lane;","See implementation ledger and architecture module map","evidence/; module tests; conformance/","HOST_UNIT_STATIC; applicable Android endpoint","NOT_STARTED",""
"ADR5-L0033","ADR0005","docs\adr\0005-live-anr-thresholds-and-sampling.md","line 33; section Decisions","10/10 timeout/cancellation completion without deadlock when the handler is hung;","See implementation ledger and architecture module map","evidence/; module tests; conformance/","HOST_UNIT_STATIC; applicable Android endpoint","NOT_STARTED",""
"ADR5-L0034","ADR0005","docs\adr\0005-live-anr-thresholds-and-sampling.md","line 34; section Decisions","target pause p95 and maximum both at or below 100 ms;","See implementation ledger and architecture module map","evidence/; module tests; conformance/","HOST_UNIT_STATIC; applicable Android endpoint","NOT_STARTED",""
"ADR5-L0035","ADR0005","docs\adr\0005-live-anr-thresholds-and-sampling.md","line 35; section Decisions","exactly one nonfatal request in a ten-minute repeated-stall rate window.","See implementation ledger and architecture module map","evidence/; module tests; conformance/","HOST_UNIT_STATIC; applicable Android endpoint","NOT_STARTED",""
"ADR6-L0011","ADR0006","docs\adr\0006-deterministic-package-compression.md","line 11; section Decision","`.tbdiag` v1 uses ZIP method `STORED` for every entry. Entry content is already bounded, and avoiding DEFLATE removes compressor-version variance, expansion work, and crash/recovery complexity. CRC-32, sizes, canonical order, normalized paths, and deterministic DOS timestamps are written before approval. ZIP64, data descriptors, comments, unknown extras, nesting, and encryption are prohibited.","See implementation ledger and architecture module map","evidence/; module tests; conformance/","HOST_UNIT_STATIC; applicable Android endpoint","NOT_STARTED",""
"ADR6-L0017","ADR0006","docs\adr\0006-deterministic-package-compression.md","line 17; section Rationale","`STORED` is a valid deterministic compression choice and is the most reproducible, bounded, and reviewable option. It does not weaken privacy or expand package eligibility.","See implementation ledger and architecture module map","evidence/; module tests; conformance/","HOST_UNIT_STATIC; applicable Android endpoint","NOT_STARTED",""
"ADR7-L0009","ADR0007","docs\adr\0007-open-decision-closure.md","line 9; section Decision map","Open decision | Frozen in","See implementation ledger and architecture module map","evidence/; module tests; conformance/","HOST_UNIT_STATIC; applicable Android endpoint","NOT_STARTED",""
"ADR7-L0011","ADR0007","docs\adr\0007-open-decision-closure.md","line 11; section Decision map","1. Crashpad revision and patches | ADR-0002","See implementation ledger and architecture module map","evidence/; module tests; conformance/","HOST_UNIT_STATIC; applicable Android endpoint","NOT_STARTED",""
"ADR7-L0012","ADR0007","docs\adr\0007-open-decision-closure.md","line 12; section Decision map","2. Raw streams and memory ranges | ADR-0002","See implementation ledger and architecture module map","evidence/; module tests; conformance/","HOST_UNIT_STATIC; applicable Android endpoint","NOT_STARTED",""
"ADR7-L0013","ADR0007","docs\adr\0007-open-decision-closure.md","line 13; section Decision map","3. Handler lifecycle and IPC | ADR-0003","See implementation ledger and architecture module map","evidence/; module tests; conformance/","HOST_UNIT_STATIC; applicable Android endpoint","NOT_STARTED",""
"ADR7-L0014","ADR0007","docs\adr\0007-open-decision-closure.md","line 14; section Decision map","4. Coexistence default | ADR-0003","See implementation ledger and architecture module map","evidence/; module tests; conformance/","HOST_UNIT_STATIC; applicable Android endpoint","NOT_STARTED",""
"ADR7-L0015","ADR0007","docs\adr\0007-open-decision-closure.md","line 15; section Decision map","5. Production ABIs | ADR-0003","See implementation ledger and architecture module map","evidence/; module tests; conformance/","HOST_UNIT_STATIC; applicable Android endpoint","NOT_STARTED",""
"ADR7-L0016","ADR0007","docs\adr\0007-open-decision-closure.md","line 16; section Decision map","6. Pre-AEAD C1/C2 storage | ADR-0004","See implementation ledger and architecture module map","evidence/; module tests; conformance/","HOST_UNIT_STATIC; applicable Android endpoint","NOT_STARTED",""
"ADR7-L0017","ADR0007","docs\adr\0007-open-decision-closure.md","line 17; section Decision map","7. C0 Direct Boot schema | ADR-0004","See implementation ledger and architecture module map","evidence/; module tests; conformance/","HOST_UNIT_STATIC; applicable Android endpoint","NOT_STARTED",""
"ADR7-L0018","ADR0007","docs\adr\0007-open-decision-closure.md","line 18; section Decision map","8. Schema evolution | ADR-0004","See implementation ledger and architecture module map","evidence/; module tests; conformance/","HOST_UNIT_STATIC; applicable Android endpoint","NOT_STARTED",""
"ADR7-L0019","ADR0007","docs\adr\0007-open-decision-closure.md","line 19; section Decision map","9. ANR thresholds and caps | ADR-0005","See implementation ledger and architecture module map","evidence/; module tests; conformance/","HOST_UNIT_STATIC; applicable Android endpoint","NOT_STARTED",""
"ADR7-L0020","ADR0007","docs\adr\0007-open-decision-closure.md","line 20; section Decision map","10. Deterministic compression | ADR-0006","See implementation ledger and architecture module map","evidence/; module tests; conformance/","HOST_UNIT_STATIC; applicable Android endpoint","NOT_STARTED",""
"ADR7-L0021","ADR0007","docs\adr\0007-open-decision-closure.md","line 21; section Decision map","11. Raw quota and TTL | ADR-0002","See implementation ledger and architecture module map","evidence/; module tests; conformance/","HOST_UNIT_STATIC; applicable Android endpoint","NOT_STARTED",""
"ADR7-L0022","ADR0007","docs\adr\0007-open-decision-closure.md","line 22; section Decision map","12. Global policy outcomes | ADR-0004","See implementation ledger and architecture module map","evidence/; module tests; conformance/","HOST_UNIT_STATIC; applicable Android endpoint","NOT_STARTED",""
"ADR7-L0024","ADR0007","docs\adr\0007-open-decision-closure.md","line 24; section Decision map","All choices preserve API 30-37, the mandatory handler and live watchdog, fail closed on ambiguity, keep hard bounds at least as restrictive as the design, and do not expand collection, retention, disclosure, or export eligibility.","See implementation ledger and architecture module map","evidence/; module tests; conformance/","API30_API37_X86_64_AND_ALL_AVAILABLE_ARM64; page-size cells where available","NOT_STARTED",""
"ADR8-L0017","ADR0008","docs\adr\0008-engineering-feasibility-prerequisite-supersession.md","line 17; section Decision","The `ENGINEERING_FEASIBILITY_PASS` prerequisite is superseded only for permission to implement Phases 1–5.","docs/adr/0008-engineering-feasibility-prerequisite-supersession.md; docs/project/implementation-ledger.md; docs/project/phase0-feasibility-status.md","evidence/phase0/","PHASE0_GATE_DISPOSITION; PHASE1_5_IMPLEMENTATION_AUTHORIZATION","PASS",""
"ADR8-L0018","ADR0008","docs\adr\0008-engineering-feasibility-prerequisite-supersession.md","line 18; section Decision","Phases 1–5 may proceed at implementation risk despite the recorded Phase 0 failures.","docs/adr/0008-engineering-feasibility-prerequisite-supersession.md; docs/project/implementation-ledger.md; docs/project/phase0-feasibility-status.md","evidence/phase0/","PHASE0_GATE_DISPOSITION; PHASE1_5_IMPLEMENTATION_AUTHORIZATION","PASS",""
"ADR8-L0022","ADR0008","docs\adr\0008-engineering-feasibility-prerequisite-supersession.md","line 22; section Non-effects","Phase 0 remains `INCOMPLETE`; every recorded `FAIL` and `UNAVAILABLE_EXTERNAL` result retains that state.","docs/adr/0008-engineering-feasibility-prerequisite-supersession.md; docs/project/implementation-ledger.md; docs/project/phase0-feasibility-status.md","evidence/phase0/","PHASE0_GATE_DISPOSITION; PHASE1_5_IMPLEMENTATION_AUTHORIZATION","PASS",""
"ADR8-L0023","ADR0008","docs\adr\0008-engineering-feasibility-prerequisite-supersession.md","line 23; section Non-effects","No threshold, workload, required API/ABI/page-size lane, privacy rule, Crashpad requirement, live-ANR requirement, or evidence standard is relaxed.","docs/adr/0008-engineering-feasibility-prerequisite-supersession.md; docs/project/implementation-ledger.md; docs/project/phase0-feasibility-status.md","evidence/phase0/","PHASE0_GATE_DISPOSITION; PHASE1_5_IMPLEMENTATION_AUTHORIZATION","PASS",""
"ADR8-L0024","ADR0008","docs\adr\0008-engineering-feasibility-prerequisite-supersession.md","line 24; section Non-effects","The decision does not create `ENGINEERING_FEASIBILITY_PASS`, `CERTIFICATION_FEASIBILITY_PASS`, or `FOUNDATION_CERTIFIED`.","docs/adr/0008-engineering-feasibility-prerequisite-supersession.md; docs/project/implementation-ledger.md; docs/project/phase0-feasibility-status.md","evidence/phase0/","PHASE0_GATE_DISPOSITION; PHASE1_5_IMPLEMENTATION_AUTHORIZATION","PASS",""
"ADR8-L0025","ADR0008","docs\adr\0008-engineering-feasibility-prerequisite-supersession.md","line 25; section Non-effects","Certification remains impossible until all mandatory engineering and certification gates pass on their required matrix.","docs/adr/0008-engineering-feasibility-prerequisite-supersession.md; docs/project/implementation-ledger.md; docs/project/phase0-feasibility-status.md","evidence/phase0/","PHASE0_GATE_DISPOSITION; PHASE1_5_IMPLEMENTATION_AUTHORIZATION","PASS",""
"ADR8-L0026","ADR0008","docs\adr\0008-engineering-feasibility-prerequisite-supersession.md","line 26; section Non-effects","Downstream implementation must not cite this decision as evidence that a failed dependency works or that unavailable hardware passed.","docs/adr/0008-engineering-feasibility-prerequisite-supersession.md; docs/project/implementation-ledger.md; docs/project/phase0-feasibility-status.md","evidence/phase0/","PHASE0_GATE_DISPOSITION; PHASE1_5_IMPLEMENTATION_AUTHORIZATION","PASS",""
"ADR8-L0030","ADR0008","docs\adr\0008-engineering-feasibility-prerequisite-supersession.md","line 30; section Consequences","Later agents may begin and continue Phase 1–5 implementation without repeating the product-decision stop. They must preserve the Phase 0 evidence, carry the failed assumptions as explicit implementation risk, and rerun the required gates before making any certification claim.","docs/adr/0008-engineering-feasibility-prerequisite-supersession.md; docs/project/implementation-ledger.md; docs/project/phase0-feasibility-status.md","evidence/phase0/","PHASE0_GATE_DISPOSITION; PHASE1_5_IMPLEMENTATION_AUTHORIZATION","PASS",""
"ARCH-L0014","ARCH","docs\architecture\tracebox-design.md","line 14; section 1. Executive decision","generated, privacy-classified diagnostic events;","See implementation ledger and architecture module map","evidence/; module tests; conformance/","HOST_UNIT_STATIC; applicable Android endpoint","NOT_STARTED",""
"ARCH-L0015","ARCH","docs\architecture\tracebox-design.md","line 15; section 1. Executive decision","per-process append-only storage;","See implementation ledger and architecture module map","evidence/; module tests; conformance/","HOST_UNIT_STATIC; applicable Android endpoint","NOT_STARTED",""
"ARCH-L0016","ARCH","docs\architecture\tracebox-design.md","line 16; section 1. Executive decision","JVM crash capture;","See implementation ledger and architecture module map","evidence/; module tests; conformance/","HOST_UNIT_STATIC; applicable Android endpoint","NOT_STARTED",""
"ARCH-L0017","ARCH","docs\architecture\tracebox-design.md","line 17; section 1. Executive decision","capture-only Crashpad in one private native handler process;","See implementation ledger and architecture module map","evidence/; module tests; conformance/","HOST_UNIT_STATIC; applicable Android endpoint","NOT_STARTED",""
"ARCH-L0018","ARCH","docs\architecture\tracebox-design.md","line 18; section 1. Executive decision","a minimal async-signal-safe emergency writer;","See implementation ledger and architecture module map","evidence/; module tests; conformance/","HOST_UNIT_STATIC; applicable Android endpoint","NOT_STARTED",""
"ARCH-L0019","ARCH","docs\architecture\tracebox-design.md","line 19; section 1. Executive decision","live ANR stall detection;","See implementation ledger and architecture module map","evidence/; module tests; conformance/","HOST_UNIT_STATIC; applicable Android endpoint","NOT_STARTED",""
"ARCH-L0020","ARCH","docs\architecture\tracebox-design.md","line 20; section 1. Executive decision","post-restart `ApplicationExitInfo` reconciliation;","See implementation ledger and architecture module map","evidence/; module tests; conformance/","HOST_UNIT_STATIC; applicable Android endpoint","NOT_STARTED",""
"ARCH-L0021","ARCH","docs\architecture\tracebox-design.md","line 21; section 1. Executive decision","deterministic `.tbdiag` package creation;","See implementation ledger and architecture module map","evidence/; module tests; conformance/","HOST_UNIT_STATIC; applicable Android endpoint","NOT_STARTED",""
"ARCH-L0022","ARCH","docs\architecture\tracebox-design.md","line 22; section 1. Executive decision","offline validation, retracing, and native/Rust symbolication;","See implementation ledger and architecture module map","evidence/; module tests; conformance/","HOST_UNIT_STATIC; applicable Android endpoint","NOT_STARTED",""
"ARCH-L0023","ARCH","docs\architecture\tracebox-design.md","line 23; section 1. Executive decision","user-controlled save and share without an `INTERNET` permission.","See implementation ledger and architecture module map","evidence/; module tests; conformance/","HOST_STATIC; API30_API37_RUNTIME; blocked-egress controls","NOT_STARTED",""
"ARCH-L0025","ARCH","docs\architecture\tracebox-design.md","line 25; section 1. Executive decision","Crashpad and the live ANR watchdog are mandatory foundation capabilities. Metrics, distributed tracing, profiling, remote services, and automatic upload are not.","See implementation ledger and architecture module map","evidence/; module tests; conformance/","HOST_UNIT_STATIC; applicable Android endpoint","NOT_STARTED",""
"ARCH-L0029","ARCH","docs\architecture\tracebox-design.md","line 29; section 2. Goals","Preserve useful evidence for JVM, C/C++, Rust, and ANR failures.","See implementation ledger and architecture module map","evidence/; module tests; conformance/","HOST_UNIT_STATIC; applicable Android endpoint","NOT_STARTED",""
"ARCH-L0030","ARCH","docs\architecture\tracebox-design.md","line 30; section 2. Goals","Continue capturing when the application process is damaged.","See implementation ledger and architecture module map","evidence/; module tests; conformance/","HOST_UNIT_STATIC; applicable Android endpoint","NOT_STARTED",""
"ARCH-L0031","ARCH","docs\architecture\tracebox-design.md","line 31; section 2. Goals","Keep steady-state CPU, wakeups, memory, and disk usage tightly bounded.","See implementation ledger and architecture module map","evidence/; module tests; conformance/","HOST_UNIT_STATIC; applicable Android endpoint","NOT_STARTED",""
"ARCH-L0032","ARCH","docs\architecture\tracebox-design.md","line 32; section 2. Goals","Prevent unclassified values from entering ordinary diagnostic storage.","See implementation ledger and architecture module map","evidence/; module tests; conformance/","HOST_UNIT_STATIC; applicable Android endpoint","NOT_STARTED",""
"ARCH-L0033","ARCH","docs\architecture\tracebox-design.md","line 33; section 2. Goals","Give the user an exact preview of package content before export.","See implementation ledger and architecture module map","evidence/; module tests; conformance/","HOST_UNIT_STATIC; applicable Android endpoint","NOT_STARTED",""
"ARCH-L0034","ARCH","docs\architecture\tracebox-design.md","line 34; section 2. Goals","Work without Tracebox-owned networking or cloud infrastructure.","See implementation ledger and architecture module map","evidence/; module tests; conformance/","HOST_STATIC; API30_API37_RUNTIME; blocked-egress controls","NOT_STARTED",""
"ARCH-L0035","ARCH","docs\architecture\tracebox-design.md","line 35; section 2. Goals","Decode and symbolicate packages entirely offline.","See implementation ledger and architecture module map","evidence/; module tests; conformance/","HOST_UNIT_STATIC; applicable Android endpoint","NOT_STARTED",""
"ARCH-L0036","ARCH","docs\architecture\tracebox-design.md","line 36; section 2. Goals","Fail explicitly rather than silently degrading privacy or inventing diagnostic facts.","See implementation ledger and architecture module map","evidence/; module tests; conformance/","HOST_UNIT_STATIC; applicable Android endpoint","NOT_STARTED",""
"ARCH-L0040","ARCH","docs\architecture\tracebox-design.md","line 40; section 3. Non-goals","Product analytics, attribution, funnels, experimentation, or profiling users.","See implementation ledger and architecture module map","evidence/; module tests; conformance/","HOST_UNIT_STATIC; applicable Android endpoint","NOT_STARTED",""
"ARCH-L0041","ARCH","docs\architecture\tracebox-design.md","line 41; section 3. Non-goals","Uploading, retrying uploads, remote configuration, or remote activation.","See implementation ledger and architecture module map","evidence/; module tests; conformance/","HOST_UNIT_STATIC; applicable Android endpoint","NOT_STARTED",""
"ARCH-L0042","ARCH","docs\architecture\tracebox-design.md","line 42; section 3. Non-goals","Remote schema, key, symbol, decoder, or crash-report services.","See implementation ledger and architecture module map","evidence/; module tests; conformance/","HOST_UNIT_STATIC; applicable Android endpoint","NOT_STARTED",""
"ARCH-L0043","ARCH","docs\architecture\tracebox-design.md","line 43; section 3. Non-goals","Perfect capture after `SIGKILL`, power loss, kernel failure, or catastrophic corruption.","See implementation ledger and architecture module map","evidence/; module tests; conformance/","HOST_FUZZ_SMOKE; nightly/certification duration per frozen protocol","NOT_STARTED",""
"ARCH-L0044","ARCH","docs\architecture\tracebox-design.md","line 44; section 3. Non-goals","Isolation from trusted or compromised code running under the host application's UID.","See implementation ledger and architecture module map","evidence/; module tests; conformance/","HOST_UNIT_STATIC; applicable Android endpoint","NOT_STARTED",""
"ARCH-L0045","ARCH","docs\architecture\tracebox-design.md","line 45; section 3. Non-goals","Protection against a rooted or fully compromised device.","See implementation ledger and architecture module map","evidence/; module tests; conformance/","HOST_UNIT_STATIC; applicable Android endpoint","NOT_STARTED",""
"ARCH-L0046","ARCH","docs\architecture\tracebox-design.md","line 46; section 3. Non-goals","Guaranteed secure erasure from flash media.","See implementation ledger and architecture module map","evidence/; module tests; conformance/","HOST_UNIT_STATIC; applicable Android endpoint","NOT_STARTED",""
"ARCH-L0047","ARCH","docs\architecture\tracebox-design.md","line 47; section 3. Non-goals","Sender authenticity based on a private key embedded in the application.","See implementation ledger and architecture module map","evidence/; module tests; conformance/","HOST_UNIT_STATIC; applicable Android endpoint","NOT_STARTED",""
"ARCH-L0048","ARCH","docs\architecture\tracebox-design.md","line 48; section 3. Non-goals","Arbitrary attachments, screenshots, documents, request bodies, or heap dumps.","See implementation ledger and architecture module map","evidence/; module tests; conformance/","HOST_UNIT_STATIC; applicable Android endpoint","NOT_STARTED",""
"ARCH-L0049","ARCH","docs\architecture\tracebox-design.md","line 49; section 3. Non-goals","Treating a watchdog observation as an Android-confirmed ANR.","See implementation ledger and architecture module map","evidence/; module tests; conformance/","HOST_UNIT_STATIC; applicable Android endpoint","NOT_STARTED",""
"ARCH-L0053","ARCH","docs\architecture\tracebox-design.md","line 53; section 4. Architectural principles","**Capture facts first; interpret later.**","See implementation ledger and architecture module map","evidence/; module tests; conformance/","HOST_UNIT_STATIC; applicable Android endpoint","NOT_STARTED",""
"ARCH-L0054","ARCH","docs\architecture\tracebox-design.md","line 54; section 4. Architectural principles","**Crash-time work is fixed, bounded, and prearranged.**","See implementation ledger and architecture module map","evidence/; module tests; conformance/","HOST_UNIT_STATIC; applicable Android endpoint","NOT_STARTED",""
"ARCH-L0055","ARCH","docs\architecture\tracebox-design.md","line 55; section 4. Architectural principles","**Each application process owns its write path.**","See implementation ledger and architecture module map","evidence/; module tests; conformance/","HOST_UNIT_STATIC; applicable Android endpoint","NOT_STARTED",""
"ARCH-L0056","ARCH","docs\architecture\tracebox-design.md","line 56; section 4. Architectural principles","**Ordinary segments and bounded capture spools are authoritative; indexes are disposable.**","See implementation ledger and architecture module map","evidence/; module tests; conformance/","HOST_UNIT_STATIC; applicable Android endpoint","NOT_STARTED",""
"ARCH-L0057","ARCH","docs\architecture\tracebox-design.md","line 57; section 4. Architectural principles","**Privacy policy is evaluated before ordinary persistence.**","See implementation ledger and architecture module map","evidence/; module tests; conformance/","HOST_UNIT_STATIC; applicable Android endpoint","NOT_STARTED",""
"ARCH-L0058","ARCH","docs\architecture\tracebox-design.md","line 58; section 4. Architectural principles","**Raw Crashpad artifacts are quarantined sensitive evidence.**","See implementation ledger and architecture module map","evidence/; module tests; conformance/","HOST_UNIT_STATIC; applicable Android endpoint","NOT_STARTED",""
"ARCH-L0059","ARCH","docs\architecture\tracebox-design.md","line 59; section 4. Architectural principles","**A preview is generated from the exact bytes that may be exported.**","See implementation ledger and architecture module map","evidence/; module tests; conformance/","HOST_UNIT_STATIC; applicable Android endpoint","NOT_STARTED",""
"ARCH-L0060","ARCH","docs\architecture\tracebox-design.md","line 60; section 4. Architectural principles","**No networking abstraction exists in the runtime architecture.**","See implementation ledger and architecture module map","evidence/; module tests; conformance/","HOST_STATIC; API30_API37_RUNTIME; blocked-egress controls","NOT_STARTED",""
"ARCH-L0061","ARCH","docs\architecture\tracebox-design.md","line 61; section 4. Architectural principles","**Unsupported evidence remains raw and explicitly unresolved; it is never guessed.**","See implementation ledger and architecture module map","evidence/; module tests; conformance/","HOST_UNIT_STATIC; applicable Android endpoint","NOT_STARTED",""
"ARCH-L0062","ARCH","docs\architecture\tracebox-design.md","line 62; section 4. Architectural principles","**Measured evidence controls performance budgets and supported-device claims.**","See implementation ledger and architecture module map","evidence/; module tests; conformance/","HOST_UNIT_STATIC; applicable Android endpoint","NOT_STARTED",""
"ARCH-L0068","ARCH","docs\architecture\tracebox-design.md","line 68; section 5. Terminology","Process instance | One lifetime of one Android process, identified independently of PID reuse","specs/; schema/; tooling/schema-compiler/","evidence/; module tests; conformance/","HOST_UNIT_STATIC; applicable Android endpoint","NOT_STARTED",""
"ARCH-L0069","ARCH","docs\architecture\tracebox-design.md","line 69; section 5. Terminology","Handler | The private native process hosting capture-only Crashpad","specs/; schema/; tooling/schema-compiler/","evidence/; module tests; conformance/","HOST_UNIT_STATIC; applicable Android endpoint","NOT_STARTED",""
"ARCH-L0070","ARCH","docs\architecture\tracebox-design.md","line 70; section 5. Terminology","Emergency record | Fixed structural record written when Crashpad is unavailable or unsafe","specs/; schema/; tooling/schema-compiler/","evidence/; module tests; conformance/","HOST_UNIT_STATIC; applicable Android endpoint","NOT_STARTED",""
"ARCH-L0071","ARCH","docs\architecture\tracebox-design.md","line 71; section 5. Terminology","Stall observation | A delayed main-looper acknowledgement","specs/; schema/; tooling/schema-compiler/","evidence/; module tests; conformance/","HOST_UNIT_STATIC; applicable Android endpoint","NOT_STARTED",""
"ARCH-L0072","ARCH","docs\architecture\tracebox-design.md","line 72; section 5. Terminology","ANR candidate | Bounded evidence suggesting an ANR-like stall","specs/; schema/; tooling/schema-compiler/","evidence/; module tests; conformance/","HOST_UNIT_STATIC; applicable Android endpoint","NOT_STARTED",""
"ARCH-L0073","ARCH","docs\architecture\tracebox-design.md","line 73; section 5. Terminology","Confirmed ANR | An OS record with `ApplicationExitInfo.REASON_ANR`","specs/; schema/; tooling/schema-compiler/","evidence/; module tests; conformance/","HOST_UNIT_STATIC; applicable Android endpoint","NOT_STARTED",""
"ARCH-L0074","ARCH","docs\architecture\tracebox-design.md","line 74; section 5. Terminology","Structural summary | Allowlisted C0/C1 facts derived from a crash or ANR artifact","specs/; schema/; tooling/schema-compiler/","evidence/; module tests; conformance/","HOST_UNIT_STATIC; applicable Android endpoint","NOT_STARTED",""
"ARCH-L0075","ARCH","docs\architecture\tracebox-design.md","line 75; section 5. Terminology","Raw artifact | Opaque or memory-bearing evidence such as a minidump or system trace","specs/; schema/; tooling/schema-compiler/","evidence/; module tests; conformance/","HOST_UNIT_STATIC; applicable Android endpoint","NOT_STARTED",""
"ARCH-L0076","ARCH","docs\architecture\tracebox-design.md","line 76; section 5. Terminology","Snapshot | Immutable, transformed package content awaiting approval","specs/; schema/; tooling/schema-compiler/","evidence/; module tests; conformance/","HOST_UNIT_STATIC; applicable Android endpoint","NOT_STARTED",""
"ARCH-L0077","ARCH","docs\architecture\tracebox-design.md","line 77; section 5. Terminology","Foundation | Required functionality for the first supported release","specs/; schema/; tooling/schema-compiler/","evidence/; module tests; conformance/","HOST_UNIT_STATIC; applicable Android endpoint","NOT_STARTED",""
"ARCH-L0085","ARCH","docs\architecture\tracebox-design.md","line 85; section 6.1 Classes","C0 Essential | Low-risk structural facts needed for failure identification | Build IDs, signal, reason, ABI, bounded counters | Minimal Crash; Direct Boot eligible","See implementation ledger and architecture module map","evidence/; module tests; conformance/","HOST_UNIT_STATIC; applicable Android endpoint","NOT_STARTED",""
"ARCH-L0086","ARCH","docs\architecture\tracebox-design.md","line 86; section 6.1 Classes","C1 Operational | Bounded process/session diagnostic context | Generated outcomes, ephemeral correlation IDs, obfuscated frames | Standard Diagnostics","See implementation ledger and architecture module map","evidence/; module tests; conformance/","HOST_UNIT_STATIC; applicable Android endpoint","NOT_STARTED",""
"ARCH-L0087","ARCH","docs\architecture\tracebox-design.md","line 87; section 6.1 Classes","C2 Sensitive | Values or artifacts that may contain user/application content | Explicit text, paths, URLs, stack memory, raw minidumps | Enhanced session or explicit package selection","See implementation ledger and architecture module map","evidence/; module tests; conformance/","HOST_UNIT_STATIC; applicable Android endpoint","NOT_STARTED",""
"ARCH-L0088","ARCH","docs\architecture\tracebox-design.md","line 88; section 6.1 Classes","Prohibited | Secrets or unsuitable sources | Credentials, tokens, private keys, raw documents, payment data | No schema type or collection API","See implementation ledger and architecture module map","evidence/; module tests; conformance/","HOST_UNIT_STATIC; applicable Android endpoint","NOT_STARTED",""
"ARCH-L0092","ARCH","docs\architecture\tracebox-design.md","line 92; section 6.1 Classes","Unknown custom fields default to C2.","See implementation ledger and architecture module map","evidence/; module tests; conformance/","HOST_UNIT_STATIC; applicable Android endpoint","NOT_STARTED",""
"ARCH-L0093","ARCH","docs\architecture\tracebox-design.md","line 93; section 6.1 Classes","A prohibited source has no core collection API.","See implementation ledger and architecture module map","evidence/; module tests; conformance/","HOST_UNIT_STATIC; applicable Android endpoint","NOT_STARTED",""
"ARCH-L0094","ARCH","docs\architecture\tracebox-design.md","line 94; section 6.1 Classes","No arbitrary maps, labels, event names, `Any`, object serialization, or implicit `toString()`.","See implementation ledger and architecture module map","evidence/; module tests; conformance/","HOST_UNIT_STATIC; applicable Android endpoint","NOT_STARTED",""
"ARCH-L0095","ARCH","docs\architecture\tracebox-design.md","line 95; section 6.1 Classes","URL, path, filename, text, and structural symbol strings use separate bounded types.","See implementation ledger and architecture module map","evidence/; module tests; conformance/","HOST_UNIT_STATIC; applicable Android endpoint","NOT_STARTED",""
"ARCH-L0096","ARCH","docs\architecture\tracebox-design.md","line 96; section 6.1 Classes","Throwable messages are excluded by default.","See implementation ledger and architecture module map","evidence/; module tests; conformance/","HOST_UNIT_STATIC; applicable Android endpoint","NOT_STARTED",""
"ARCH-L0097","ARCH","docs\architecture\tracebox-design.md","line 97; section 6.1 Classes","Runtime secret-pattern checks are defense in depth, not a semantic guarantee.","See implementation ledger and architecture module map","evidence/; module tests; conformance/","HOST_UNIT_STATIC; applicable Android endpoint","NOT_STARTED",""
"ARCH-L0103","ARCH","docs\architecture\tracebox-design.md","line 103; section 6.2 Profiles","Disabled | No new diagnostic writes; invalidate snapshots and purge library-owned data","See implementation ledger and architecture module map","evidence/; module tests; conformance/","HOST_UNIT_STATIC; applicable Android endpoint","NOT_STARTED",""
"ARCH-L0104","ARCH","docs\architecture\tracebox-design.md","line 104; section 6.2 Profiles","Minimal Crash | C0/C1 crash core, emergency records, structural summaries, exit reconciliation","See implementation ledger and architecture module map","evidence/; module tests; conformance/","HOST_UNIT_STATIC; applicable Android endpoint","NOT_STARTED",""
"ARCH-L0105","ARCH","docs\architecture\tracebox-design.md","line 105; section 6.2 Profiles","Standard Diagnostics | Minimal plus generated events, handled errors, and bounded breadcrumbs","See implementation ledger and architecture module map","evidence/; module tests; conformance/","HOST_UNIT_STATIC; applicable Android endpoint","NOT_STARTED",""
"ARCH-L0106","ARCH","docs\architecture\tracebox-design.md","line 106; section 6.2 Profiles","Enhanced Diagnostic Session | Explicit, time-boxed C2 capture and raw-artifact eligibility","See implementation ledger and architecture module map","evidence/; module tests; conformance/","HOST_UNIT_STATIC; applicable Android endpoint","NOT_STARTED",""
"ARCH-L0107","ARCH","docs\architecture\tracebox-design.md","line 107; section 6.2 Profiles","Custom | Granular rules that cannot enable Prohibited data","See implementation ledger and architecture module map","evidence/; module tests; conformance/","HOST_UNIT_STATIC; applicable Android endpoint","NOT_STARTED",""
"ARCH-L0113","ARCH","docs\architecture\tracebox-design.md","line 113; section 6.3 Raw-artifact lifecycle","Crashpad minidumps;","See implementation ledger and architecture module map","evidence/; module tests; conformance/","HOST_UNIT_STATIC; applicable Android endpoint","NOT_STARTED",""
"ARCH-L0114","ARCH","docs\architecture\tracebox-design.md","line 114; section 6.3 Raw-artifact lifecycle","nonfatal Crashpad snapshots requested for an ANR candidate;","See implementation ledger and architecture module map","evidence/; module tests; conformance/","HOST_UNIT_STATIC; applicable Android endpoint","NOT_STARTED",""
"ARCH-L0115","ARCH","docs\architecture\tracebox-design.md","line 115; section 6.3 Raw-artifact lifecycle","raw `ApplicationExitInfo` ANR traces;","See implementation ledger and architecture module map","evidence/; module tests; conformance/","HOST_UNIT_STATIC; applicable Android endpoint","NOT_STARTED",""
"ARCH-L0116","ARCH","docs\architecture\tracebox-design.md","line 116; section 6.3 Raw-artifact lifecycle","raw native tombstone streams.","See implementation ledger and architecture module map","evidence/; module tests; conformance/","HOST_UNIT_STATIC; applicable Android endpoint","NOT_STARTED",""
"ARCH-L0120","ARCH","docs\architecture\tracebox-design.md","line 120; section 6.3 Raw-artifact lifecycle","Disabled | Prohibited | Purge pending and retained artifacts | None","See implementation ledger and architecture module map","evidence/; module tests; conformance/","HOST_UNIT_STATIC; applicable Android endpoint","NOT_STARTED",""
"ARCH-L0121","ARCH","docs\architecture\tracebox-design.md","line 121; section 6.3 Raw-artifact lifecycle","Minimal Crash | Permitted only as transient input to structural extraction | Delete only after the structural summary is durably committed; startup cleanup recovers interrupted handoff/deletion | Structural summary only","See implementation ledger and architecture module map","evidence/; module tests; conformance/","HOST_UNIT_STATIC; applicable Android endpoint","NOT_STARTED",""
"ARCH-L0122","ARCH","docs\architecture\tracebox-design.md","line 122; section 6.3 Raw-artifact lifecycle","Standard Diagnostics | Same as Minimal Crash | Same as Minimal Crash | Structural summary only","See implementation ledger and architecture module map","evidence/; module tests; conformance/","HOST_UNIT_STATIC; applicable Android endpoint","NOT_STARTED",""
"ARCH-L0123","ARCH","docs\architecture\tracebox-design.md","line 123; section 6.3 Raw-artifact lifecycle","Enhanced Diagnostic Session | Permitted | CE-only, short TTL and separate hard quota | Explicit per-artifact selection","See implementation ledger and architecture module map","evidence/; module tests; conformance/","HOST_UNIT_STATIC; applicable Android endpoint","NOT_STARTED",""
"ARCH-L0124","ARCH","docs\architecture\tracebox-design.md","line 124; section 6.3 Raw-artifact lifecycle","Custom | Controlled by an explicit C2 raw-artifact rule | Never longer or larger than hard platform limits | Explicit selection only","See implementation ledger and architecture module map","evidence/; module tests; conformance/","HOST_UNIT_STATIC; applicable Android endpoint","NOT_STARTED",""
"ARCH-L0150","ARCH","docs\architecture\tracebox-design.md","line 150; section 6.3 Raw-artifact lifecycle","The internal ID is never deliberately reused. It is mapped out-of-band in the handler journal to Crashpad's report UUID/path and is never placed in a Crashpad annotation, minidump stream, filename exposed to export, or opaque artifact bytes. Recovery always reuses the journaled identity and origin provenance. A Tracebox handler-generated raw file without a valid lifecycle journal has unverifiable provenance and is deleted without summary or export.","See implementation ledger and architecture module map","evidence/; module tests; conformance/","HOST_UNIT_STATIC; applicable Android endpoint","NOT_STARTED",""
"ARCH-L0152","ARCH","docs\architecture\tracebox-design.md","line 152; section 6.3 Raw-artifact lifecycle","Raw artifact and summary IDs are internal storage identities. Tracebox never intentionally encodes them in `.tbdiag` manifests, paths, generated records, annotations, or custom Crashpad streams. During snapshot transformation, records receive deterministic package-local sequential IDs based on canonical entry/record ordering. Cross-references inside one package use only those package-local IDs.","See implementation ledger and architecture module map","evidence/; module tests; conformance/","HOST_UNIT_STATIC; applicable Android endpoint","NOT_STARTED",""
"ARCH-L0154","ARCH","docs\architecture\tracebox-design.md","line 154; section 6.3 Raw-artifact lifecycle","Because opaque captured memory could coincidentally contain a known internal ID, selected raw artifacts are scanned for the binary ID and documented textual encodings of all live internal IDs. A match makes that raw artifact ineligible for export; Tracebox does not claim that arbitrary unknown transformations can be recognized.","See implementation ledger and architecture module map","evidence/; module tests; conformance/","HOST_UNIT_STATIC; applicable Android endpoint","NOT_STARTED",""
"ARCH-L0170","ARCH","docs\architecture\tracebox-design.md","line 170; section 6.3 Raw-artifact lifecycle","The active versioned extractor writes a canonical summary body to a bounded staging file. The body excludes internal IDs, digests, lengths, and derivation metadata.","See implementation ledger and architecture module map","evidence/; module tests; conformance/","HOST_UNIT_STATIC; applicable Android endpoint","NOT_STARTED",""
"ARCH-L0171","ARCH","docs\architecture\tracebox-design.md","line 171; section 6.3 Raw-artifact lifecycle","The staging file is flushed and its body length/content digest are computed.","See implementation ledger and architecture module map","evidence/; module tests; conformance/","HOST_UNIT_STATIC; applicable Android endpoint","NOT_STARTED",""
"ARCH-L0172","ARCH","docs\architecture\tracebox-design.md","line 172; section 6.3 Raw-artifact lifecycle","`summary_id` is derived from the raw ID, extractor version, schema fingerprint, and content digest.","See implementation ledger and architecture module map","evidence/; module tests; conformance/","HOST_UNIT_STATIC; applicable Android endpoint","NOT_STARTED",""
"ARCH-L0173","ARCH","docs\architecture\tracebox-design.md","line 173; section 6.3 Raw-artifact lifecycle","The artifact journal atomically stores the complete tuple, digest, length, ID, and staged-file reference.","See implementation ledger and architecture module map","evidence/; module tests; conformance/","HOST_UNIT_STATIC; applicable Android endpoint","NOT_STARTED",""
"ARCH-L0174","ARCH","docs\architecture\tracebox-design.md","line 174; section 6.3 Raw-artifact lifecycle","The spool appends a fixed envelope followed by those exact staged body bytes.","See implementation ledger and architecture module map","evidence/; module tests; conformance/","HOST_UNIT_STATIC; applicable Android endpoint","NOT_STARTED",""
"ARCH-L0176","ARCH","docs\architecture\tracebox-design.md","line 176; section 6.3 Raw-artifact lifecycle","Recovery after the journal commit never re-runs a different extractor: it reuses the staged bytes. A crash before the atomic journal commit leaves only an uncommitted temp file, which may be discarded and regenerated because no summary identity has yet been established. The summary contains both internal IDs and its content digest. Spool replay treats an existing `summary_id` as the same record rather than a second summary. A raw artifact reaches `summarized` only after the summary is durably appended and the artifact journal records commit completion.","See implementation ledger and architecture module map","evidence/; module tests; conformance/","HOST_UNIT_STATIC; applicable Android endpoint","NOT_STARTED",""
"ARCH-L0196","ARCH","docs\architecture\tracebox-design.md","line 196; section 6.3 Raw-artifact lifecycle","before append: retry the same deterministic ID;","See implementation ledger and architecture module map","evidence/; module tests; conformance/","HOST_UNIT_STATIC; applicable Android endpoint","NOT_STARTED",""
"ARCH-L0197","ARCH","docs\architecture\tracebox-design.md","line 197; section 6.3 Raw-artifact lifecycle","after append but before journal update: scan/replay finds the ID and repairs the journal;","See implementation ledger and architecture module map","evidence/; module tests; conformance/","HOST_UNIT_STATIC; applicable Android endpoint","NOT_STARTED",""
"ARCH-L0198","ARCH","docs\architecture\tracebox-design.md","line 198; section 6.3 Raw-artifact lifecycle","after journal update but before raw deletion: resume deletion;","See implementation ledger and architecture module map","evidence/; module tests; conformance/","HOST_UNIT_STATIC; applicable Android endpoint","NOT_STARTED",""
"ARCH-L0199","ARCH","docs\architecture\tracebox-design.md","line 199; section 6.3 Raw-artifact lifecycle","after raw deletion but before final journal update: the summary ID plus missing raw file completes recovery.","See implementation ledger and architecture module map","evidence/; module tests; conformance/","HOST_UNIT_STATIC; applicable Android endpoint","NOT_STARTED",""
"ARCH-L0201","ARCH","docs\architecture\tracebox-design.md","line 201; section 6.3 Raw-artifact lifecycle","Corrupt, unsupported, expired, or repeatedly failing artifacts become immediately ineligible and transition directly to deletion without a summary. Failed summary persistence retains the raw artifact within quota and retries at bounded recovery triggers; it does not delete the only evidence. Failed unlink/delete remains `delete_pending`, blocks new raw-artifact creation when its hard quota is exhausted, and is retried only at bounded startup, maintenance, and explicit deletion triggers. It never becomes package eligible.","See implementation ledger and architecture module map","evidence/; module tests; conformance/","HOST_FUZZ_SMOKE; nightly/certification duration per frozen protocol","NOT_STARTED",""
"ARCH-L0205","ARCH","docs\architecture\tracebox-design.md","line 205; section 6.3 Raw-artifact lifecycle","Prohibited/Disabled policy and user deletion override evidence retention; the raw artifact is deleted even if no summary can be committed.","See implementation ledger and architecture module map","evidence/; module tests; conformance/","HOST_UNIT_STATIC; applicable Android endpoint","NOT_STARTED",""
"ARCH-L0206","ARCH","docs\architecture\tracebox-design.md","line 206; section 6.3 Raw-artifact lifecycle","Hard quota and hard TTL override evidence retention after the fixed extraction attempt/deadline budget; deletion emits only a bounded non-sensitive evidence-loss health code.","See implementation ledger and architecture module map","evidence/; module tests; conformance/","HOST_UNIT_STATIC; applicable Android endpoint","NOT_STARTED",""
"ARCH-L0207","ARCH","docs\architecture\tracebox-design.md","line 207; section 6.3 Raw-artifact lifecycle","Corrupt or unsupported artifacts are deleted without summary.","See implementation ledger and architecture module map","evidence/; module tests; conformance/","HOST_FUZZ_SMOKE; nightly/certification duration per frozen protocol","NOT_STARTED",""
"ARCH-L0208","ARCH","docs\architecture\tracebox-design.md","line 208; section 6.3 Raw-artifact lifecycle","Within those bounds, durable structural-summary persistence precedes transient raw deletion.","See implementation ledger and architecture module map","evidence/; module tests; conformance/","HOST_UNIT_STATIC; applicable Android endpoint","NOT_STARTED",""
"ARCH-L0214","ARCH","docs\architecture\tracebox-design.md","line 214; section 6.3 Raw-artifact lifecycle","**Handler-generated**","See implementation ledger and architecture module map","evidence/; module tests; conformance/","HOST_UNIT_STATIC; applicable Android endpoint","NOT_STARTED",""
"ARCH-L0215","ARCH","docs\architecture\tracebox-design.md","line 215; section 6.3 Raw-artifact lifecycle","Crashpad fatal minidump or requested nonfatal snapshot.","See implementation ledger and architecture module map","evidence/; module tests; conformance/","HOST_UNIT_STATIC; applicable Android endpoint","NOT_STARTED",""
"ARCH-L0216","ARCH","docs\architecture\tracebox-design.md","line 216; section 6.3 Raw-artifact lifecycle","Uses the pre-capture lifecycle journal with exact origin process/role and accepted policy epoch.","See implementation ledger and architecture module map","evidence/; module tests; conformance/","HOST_UNIT_STATIC; applicable Android endpoint","NOT_STARTED",""
"ARCH-L0218","ARCH","docs\architecture\tracebox-design.md","line 218; section 6.3 Raw-artifact lifecycle","**OS-imported**","See implementation ledger and architecture module map","evidence/; module tests; conformance/","HOST_UNIT_STATIC; applicable Android endpoint","NOT_STARTED",""
"ARCH-L0219","ARCH","docs\architecture\tracebox-design.md","line 219; section 6.3 Raw-artifact lifecycle","`ApplicationExitInfo` ANR trace or native tombstone stream.","See implementation ledger and architecture module map","evidence/; module tests; conformance/","HOST_UNIT_STATIC; applicable Android endpoint","NOT_STARTED",""
"ARCH-L0220","ARCH","docs\architecture\tracebox-design.md","line 220; section 6.3 Raw-artifact lifecycle","Android owns creation and retention; Tracebox cannot pre-journal it.","See implementation ledger and architecture module map","evidence/; module tests; conformance/","HOST_UNIT_STATIC; applicable Android endpoint","NOT_STARTED",""
"ARCH-L0221","ARCH","docs\architecture\tracebox-design.md","line 221; section 6.3 Raw-artifact lifecycle","A stable source key is derived from documented exit fields: package/process name, defining UID, PID, timestamp, reason, status, importance, process-state-summary digest, and artifact kind.","See implementation ledger and architecture module map","evidence/; module tests; conformance/","HOST_UNIT_STATIC; applicable Android endpoint","NOT_STARTED",""
"ARCH-L0222","ARCH","docs\architecture\tracebox-design.md","line 222; section 6.3 Raw-artifact lifecycle","Before copying bytes into Tracebox storage, the reconciler creates or reuses a journal keyed by that source key. It contains one random raw artifact ID, acquisition policy epoch, exit-record metadata, optional matched process provenance, and link confidence.","See implementation ledger and architecture module map","evidence/; module tests; conformance/","HOST_UNIT_STATIC; applicable Android endpoint","NOT_STARTED",""
"ARCH-L0223","ARCH","docs\architecture\tracebox-design.md","line 223; section 6.3 Raw-artifact lifecycle","Raw stream import requires a valid process-state-summary token that maps to a known process instance and capture-time policy epoch where OS raw import was enabled.","See implementation ledger and architecture module map","evidence/; module tests; conformance/","HOST_UNIT_STATIC; applicable Android endpoint","NOT_STARTED",""
"ARCH-L0224","ARCH","docs\architecture\tracebox-design.md","line 224; section 6.3 Raw-artifact lifecycle","Current policy must also permit the import. If either capture-time or current eligibility is absent, Tracebox records only approved structural exit metadata and does not copy raw bytes.","See implementation ledger and architecture module map","evidence/; module tests; conformance/","HOST_UNIT_STATIC; applicable Android endpoint","NOT_STARTED",""
"ARCH-L0225","ARCH","docs\architecture\tracebox-design.md","line 225; section 6.3 Raw-artifact lifecycle","Unmatched or ambiguous OS exits never import raw C2 streams.","See implementation ledger and architecture module map","evidence/; module tests; conformance/","HOST_UNIT_STATIC; applicable Android endpoint","NOT_STARTED",""
"ARCH-L0242","ARCH","docs\architecture\tracebox-design.md","line 242; section 6.3 Raw-artifact lifecycle","Tracebox does not use a monotonic OS-history watermark. `ApplicationExitInfo` history is bounded and may be reordered, so every reconciliation rescans the available bounded history and consults a source-key ledger.","See implementation ledger and architecture module map","evidence/; module tests; conformance/","HOST_UNIT_STATIC; applicable Android endpoint","NOT_STARTED",""
"ARCH-L0244","ARCH","docs\architecture\tracebox-design.md","line 244; section 6.3 Raw-artifact lifecycle","The ledger records `pending`, `stored`, or a durable terminal skip reason. Recovery reuses the source-key journal and raw artifact ID. Partial temp copies are validated and resumed or discarded; they never become complete artifacts. If the OS stream disappears before completion, the journal records `source_unavailable` and no artifact is invented. A source-key collision with incompatible metadata is treated as ambiguous and skipped.","See implementation ledger and architecture module map","evidence/; module tests; conformance/","HOST_UNIT_STATIC; applicable Android endpoint","NOT_STARTED",""
"ARCH-L0246","ARCH","docs\architecture\tracebox-design.md","line 246; section 6.3 Raw-artifact lifecycle","Equal timestamps, pagination/reordering, and late-visible sources are safe because processing is source-key based rather than cursor based. Terminal source keys are retained as compact exact tombstones for the lifetime of the Tracebox installation. They are not evicted based on visibility, time, reboot, or ordering assumptions. Tombstone storage has a hard entry/byte cap; when exhausted, Tracebox disables new OS raw-stream imports and reports degradation rather than evicting a key and risking duplicate or deletion backfill. Pending entries are never compacted away.","See implementation ledger and architecture module map","evidence/; module tests; conformance/","HOST_UNIT_STATIC; applicable Android endpoint","NOT_STARTED",""
"ARCH-L0248","ARCH","docs\architecture\tracebox-design.md","line 248; section 6.3 Raw-artifact lifecycle","On handler or application restart, artifacts not eligible for retention resume extraction or deletion before accepting new raw-artifact work. A process death can delay physical deletion but cannot convert a transient artifact into an export-eligible artifact.","See implementation ledger and architecture module map","evidence/; module tests; conformance/","API30_API37_X86_64_AND_ALL_AVAILABLE_ARM64; page-size cells where available","NOT_STARTED",""
"ARCH-L0252","ARCH","docs\architecture\tracebox-design.md","line 252; section 6.4 Crashpad privacy boundary","Useful native post-mortem unwinding normally requires stack memory. A raw Crashpad minidump therefore cannot be treated as an ordinary allowlisted record.","native/; android/tracebox-native/; android/tracebox-anr-exit/","evidence/phase0/; benchmarks/; test-apps/","HOST_UNIT_STATIC; applicable Android endpoint","NOT_STARTED",""
"ARCH-L0256","ARCH","docs\architecture\tracebox-design.md","line 256; section 6.4 Crashpad privacy boundary","**Structural summary**","native/; android/tracebox-native/; android/tracebox-anr-exit/","evidence/phase0/; benchmarks/; test-apps/","HOST_UNIT_STATIC; applicable Android endpoint","NOT_STARTED",""
"ARCH-L0257","ARCH","docs\architecture\tracebox-design.md","line 257; section 6.4 Crashpad privacy boundary","Generated from reviewed minidump streams.","native/; android/tracebox-native/; android/tracebox-anr-exit/","evidence/phase0/; benchmarks/; test-apps/","HOST_UNIT_STATIC; applicable Android endpoint","NOT_STARTED",""
"ARCH-L0258","ARCH","docs\architecture\tracebox-design.md","line 258; section 6.4 Crashpad privacy boundary","Contains exception metadata, generated thread-role identifiers, module build IDs, and normalized module-relative instruction/frame addresses.","native/; android/tracebox-native/; android/tracebox-anr-exit/","evidence/phase0/; benchmarks/; test-apps/","HOST_UNIT_STATIC; applicable Android endpoint","NOT_STARTED",""
"ARCH-L0259","ARCH","docs\architecture\tracebox-design.md","line 259; section 6.4 Crashpad privacy boundary","Excludes raw general-purpose registers, raw stack pointers, stack bytes, memory ranges, and arbitrary annotations.","native/; android/tracebox-native/; android/tracebox-anr-exit/","evidence/phase0/; benchmarks/; test-apps/","HOST_UNIT_STATIC; applicable Android endpoint","NOT_STARTED",""
"ARCH-L0260","ARCH","docs\architecture\tracebox-design.md","line 260; section 6.4 Crashpad privacy boundary","Classified C0/C1.","native/; android/tracebox-native/; android/tracebox-anr-exit/","evidence/phase0/; benchmarks/; test-apps/","HOST_UNIT_STATIC; applicable Android endpoint","NOT_STARTED",""
"ARCH-L0261","ARCH","docs\architecture\tracebox-design.md","line 261; section 6.4 Crashpad privacy boundary","Eligible for Minimal Crash and normal package workflows.","native/; android/tracebox-native/; android/tracebox-anr-exit/","evidence/phase0/; benchmarks/; test-apps/","HOST_UNIT_STATIC; applicable Android endpoint","NOT_STARTED",""
"ARCH-L0263","ARCH","docs\architecture\tracebox-design.md","line 263; section 6.4 Crashpad privacy boundary","**Raw minidump**","native/; android/tracebox-native/; android/tracebox-anr-exit/","evidence/phase0/; benchmarks/; test-apps/","HOST_UNIT_STATIC; applicable Android endpoint","NOT_STARTED",""
"ARCH-L0264","ARCH","docs\architecture\tracebox-design.md","line 264; section 6.4 Crashpad privacy boundary","May contain stack memory and other opaque values.","native/; android/tracebox-native/; android/tracebox-anr-exit/","evidence/phase0/; benchmarks/; test-apps/","HOST_UNIT_STATIC; applicable Android endpoint","NOT_STARTED",""
"ARCH-L0265","ARCH","docs\architecture\tracebox-design.md","line 265; section 6.4 Crashpad privacy boundary","Classified C2 as a whole.","native/; android/tracebox-native/; android/tracebox-anr-exit/","evidence/phase0/; benchmarks/; test-apps/","HOST_UNIT_STATIC; applicable Android endpoint","NOT_STARTED",""
"ARCH-L0266","ARCH","docs\architecture\tracebox-design.md","line 266; section 6.4 Crashpad privacy boundary","Stored only in credential-encrypted app-private storage.","native/; android/tracebox-native/; android/tracebox-anr-exit/","evidence/phase0/; benchmarks/; test-apps/","HOST_UNIT_STATIC; applicable Android endpoint","NOT_STARTED",""
"ARCH-L0267","ARCH","docs\architecture\tracebox-design.md","line 267; section 6.4 Crashpad privacy boundary","Has a separate, short quota and retention period.","native/; android/tracebox-native/; android/tracebox-anr-exit/","evidence/phase0/; benchmarks/; test-apps/","HOST_UNIT_STATIC; applicable Android endpoint","NOT_STARTED",""
"ARCH-L0268","ARCH","docs\architecture\tracebox-design.md","line 268; section 6.4 Crashpad privacy boundary","Is never included in a Standard package.","native/; android/tracebox-native/; android/tracebox-anr-exit/","evidence/phase0/; benchmarks/; test-apps/","HOST_UNIT_STATIC; applicable Android endpoint","NOT_STARTED",""
"ARCH-L0269","ARCH","docs\architecture\tracebox-design.md","line 269; section 6.4 Crashpad privacy boundary","Requires explicit Enhanced selection and a prominent disclosure warning.","native/; android/tracebox-native/; android/tracebox-anr-exit/","evidence/phase0/; benchmarks/; test-apps/","HOST_UNIT_STATIC; applicable Android endpoint","NOT_STARTED",""
"ARCH-L0271","ARCH","docs\architecture\tracebox-design.md","line 271; section 6.4 Crashpad privacy boundary","Tracebox does not claim that it can prove a raw artifact contains no secret.","native/; android/tracebox-native/; android/tracebox-anr-exit/","evidence/phase0/; benchmarks/; test-apps/","HOST_UNIT_STATIC; applicable Android endpoint","NOT_STARTED",""
"ARCH-L0273","ARCH","docs\architecture\tracebox-design.md","line 273; section 6.4 Crashpad privacy boundary","Every structural-summary field must pass seeded-secret negative tests. A value is not safe merely because it is fixed-width.","native/; android/tracebox-native/; android/tracebox-anr-exit/","evidence/phase0/; benchmarks/; test-apps/","HOST_UNIT_STATIC; applicable Android endpoint","NOT_STARTED",""
"ARCH-L0318","ARCH","docs\architecture\tracebox-design.md","line 318; section 8.1 Application processes","a process-instance ID;","See implementation ledger and architecture module map","evidence/; module tests; conformance/","HOST_UNIT_STATIC; applicable Android endpoint","NOT_STARTED",""
"ARCH-L0319","ARCH","docs\architecture\tracebox-design.md","line 319; section 8.1 Application processes","policy generation and generated schema;","See implementation ledger and architecture module map","evidence/; module tests; conformance/","HOST_UNIT_STATIC; applicable Android endpoint","NOT_STARTED",""
"ARCH-L0320","ARCH","docs\architecture\tracebox-design.md","line 320; section 8.1 Application processes","bounded queues and breadcrumbs;","See implementation ledger and architecture module map","evidence/; module tests; conformance/","HOST_UNIT_STATIC; applicable Android endpoint","NOT_STARTED",""
"ARCH-L0321","ARCH","docs\architecture\tracebox-design.md","line 321; section 8.1 Application processes","active and sealed segment files;","See implementation ledger and architecture module map","evidence/; module tests; conformance/","HOST_UNIT_STATIC; applicable Android endpoint","NOT_STARTED",""
"ARCH-L0322","ARCH","docs\architecture\tracebox-design.md","line 322; section 8.1 Application processes","one emergency-record reserve;","See implementation ledger and architecture module map","evidence/; module tests; conformance/","HOST_UNIT_STATIC; applicable Android endpoint","NOT_STARTED",""
"ARCH-L0323","ARCH","docs\architecture\tracebox-design.md","line 323; section 8.1 Application processes","Crashpad client registration;","See implementation ledger and architecture module map","evidence/; module tests; conformance/","HOST_UNIT_STATIC; applicable Android endpoint","NOT_STARTED",""
"ARCH-L0324","ARCH","docs\architecture\tracebox-design.md","line 324; section 8.1 Application processes","a live ANR watchdog only when that process has eligible Android components.","See implementation ledger and architecture module map","evidence/; module tests; conformance/","HOST_UNIT_STATIC; applicable Android endpoint","NOT_STARTED",""
"ARCH-L0334","ARCH","docs\architecture\tracebox-design.md","line 334; section 8.2 Handler process","Same UID as the application; no isolation claim.","native/; android/tracebox-native/; android/tracebox-anr-exit/","evidence/phase0/; benchmarks/; test-apps/","HOST_UNIT_STATIC; applicable Android endpoint","NOT_STARTED",""
"ARCH-L0335","ARCH","docs\architecture\tracebox-design.md","line 335; section 8.2 Handler process","Native-only after minimal Android service bootstrap.","native/; android/tracebox-native/; android/tracebox-anr-exit/","evidence/phase0/; benchmarks/; test-apps/","HOST_UNIT_STATIC; applicable Android endpoint","NOT_STARTED",""
"ARCH-L0336","ARCH","docs\architecture\tracebox-design.md","line 336; section 8.2 Handler process","Hosts capture-only Crashpad and bounded local IPC.","native/; android/tracebox-native/; android/tracebox-anr-exit/","evidence/phase0/; benchmarks/; test-apps/","HOST_UNIT_STATIC; applicable Android endpoint","NOT_STARTED",""
"ARCH-L0337","ARCH","docs\architecture\tracebox-design.md","line 337; section 8.2 Handler process","Blocks waiting for client or capture events.","native/; android/tracebox-native/; android/tracebox-anr-exit/","evidence/phase0/; benchmarks/; test-apps/","HOST_UNIT_STATIC; applicable Android endpoint","NOT_STARTED",""
"ARCH-L0338","ARCH","docs\architecture\tracebox-design.md","line 338; section 8.2 Handler process","Performs no periodic polling, upload, DNS, HTTP, remote configuration, or scheduled maintenance.","native/; android/tracebox-native/; android/tracebox-anr-exit/","evidence/phase0/; benchmarks/; test-apps/","HOST_UNIT_STATIC; applicable Android endpoint","NOT_STARTED",""
"ARCH-L0339","ARCH","docs\architecture\tracebox-design.md","line 339; section 8.2 Handler process","Does not initialize ordinary Tracebox recording.","native/; android/tracebox-native/; android/tracebox-anr-exit/","evidence/phase0/; benchmarks/; test-apps/","HOST_UNIT_STATIC; applicable Android endpoint","NOT_STARTED",""
"ARCH-L0340","ARCH","docs\architecture\tracebox-design.md","line 340; section 8.2 Handler process","Does not run its own ANR watchdog.","native/; android/tracebox-native/; android/tracebox-anr-exit/","evidence/phase0/; benchmarks/; test-apps/","HOST_UNIT_STATIC; applicable Android endpoint","NOT_STARTED",""
"ARCH-L0341","ARCH","docs\architecture\tracebox-design.md","line 341; section 8.2 Handler process","Attributes every artifact to the originating process instance and quota.","native/; android/tracebox-native/; android/tracebox-anr-exit/","evidence/phase0/; benchmarks/; test-apps/","HOST_UNIT_STATIC; applicable Android endpoint","NOT_STARTED",""
"ARCH-L0342","ARCH","docs\architecture\tracebox-design.md","line 342; section 8.2 Handler process","Owns a bounded append-only structural-summary spool for handler-derived C0/C1 records.","native/; android/tracebox-native/; android/tracebox-anr-exit/","evidence/phase0/; benchmarks/; test-apps/","HOST_UNIT_STATIC; applicable Android endpoint","NOT_STARTED",""
"ARCH-L0348","ARCH","docs\architecture\tracebox-design.md","line 348; section 8.2 Handler process","Append the summary ID and record to the target process-role segment.","native/; android/tracebox-native/; android/tracebox-anr-exit/","evidence/phase0/; benchmarks/; test-apps/","HOST_UNIT_STATIC; applicable Android endpoint","NOT_STARTED",""
"ARCH-L0349","ARCH","docs\architecture\tracebox-design.md","line 349; section 8.2 Handler process","Flush/seal according to the target durability contract.","native/; android/tracebox-native/; android/tracebox-anr-exit/","evidence/phase0/; benchmarks/; test-apps/","HOST_UNIT_STATIC; applicable Android endpoint","NOT_STARTED",""
"ARCH-L0350","ARCH","docs\architecture\tracebox-design.md","line 350; section 8.2 Handler process","Persist an import acknowledgement containing source spool ID, target segment ID, offset, and summary ID.","native/; android/tracebox-native/; android/tracebox-anr-exit/","evidence/phase0/; benchmarks/; test-apps/","HOST_UNIT_STATIC; applicable Android endpoint","NOT_STARTED",""
"ARCH-L0351","ARCH","docs\architecture\tracebox-design.md","line 351; section 8.2 Handler process","Only then tombstone or retire the source spool record.","native/; android/tracebox-native/; android/tracebox-anr-exit/","evidence/phase0/; benchmarks/; test-apps/","HOST_UNIT_STATIC; applicable Android endpoint","NOT_STARTED",""
"ARCH-L0355","ARCH","docs\architecture\tracebox-design.md","line 355; section 8.2 Handler process","before target append: retry;","native/; android/tracebox-native/; android/tracebox-anr-exit/","evidence/phase0/; benchmarks/; test-apps/","HOST_UNIT_STATIC; applicable Android endpoint","NOT_STARTED",""
"ARCH-L0356","ARCH","docs\architecture\tracebox-design.md","line 356; section 8.2 Handler process","after target append but before acknowledgement: scan by summary ID and create the acknowledgement;","native/; android/tracebox-native/; android/tracebox-anr-exit/","evidence/phase0/; benchmarks/; test-apps/","HOST_UNIT_STATIC; applicable Android endpoint","NOT_STARTED",""
"ARCH-L0357","ARCH","docs\architecture\tracebox-design.md","line 357; section 8.2 Handler process","after acknowledgement but before source retirement: retire the source;","native/; android/tracebox-native/; android/tracebox-anr-exit/","evidence/phase0/; benchmarks/; test-apps/","HOST_UNIT_STATIC; applicable Android endpoint","NOT_STARTED",""
"ARCH-L0358","ARCH","docs\architecture\tracebox-design.md","line 358; section 8.2 Handler process","duplicate source and target records are deduplicated by summary ID.","native/; android/tracebox-native/; android/tracebox-anr-exit/","evidence/phase0/; benchmarks/; test-apps/","HOST_UNIT_STATIC; applicable Android endpoint","NOT_STARTED",""
"ARCH-L0360","ARCH","docs\architecture\tracebox-design.md","line 360; section 8.2 Handler process","The spool remains authoritative until the durable acknowledgement exists. Source retirement can never delete the only durable summary.","native/; android/tracebox-native/; android/tracebox-anr-exit/","evidence/phase0/; benchmarks/; test-apps/","HOST_UNIT_STATIC; applicable Android endpoint","NOT_STARTED",""
"ARCH-L0372","ARCH","docs\architecture\tracebox-design.md","line 372; section 8.3 Initialization","immutable generated configuration;","See implementation ledger and architecture module map","evidence/; module tests; conformance/","HOST_UNIT_STATIC; applicable Android endpoint","NOT_STARTED",""
"ARCH-L0373","ARCH","docs\architecture\tracebox-design.md","line 373; section 8.3 Initialization","the JVM uncaught-exception wrapper;","See implementation ledger and architecture module map","evidence/; module tests; conformance/","HOST_UNIT_STATIC; applicable Android endpoint","NOT_STARTED",""
"ARCH-L0374","ARCH","docs\architecture\tracebox-design.md","line 374; section 8.3 Initialization","volatile breadcrumb storage;","See implementation ledger and architecture module map","evidence/; module tests; conformance/","HOST_UNIT_STATIC; applicable Android endpoint","NOT_STARTED",""
"ARCH-L0375","ARCH","docs\architecture\tracebox-design.md","line 375; section 8.3 Initialization","minimal handler startup/connection;","See implementation ledger and architecture module map","evidence/; module tests; conformance/","HOST_UNIT_STATIC; applicable Android endpoint","NOT_STARTED",""
"ARCH-L0376","ARCH","docs\architecture\tracebox-design.md","line 376; section 8.3 Initialization","the emergency fallback.","See implementation ledger and architecture module map","evidence/; module tests; conformance/","HOST_UNIT_STATIC; applicable Android endpoint","NOT_STARTED",""
"ARCH-L0378","ARCH","docs\architecture\tracebox-design.md","line 378; section 8.3 Initialization","It must not silently choose a privacy profile or perform main-thread disk I/O.","See implementation ledger and architecture module map","evidence/; module tests; conformance/","HOST_UNIT_STATIC; applicable Android endpoint","NOT_STARTED",""
"ARCH-L0382","ARCH","docs\architecture\tracebox-design.md","line 382; section 8.4 Readiness states","State | Meaning","See implementation ledger and architecture module map","evidence/; module tests; conformance/","HOST_UNIT_STATIC; applicable Android endpoint","NOT_STARTED",""
"ARCH-L0384","ARCH","docs\architecture\tracebox-design.md","line 384; section 8.4 Readiness states","VolatileCapture | Policy and handlers are installed; durable stores are not fully ready","See implementation ledger and architecture module map","evidence/; module tests; conformance/","HOST_UNIT_STATIC; applicable Android endpoint","NOT_STARTED",""
"ARCH-L0385","ARCH","docs\architecture\tracebox-design.md","line 385; section 8.4 Readiness states","Durable | Segments, reserves, handler registration, and emergency fallback are operational","See implementation ledger and architecture module map","evidence/; module tests; conformance/","HOST_UNIT_STATIC; applicable Android endpoint","NOT_STARTED",""
"ARCH-L0386","ARCH","docs\architecture\tracebox-design.md","line 386; section 8.4 Readiness states","Degraded | Capture continues with one or more unavailable capabilities","See implementation ledger and architecture module map","evidence/; module tests; conformance/","HOST_UNIT_STATIC; applicable Android endpoint","NOT_STARTED",""
"ARCH-L0387","ARCH","docs\architecture\tracebox-design.md","line 387; section 8.4 Readiness states","Closed | New recording is rejected; safe chaining and cleanup remain","See implementation ledger and architecture module map","evidence/; module tests; conformance/","HOST_UNIT_STATIC; applicable Android endpoint","NOT_STARTED",""
"ARCH-L0389","ARCH","docs\architecture\tracebox-design.md","line 389; section 8.4 Readiness states","`install()` reaching `VolatileCapture` does not imply durable capture.","See implementation ledger and architecture module map","evidence/; module tests; conformance/","HOST_UNIT_STATIC; applicable Android endpoint","NOT_STARTED",""
"ARCH-L0395","ARCH","docs\architecture\tracebox-design.md","line 395; section 8.5 Global policy coordination","The handler owns a versioned shared control page containing the active policy epoch and deny mask.","See implementation ledger and architecture module map","evidence/; module tests; conformance/","HOST_UNIT_STATIC; applicable Android endpoint","NOT_STARTED",""
"ARCH-L0396","ARCH","docs\architecture\tracebox-design.md","line 396; section 8.5 Global policy coordination","Every durable writer maps the control page read-only and checks the epoch/mask before enqueue.","See implementation ledger and architecture module map","evidence/; module tests; conformance/","HOST_UNIT_STATIC; applicable Android endpoint","NOT_STARTED",""
"ARCH-L0397","ARCH","docs\architecture\tracebox-design.md","line 397; section 8.5 Global policy coordination","Every queued record carries the policy epoch under which it was accepted.","See implementation ledger and architecture module map","evidence/; module tests; conformance/","HOST_UNIT_STATIC; applicable Android endpoint","NOT_STARTED",""
"ARCH-L0398","ARCH","docs\architecture\tracebox-design.md","line 398; section 8.5 Global policy coordination","The segment writer revalidates the epoch and deny mask immediately before append; stale disallowed records are dropped rather than persisted.","See implementation ledger and architecture module map","evidence/; module tests; conformance/","HOST_UNIT_STATIC; applicable Android endpoint","NOT_STARTED",""
"ARCH-L0399","ARCH","docs\architecture\tracebox-design.md","line 399; section 8.5 Global policy coordination","For tightening, every participant first writes a restrictive process-state-summary token for the target epoch and acknowledges the staged token. A tightening affecting Direct Boot C0 also writes the DE `pending_deny` mirror.","See implementation ledger and architecture module map","evidence/; module tests; conformance/","HOST_UNIT_STATIC; applicable Android endpoint","NOT_STARTED",""
"ARCH-L0400","ARCH","docs\architecture\tracebox-design.md","line 400; section 8.5 Global policy coordination","After all live participants stage the restrictive token, tightening commits the persistent CE policy, atomically updates the control page, invalidates snapshots, and requests a queue barrier.","See implementation ledger and architecture module map","evidence/; module tests; conformance/","HOST_UNIT_STATIC; applicable Android endpoint","NOT_STARTED",""
"ARCH-L0401","ARCH","docs\architecture\tracebox-design.md","line 401; section 8.5 Global policy coordination","At the barrier, each writer pauses dequeue, drops now-disallowed queued records, seals any segment that cannot accept the new epoch, reloads policy, and then acknowledges.","See implementation ledger and architecture module map","evidence/; module tests; conformance/","HOST_UNIT_STATIC; applicable Android endpoint","NOT_STARTED",""
"ARCH-L0402","ARCH","docs\architecture\tracebox-design.md","line 402; section 8.5 Global policy coordination","For loosening, permissive process-state-summary tokens are written only after the coordinated CE policy commit and barriers succeed.","See implementation ledger and architecture module map","evidence/; module tests; conformance/","HOST_UNIT_STATIC; applicable Android endpoint","NOT_STARTED",""
"ARCH-L0403","ARCH","docs\architecture\tracebox-design.md","line 403; section 8.5 Global policy coordination","Handler extraction jobs and summaries also carry their accepted policy epoch. Before summary append, the handler revalidates against the control page.","See implementation ledger and architecture module map","evidence/; module tests; conformance/","HOST_UNIT_STATIC; applicable Android endpoint","NOT_STARTED",""
"ARCH-L0404","ARCH","docs\architecture\tracebox-design.md","line 404; section 8.5 Global policy coordination","At its barrier, the handler stops accepting new raw/summary work, revalidates or drops in-flight summaries, seals an incompatible spool segment, applies raw-artifact retention changes, and then acknowledges.","See implementation ledger and architecture module map","evidence/; module tests; conformance/","HOST_UNIT_STATIC; applicable Android endpoint","NOT_STARTED",""
"ARCH-L0405","ARCH","docs\architecture\tracebox-design.md","line 405; section 8.5 Global policy coordination","`updateProfile()` returns success only after all registered live writers and the handler cross the barrier and acknowledge the new epoch.","See implementation ledger and architecture module map","evidence/; module tests; conformance/","HOST_UNIT_STATIC; applicable Android endpoint","NOT_STARTED",""
"ARCH-L0406","ARCH","docs\architecture\tracebox-design.md","line 406; section 8.5 Global policy coordination","A stale writer rejects new records until it reloads the policy.","See implementation ledger and architecture module map","evidence/; module tests; conformance/","HOST_UNIT_STATIC; applicable Android endpoint","NOT_STARTED",""
"ARCH-L0407","ARCH","docs\architecture\tracebox-design.md","line 407; section 8.5 Global policy coordination","If the coordinator is unavailable or acknowledgements time out, the caller tightens locally but receives a partial/failure result; package-wide success is not reported.","See implementation ledger and architecture module map","evidence/; module tests; conformance/","HOST_UNIT_STATIC; applicable Android endpoint","NOT_STARTED",""
"ARCH-L0408","ARCH","docs\architecture\tracebox-design.md","line 408; section 8.5 Global policy coordination","New processes cannot become `Durable` until they load the latest committed epoch.","See implementation ledger and architecture module map","evidence/; module tests; conformance/","HOST_UNIT_STATIC; applicable Android endpoint","NOT_STARTED",""
"ARCH-L0410","ARCH","docs\architecture\tracebox-design.md","line 410; section 8.5 Global policy coordination","A permissive OS token authorizes raw import only when its epoch was durably committed before the exit timestamp. A restrictive or uncommitted future-epoch token always denies raw import.","See implementation ledger and architecture module map","evidence/; module tests; conformance/","HOST_UNIT_STATIC; applicable Android endpoint","NOT_STARTED",""
"ARCH-L0414","ARCH","docs\architecture\tracebox-design.md","line 414; section 8.5 Global policy coordination","a process joining during tightening remains `VolatileCapture`, receives the pending restrictive token/epoch, joins the acknowledgement set, and cannot become `Durable` until commit/barrier completion;","See implementation ledger and architecture module map","evidence/; module tests; conformance/","HOST_UNIT_STATIC; applicable Android endpoint","NOT_STARTED",""
"ARCH-L0415","ARCH","docs\architecture\tracebox-design.md","line 415; section 8.5 Global policy coordination","a process joining during loosening receives the currently committed restrictive token and remains `VolatileCapture` until loosening completes;","See implementation ledger and architecture module map","evidence/; module tests; conformance/","HOST_UNIT_STATIC; applicable Android endpoint","NOT_STARTED",""
"ARCH-L0416","ARCH","docs\architecture\tracebox-design.md","line 416; section 8.5 Global policy coordination","registration cannot observe an intermediate combination of control page, CE policy, DE mirror, or token state;","See implementation ledger and architecture module map","evidence/; module tests; conformance/","HOST_UNIT_STATIC; applicable Android endpoint","NOT_STARTED",""
"ARCH-L0417","ARCH","docs\architecture\tracebox-design.md","line 417; section 8.5 Global policy coordination","transition success includes every participant admitted before the commit point.","See implementation ledger and architecture module map","evidence/; module tests; conformance/","HOST_UNIT_STATIC; applicable Android endpoint","NOT_STARTED",""
"ARCH-L0423","ARCH","docs\architecture\tracebox-design.md","line 423; section 8.5 Global policy coordination","every writer treats handler/control-channel death as an immediate transition to `Degraded`;","See implementation ledger and architecture module map","evidence/; module tests; conformance/","HOST_UNIT_STATIC; applicable Android endpoint","NOT_STARTED",""
"ARCH-L0424","ARCH","docs\architecture\tracebox-design.md","line 424; section 8.5 Global policy coordination","ordinary C1/C2 persistence fails closed until the writer reconnects and maps the current epoch;","See implementation ledger and architecture module map","evidence/; module tests; conformance/","HOST_UNIT_STATIC; applicable Android endpoint","NOT_STARTED",""
"ARCH-L0425","ARCH","docs\architecture\tracebox-design.md","line 425; section 8.5 Global policy coordination","only the immutable fixed C0 emergency fallback remains available while disconnected;","See implementation ledger and architecture module map","evidence/; module tests; conformance/","HOST_UNIT_STATIC; applicable Android endpoint","NOT_STARTED",""
"ARCH-L0426","ARCH","docs\architecture\tracebox-design.md","line 426; section 8.5 Global policy coordination","every writer holds a native exclusive lock on a per-instance lease file for its lifetime;","See implementation ledger and architecture module map","evidence/; module tests; conformance/","HOST_UNIT_STATIC; applicable Android endpoint","NOT_STARTED",""
"ARCH-L0427","ARCH","docs\architecture\tracebox-design.md","line 427; section 8.5 Global policy coordination","the coordinator persists a participant census containing boot session, process role, process-instance ID, lease path, and last acknowledged epoch;","See implementation ledger and architecture module map","evidence/; module tests; conformance/","HOST_UNIT_STATIC; applicable Android endpoint","NOT_STARTED",""
"ARCH-L0428","ARCH","docs\architecture\tracebox-design.md","line 428; section 8.5 Global policy coordination","after coordinator restart, prior participants are `UNVERIFIED` until they reconnect or the coordinator acquires their lease lock non-blockingly;","See implementation ledger and architecture module map","evidence/; module tests; conformance/","HOST_UNIT_STATIC; applicable Android endpoint","NOT_STARTED",""
"ARCH-L0429","ARCH","docs\architecture\tracebox-design.md","line 429; section 8.5 Global policy coordination","acquiring the lease proves the prior writer is gone and permits a durable census tombstone; an unavailable or ambiguous lease remains `UNVERIFIED`;","See implementation ledger and architecture module map","evidence/; module tests; conformance/","HOST_UNIT_STATIC; applicable Android endpoint","NOT_STARTED",""
"ARCH-L0430","ARCH","docs\architecture\tracebox-design.md","line 430; section 8.5 Global policy coordination","a reboot changes the boot session and releases every prior lease;","See implementation ledger and architecture module map","evidence/; module tests; conformance/","HOST_UNIT_STATIC; applicable Android endpoint","NOT_STARTED",""
"ARCH-L0431","ARCH","docs\architecture\tracebox-design.md","line 431; section 8.5 Global policy coordination","a package-wide policy update cannot report success while any live or unverified prior participant lacks the target acknowledgement.","See implementation ledger and architecture module map","evidence/; module tests; conformance/","HOST_UNIT_STATIC; applicable Android endpoint","NOT_STARTED",""
"ARCH-L0481","ARCH","docs\architecture\tracebox-design.md","line 481; section 9.1 Published artifacts","`tracebox` | Aggregated supported runtime | Required","See implementation ledger and architecture module map","evidence/; module tests; conformance/","HOST_UNIT_STATIC; applicable Android endpoint","NOT_STARTED",""
"ARCH-L0482","ARCH","docs\architecture\tracebox-design.md","line 482; section 9.1 Published artifacts","`tracebox-api` | Stable API and generated values | Required","See implementation ledger and architecture module map","evidence/; module tests; conformance/","HOST_UNIT_STATIC; applicable Android endpoint","NOT_STARTED",""
"ARCH-L0483","ARCH","docs\architecture\tracebox-design.md","line 483; section 9.1 Published artifacts","`tracebox-storage` | Segments, quotas, retention | Required","See implementation ledger and architecture module map","evidence/; module tests; conformance/","HOST_UNIT_STATIC; applicable Android endpoint","NOT_STARTED",""
"ARCH-L0484","ARCH","docs\architecture\tracebox-design.md","line 484; section 9.1 Published artifacts","`tracebox-jvm-crash` | JVM crash capture | Required","See implementation ledger and architecture module map","evidence/; module tests; conformance/","HOST_UNIT_STATIC; applicable Android endpoint","NOT_STARTED",""
"ARCH-L0485","ARCH","docs\architecture\tracebox-design.md","line 485; section 9.1 Published artifacts","`tracebox-native` | Crashpad client/handler and emergency fallback | Required","See implementation ledger and architecture module map","evidence/; module tests; conformance/","HOST_UNIT_STATIC; applicable Android endpoint","NOT_STARTED",""
"ARCH-L0486","ARCH","docs\architecture\tracebox-design.md","line 486; section 9.1 Published artifacts","`tracebox-anr-exit` | Live watchdog and exit reconciliation | Required","See implementation ledger and architecture module map","evidence/; module tests; conformance/","HOST_UNIT_STATIC; applicable Android endpoint","NOT_STARTED",""
"ARCH-L0487","ARCH","docs\architecture\tracebox-design.md","line 487; section 9.1 Published artifacts","`tracebox-export` | Snapshot, package, save/share | Required","See implementation ledger and architecture module map","evidence/; module tests; conformance/","HOST_UNIT_STATIC; applicable Android endpoint","NOT_STARTED",""
"ARCH-L0488","ARCH","docs\architecture\tracebox-design.md","line 488; section 9.1 Published artifacts","`tracebox-export-ui` | Tracebox-owned disclosure and approval activity | Required","See implementation ledger and architecture module map","evidence/; module tests; conformance/","HOST_UNIT_STATIC; applicable Android endpoint","NOT_STARTED",""
"ARCH-L0489","ARCH","docs\architecture\tracebox-design.md","line 489; section 9.1 Published artifacts","`tracebox-init-provider` | Minimal automatic installation | Optional","See implementation ledger and architecture module map","evidence/; module tests; conformance/","HOST_UNIT_STATIC; applicable Android endpoint","NOT_STARTED",""
"ARCH-L0490","ARCH","docs\architecture\tracebox-design.md","line 490; section 9.1 Published artifacts","`tracebox-directboot` | C0-only Direct Boot capture | Optional","See implementation ledger and architecture module map","evidence/; module tests; conformance/","HOST_UNIT_STATIC; applicable Android endpoint","NOT_STARTED",""
"ARCH-L0491","ARCH","docs\architecture\tracebox-design.md","line 491; section 9.1 Published artifacts","`tracebox-age` | Recipient encryption | Optional and gated","See implementation ledger and architecture module map","evidence/; module tests; conformance/","HOST_UNIT_STATIC; applicable Android endpoint","NOT_STARTED",""
"ARCH-L0492","ARCH","docs\architecture\tracebox-design.md","line 492; section 9.1 Published artifacts","`tracebox-testing` | Deterministic test harness | Optional","See implementation ledger and architecture module map","evidence/; module tests; conformance/","HOST_UNIT_STATIC; applicable Android endpoint","NOT_STARTED",""
"ARCH-L0498","ARCH","docs\architecture\tracebox-design.md","line 498; section 10. Generated schema and API","Kotlin event and value types;","specs/; schema/; tooling/schema-compiler/","evidence/; module tests; conformance/","HOST_UNIT_STATIC; applicable Android endpoint","NOT_STARTED",""
"ARCH-L0499","ARCH","docs\architecture\tracebox-design.md","line 499; section 10. Generated schema and API","C and C++ structs/functions;","specs/; schema/; tooling/schema-compiler/","evidence/; module tests; conformance/","HOST_UNIT_STATIC; applicable Android endpoint","NOT_STARTED",""
"ARCH-L0500","ARCH","docs\architecture\tracebox-design.md","line 500; section 10. Generated schema and API","Rust bindings and wrappers;","specs/; schema/; tooling/schema-compiler/","evidence/; module tests; conformance/","HOST_UNIT_STATIC; applicable Android endpoint","NOT_STARTED",""
"ARCH-L0501","ARCH","docs\architecture\tracebox-design.md","line 501; section 10. Generated schema and API","protobuf-compatible record messages;","specs/; schema/; tooling/schema-compiler/","evidence/; module tests; conformance/","HOST_UNIT_STATIC; applicable Android endpoint","NOT_STARTED",""
"ARCH-L0502","ARCH","docs\architecture\tracebox-design.md","line 502; section 10. Generated schema and API","decoder metadata;","specs/; schema/; tooling/schema-compiler/","evidence/; module tests; conformance/","HOST_UNIT_STATIC; applicable Android endpoint","NOT_STARTED",""
"ARCH-L0503","ARCH","docs\architecture\tracebox-design.md","line 503; section 10. Generated schema and API","disclosure labels;","specs/; schema/; tooling/schema-compiler/","evidence/; module tests; conformance/","HOST_UNIT_STATIC; applicable Android endpoint","NOT_STARTED",""
"ARCH-L0504","ARCH","docs\architecture\tracebox-design.md","line 504; section 10. Generated schema and API","schema documentation and lint rules.","specs/; schema/; tooling/schema-compiler/","evidence/; module tests; conformance/","HOST_UNIT_STATIC; applicable Android endpoint","NOT_STARTED",""
"ARCH-L0506","ARCH","docs\architecture\tracebox-design.md","line 506; section 10. Generated schema and API","Required schema metadata:","specs/; schema/; tooling/schema-compiler/","evidence/; module tests; conformance/","HOST_UNIT_STATIC; applicable Android endpoint","NOT_STARTED",""
"ARCH-L0508","ARCH","docs\architecture\tracebox-design.md","line 508; section 10. Generated schema and API","stable numeric event and field IDs;","specs/; schema/; tooling/schema-compiler/","evidence/; module tests; conformance/","HOST_UNIT_STATIC; applicable Android endpoint","NOT_STARTED",""
"ARCH-L0509","ARCH","docs\architecture\tracebox-design.md","line 509; section 10. Generated schema and API","privacy class;","specs/; schema/; tooling/schema-compiler/","evidence/; module tests; conformance/","HOST_UNIT_STATIC; applicable Android endpoint","NOT_STARTED",""
"ARCH-L0510","ARCH","docs\architecture\tracebox-design.md","line 510; section 10. Generated schema and API","category;","specs/; schema/; tooling/schema-compiler/","evidence/; module tests; conformance/","HOST_UNIT_STATIC; applicable Android endpoint","NOT_STARTED",""
"ARCH-L0511","ARCH","docs\architecture\tracebox-design.md","line 511; section 10. Generated schema and API","semantic type;","specs/; schema/; tooling/schema-compiler/","evidence/; module tests; conformance/","HOST_UNIT_STATIC; applicable Android endpoint","NOT_STARTED",""
"ARCH-L0512","ARCH","docs\architecture\tracebox-design.md","line 512; section 10. Generated schema and API","maximum encoded size;","specs/; schema/; tooling/schema-compiler/","evidence/; module tests; conformance/","HOST_UNIT_STATIC; applicable Android endpoint","NOT_STARTED",""
"ARCH-L0513","ARCH","docs\architecture\tracebox-design.md","line 513; section 10. Generated schema and API","retention eligibility;","specs/; schema/; tooling/schema-compiler/","evidence/; module tests; conformance/","HOST_UNIT_STATIC; applicable Android endpoint","NOT_STARTED",""
"ARCH-L0514","ARCH","docs\architecture\tracebox-design.md","line 514; section 10. Generated schema and API","redaction/transformation rule;","specs/; schema/; tooling/schema-compiler/","evidence/; module tests; conformance/","HOST_UNIT_STATIC; applicable Android endpoint","NOT_STARTED",""
"ARCH-L0515","ARCH","docs\architecture\tracebox-design.md","line 515; section 10. Generated schema and API","package visibility;","specs/; schema/; tooling/schema-compiler/","evidence/; module tests; conformance/","HOST_UNIT_STATIC; applicable Android endpoint","NOT_STARTED",""
"ARCH-L0516","ARCH","docs\architecture\tracebox-design.md","line 516; section 10. Generated schema and API","Direct Boot eligibility;","specs/; schema/; tooling/schema-compiler/","evidence/; module tests; conformance/","HOST_UNIT_STATIC; applicable Android endpoint","NOT_STARTED",""
"ARCH-L0517","ARCH","docs\architecture\tracebox-design.md","line 517; section 10. Generated schema and API","evolution rules.","specs/; schema/; tooling/schema-compiler/","evidence/; module tests; conformance/","HOST_UNIT_STATIC; applicable Android endpoint","NOT_STARTED",""
"ARCH-L0519","ARCH","docs\architecture\tracebox-design.md","line 519; section 10. Generated schema and API","IDs are never reused.","specs/; schema/; tooling/schema-compiler/","evidence/; module tests; conformance/","HOST_UNIT_STATIC; applicable Android endpoint","NOT_STARTED",""
"ARCH-L0548","ARCH","docs\architecture\tracebox-design.md","line 548; section 10.1 Kotlin surface","Production approval tokens are created only by the non-exported Tracebox disclosure activity. The public package API accepts an opaque approval token but does not expose a constructor or headless approval method. Test-only approval is confined to `tracebox-testing`.","See implementation ledger and architecture module map","evidence/; module tests; conformance/","HOST_UNIT_STATIC; applicable Android endpoint","NOT_STARTED",""
"ARCH-L0563","ARCH","docs\architecture\tracebox-design.md","line 563; section 10.2 Native ABI","versioned symbol names;","See implementation ledger and architecture module map","evidence/; module tests; conformance/","HOST_UNIT_STATIC; applicable Android endpoint","NOT_STARTED",""
"ARCH-L0564","ARCH","docs\architecture\tracebox-design.md","line 564; section 10.2 Native ABI","size-prefixed append-only structs;","See implementation ledger and architecture module map","evidence/; module tests; conformance/","HOST_UNIT_STATIC; applicable Android endpoint","NOT_STARTED",""
"ARCH-L0565","ARCH","docs\architecture\tracebox-design.md","line 565; section 10.2 Native ABI","fixed arrays or bounded pointer/length pairs;","See implementation ledger and architecture module map","evidence/; module tests; conformance/","HOST_UNIT_STATIC; applicable Android endpoint","NOT_STARTED",""
"ARCH-L0566","ARCH","docs\architecture\tracebox-design.md","line 566; section 10.2 Native ABI","generated enums;","See implementation ledger and architecture module map","evidence/; module tests; conformance/","HOST_UNIT_STATIC; applicable Android endpoint","NOT_STARTED",""
"ARCH-L0567","ARCH","docs\architecture\tracebox-design.md","line 567; section 10.2 Native ABI","no formatting API;","See implementation ledger and architecture module map","evidence/; module tests; conformance/","HOST_UNIT_STATIC; applicable Android endpoint","NOT_STARTED",""
"ARCH-L0568","ARCH","docs\architecture\tracebox-design.md","line 568; section 10.2 Native ABI","no arbitrary map or string API in crash-sensitive paths;","See implementation ledger and architecture module map","evidence/; module tests; conformance/","HOST_UNIT_STATIC; applicable Android endpoint","NOT_STARTED",""
"ARCH-L0569","ARCH","docs\architecture\tracebox-design.md","line 569; section 10.2 Native ABI","typed status values including `NOT_READY`, `DROPPED`, and `UNSUPPORTED_VERSION`.","See implementation ledger and architecture module map","evidence/; module tests; conformance/","HOST_UNIT_STATIC; applicable Android endpoint","NOT_STARTED",""
"ARCH-L0577","ARCH","docs\architecture\tracebox-design.md","line 577; section 10.3 Internal identity contract","Process instance | Random 256-bit | Lease/census record before writer activation | Never | Package-local process number","specs/; schema/; tooling/schema-compiler/","evidence/; module tests; conformance/","HOST_UNIT_STATIC; applicable Android endpoint","NOT_STARTED",""
"ARCH-L0578","ARCH","docs\architecture\tracebox-design.md","line 578; section 10.3 Internal identity contract","Ordinary segment | Random 256-bit | Header created and synced before first frame | Never | Package-local segment number","specs/; schema/; tooling/schema-compiler/","evidence/; module tests; conformance/","HOST_UNIT_STATIC; applicable Android endpoint","NOT_STARTED",""
"ARCH-L0579","ARCH","docs\architecture\tracebox-design.md","line 579; section 10.3 Internal identity contract","Raw artifact | Random 256-bit | Handler lifecycle journal before capture bytes | Never | Package-local artifact number; internal ID absent from bytes/path","specs/; schema/; tooling/schema-compiler/","evidence/; module tests; conformance/","HOST_UNIT_STATIC; applicable Android endpoint","NOT_STARTED",""
"ARCH-L0580","ARCH","docs\architecture\tracebox-design.md","line 580; section 10.3 Internal identity contract","Summary | SHA-256 of frozen artifact/extractor/schema tuple | Tuple and ID journaled before spool append | Same tuple intentionally deduplicates | Package-local record number","specs/; schema/; tooling/schema-compiler/","evidence/; module tests; conformance/","HOST_UNIT_STATIC; applicable Android endpoint","NOT_STARTED",""
"ARCH-L0581","ARCH","docs\architecture\tracebox-design.md","line 581; section 10.3 Internal identity contract","Summary spool segment | Random 256-bit | Header created and synced before first summary | Never | Not exported","specs/; schema/; tooling/schema-compiler/","evidence/; module tests; conformance/","HOST_UNIT_STATIC; applicable Android endpoint","NOT_STARTED",""
"ARCH-L0582","ARCH","docs\architecture\tracebox-design.md","line 582; section 10.3 Internal identity contract","Snapshot | Random 256-bit | Snapshot journal before entry materialization | Never | Not exported; approval uses opaque token","specs/; schema/; tooling/schema-compiler/","evidence/; module tests; conformance/","HOST_UNIT_STATIC; applicable Android endpoint","NOT_STARTED",""
"ARCH-L0583","ARCH","docs\architecture\tracebox-design.md","line 583; section 10.3 Internal identity contract","Emergency record | Process-instance ID plus monotonic slot sequence | Slot header written before completion marker | Sequence never reused in one instance | Package-local record number","specs/; schema/; tooling/schema-compiler/","evidence/; module tests; conformance/","HOST_UNIT_STATIC; applicable Android endpoint","NOT_STARTED",""
"ARCH-L0584","ARCH","docs\architecture\tracebox-design.md","line 584; section 10.3 Internal identity contract","Coordinator boot session | Random 256-bit after reboot detection | Control journal before accepting participants | Replaced only after a detected reboot | Never exported","specs/; schema/; tooling/schema-compiler/","evidence/; module tests; conformance/","HOST_UNIT_STATIC; applicable Android endpoint","NOT_STARTED",""
"ARCH-L0585","ARCH","docs\architecture\tracebox-design.md","line 585; section 10.3 Internal identity contract","OS exit-correlation token | Random 128-bit plus policy epoch/capability bits per process instance | Process lease before `setProcessStateSummary()` and refreshed at policy barriers | Random token never reused | Matched and stripped; package-local link only","specs/; schema/; tooling/schema-compiler/","evidence/; module tests; conformance/","HOST_UNIT_STATIC; applicable Android endpoint","NOT_STARTED",""
"ARCH-L0591","ARCH","docs\architecture\tracebox-design.md","line 591; section 10.3 Internal identity contract","The OS exit-correlation token is C1, is placed only in the bounded process-state summary, and is stripped after matching. It carries the policy epoch and an OS-raw-import eligibility bit protected by the generated fixed encoding. An `EXACT` link requires the token plus compatible process role, boot session, and time evidence. Tracebox cannot delete the OS-owned copy and reports that limitation.","specs/; schema/; tooling/schema-compiler/","evidence/; module tests; conformance/","HOST_UNIT_STATIC; applicable Android endpoint","NOT_STARTED",""
"ARCH-L0599","ARCH","docs\architecture\tracebox-design.md","line 599; section 11.1 Source of truth","Per-process append-only segments and the handler's emergency/structural-summary spools are authoritative. SQLite, if introduced, is a rebuildable metadata index containing no unique diagnostic values. Package preparation and recovery must work directly from these stores.","See implementation ledger and architecture module map","evidence/; module tests; conformance/","HOST_UNIT_STATIC; applicable Android endpoint","NOT_STARTED",""
"ARCH-L0630","ARCH","docs\architecture\tracebox-design.md","line 630; section 11.2 Segment format","strict length checks before allocation;","See implementation ledger and architecture module map","evidence/; module tests; conformance/","HOST_UNIT_STATIC; applicable Android endpoint","NOT_STARTED",""
"ARCH-L0631","ARCH","docs\architecture\tracebox-design.md","line 631; section 11.2 Segment format","monotonically increasing process-local sequence;","See implementation ledger and architecture module map","evidence/; module tests; conformance/","HOST_UNIT_STATIC; applicable Android endpoint","NOT_STARTED",""
"ARCH-L0632","ARCH","docs\architecture\tracebox-design.md","line 632; section 11.2 Segment format","interrupted tails are discarded after the last valid frame;","See implementation ledger and architecture module map","evidence/; module tests; conformance/","HOST_UNIT_STATIC; applicable Android endpoint","NOT_STARTED",""
"ARCH-L0633","ARCH","docs\architecture\tracebox-design.md","line 633; section 11.2 Segment format","sealed segments are immutable;","See implementation ledger and architecture module map","evidence/; module tests; conformance/","HOST_UNIT_STATIC; applicable Android endpoint","NOT_STARTED",""
"ARCH-L0634","ARCH","docs\architecture\tracebox-design.md","line 634; section 11.2 Segment format","one corrupt segment cannot invalidate unrelated segments;","See implementation ledger and architecture module map","evidence/; module tests; conformance/","HOST_FUZZ_SMOKE; nightly/certification duration per frozen protocol","NOT_STARTED",""
"ARCH-L0635","ARCH","docs\architecture\tracebox-design.md","line 635; section 11.2 Segment format","new process instances never resume an old nonce or sequence domain.","See implementation ledger and architecture module map","evidence/; module tests; conformance/","HOST_UNIT_STATIC; applicable Android endpoint","NOT_STARTED",""
"ARCH-L0639","ARCH","docs\architecture\tracebox-design.md","line 639; section 11.3 Quotas","Hard ordinary-record quotas are assigned to generated stable process roles, not process instances. A restarted process inherits the same role quota and must rotate eligible records from earlier instances before extending the role's store.","See implementation ledger and architecture module map","evidence/; module tests; conformance/","HOST_UNIT_STATIC; applicable Android endpoint","NOT_STARTED",""
"ARCH-L0655","ARCH","docs\architecture\tracebox-design.md","line 655; section 11.3 Quotas","Every byte and file counts toward exactly one hard quota or reserve. The metadata/control reserve includes lifecycle journals, summary staging, import acknowledgements, policy/census/lease records, deletion journals, snapshot journals, index files, manifests, and temporary atomic-replacement files. Each metadata type has a maximum file count and maximum encoded size. A rebuildable index that cannot fit is deleted/disabled rather than exceeding the reserve.","See implementation ledger and architecture module map","evidence/; module tests; conformance/","HOST_UNIT_STATIC; applicable Android endpoint","NOT_STARTED",""
"ARCH-L0659","ARCH","docs\architecture\tracebox-design.md","line 659; section 11.3 Quotas","crash and ANR evidence;","See implementation ledger and architecture module map","evidence/; module tests; conformance/","HOST_UNIT_STATIC; applicable Android endpoint","NOT_STARTED",""
"ARCH-L0660","ARCH","docs\architecture\tracebox-design.md","line 660; section 11.3 Quotas","policy and health records;","See implementation ledger and architecture module map","evidence/; module tests; conformance/","HOST_UNIT_STATIC; applicable Android endpoint","NOT_STARTED",""
"ARCH-L0661","ARCH","docs\architecture\tracebox-design.md","line 661; section 11.3 Quotas","handled errors;","See implementation ledger and architecture module map","evidence/; module tests; conformance/","HOST_UNIT_STATIC; applicable Android endpoint","NOT_STARTED",""
"ARCH-L0662","ARCH","docs\architecture\tracebox-design.md","line 662; section 11.3 Quotas","breadcrumbs;","See implementation ledger and architecture module map","evidence/; module tests; conformance/","HOST_UNIT_STATIC; applicable Android endpoint","NOT_STARTED",""
"ARCH-L0663","ARCH","docs\architecture\tracebox-design.md","line 663; section 11.3 Quotas","ordinary events.","See implementation ledger and architecture module map","evidence/; module tests; conformance/","HOST_UNIT_STATIC; applicable Android endpoint","NOT_STARTED",""
"ARCH-L0665","ARCH","docs\architecture\tracebox-design.md","line 665; section 11.3 Quotas","All raw artifacts use the handler C2 quota and cannot consume ordinary, emergency, summary, or snapshot reserves. Structural summaries use their own bounded handler spool charged to the originating process role.","See implementation ledger and architecture module map","evidence/; module tests; conformance/","HOST_UNIT_STATIC; applicable Android endpoint","NOT_STARTED",""
"ARCH-L0667","ARCH","docs\architecture\tracebox-design.md","line 667; section 11.3 Quotas","Snapshot and share staging have a separate hard quota. By default, only one prepared snapshot may exist; a new preparation must fit without exceeding the staging bound.","See implementation ledger and architecture module map","evidence/; module tests; conformance/","HOST_UNIT_STATIC; applicable Android endpoint","NOT_STARTED",""
"ARCH-L0669","ARCH","docs\architecture\tracebox-design.md","line 669; section 11.3 Quotas","One global compaction operation may run at a time. Its workspace is pre-reserved and cannot be consumed by recording, raw artifacts, summaries, or snapshots. Compaction processes one bounded segment at a time, so the replacement can never exceed the reserved maximum-segment workspace.","See implementation ledger and architecture module map","evidence/; module tests; conformance/","HOST_UNIT_STATIC; applicable Android endpoint","NOT_STARTED",""
"ARCH-L0677","ARCH","docs\architecture\tracebox-design.md","line 677; section 11.4 At-rest protection","is opt-in;","See implementation ledger and architecture module map","evidence/; module tests; conformance/","HOST_UNIT_STATIC; applicable Android endpoint","NOT_STARTED",""
"ARCH-L0678","ARCH","docs\architecture\tracebox-design.md","line 678; section 11.4 At-rest protection","uses device-protected storage;","See implementation ledger and architecture module map","evidence/; module tests; conformance/","HOST_UNIT_STATIC; applicable Android endpoint","NOT_STARTED",""
"ARCH-L0679","ARCH","docs\architecture\tracebox-design.md","line 679; section 11.4 At-rest protection","has a separate generated schema;","See implementation ledger and architecture module map","evidence/; module tests; conformance/","HOST_UNIT_STATIC; applicable Android endpoint","NOT_STARTED",""
"ARCH-L0680","ARCH","docs\architecture\tracebox-design.md","line 680; section 11.4 At-rest protection","structurally rejects C1/C2.","See implementation ledger and architecture module map","evidence/; module tests; conformance/","HOST_UNIT_STATIC; applicable Android endpoint","NOT_STARTED",""
"ARCH-L0684","ARCH","docs\architecture\tracebox-design.md","line 684; section 11.4 At-rest protection","policy epoch;","See implementation ledger and architecture module map","evidence/; module tests; conformance/","HOST_UNIT_STATIC; applicable Android endpoint","NOT_STARTED",""
"ARCH-L0685","ARCH","docs\architecture\tracebox-design.md","line 685; section 11.4 At-rest protection","Disabled flag;","See implementation ledger and architecture module map","evidence/; module tests; conformance/","HOST_UNIT_STATIC; applicable Android endpoint","NOT_STARTED",""
"ARCH-L0686","ARCH","docs\architecture\tracebox-design.md","line 686; section 11.4 At-rest protection","C0 category deny mask;","See implementation ledger and architecture module map","evidence/; module tests; conformance/","HOST_UNIT_STATIC; applicable Android endpoint","NOT_STARTED",""
"ARCH-L0687","ARCH","docs\architecture\tracebox-design.md","line 687; section 11.4 At-rest protection","integrity/version fields.","See implementation ledger and architecture module map","evidence/; module tests; conformance/","HOST_UNIT_STATIC; applicable Android endpoint","NOT_STARTED",""
"ARCH-L0691","ARCH","docs\architecture\tracebox-design.md","line 691; section 11.4 At-rest protection","Write and sync a DE `pending_deny` mirror carrying the target epoch/mask.","See implementation ledger and architecture module map","evidence/; module tests; conformance/","HOST_UNIT_STATIC; applicable Android endpoint","NOT_STARTED",""
"ARCH-L0692","ARCH","docs\architecture\tracebox-design.md","line 692; section 11.4 At-rest protection","Direct Boot readers immediately apply the more restrictive active or pending mirror.","See implementation ledger and architecture module map","evidence/; module tests; conformance/","HOST_UNIT_STATIC; applicable Android endpoint","NOT_STARTED",""
"ARCH-L0693","ARCH","docs\architecture\tracebox-design.md","line 693; section 11.4 At-rest protection","Commit the CE policy and complete the global writer/handler barrier.","See implementation ledger and architecture module map","evidence/; module tests; conformance/","HOST_UNIT_STATIC; applicable Android endpoint","NOT_STARTED",""
"ARCH-L0694","ARCH","docs\architecture\tracebox-design.md","line 694; section 11.4 At-rest protection","Promote the pending mirror to active.","See implementation ledger and architecture module map","evidence/; module tests; conformance/","HOST_UNIT_STATIC; applicable Android endpoint","NOT_STARTED",""
"ARCH-L0702","ARCH","docs\architecture\tracebox-design.md","line 702; section 11.4 At-rest protection","one random DEK per segment;","See implementation ledger and architecture module map","evidence/; module tests; conformance/","HOST_UNIT_STATIC; applicable Android endpoint","NOT_STARTED",""
"ARCH-L0703","ARCH","docs\architecture\tracebox-design.md","line 703; section 11.4 At-rest protection","AES-GCM with unique per-frame nonces;","See implementation ledger and architecture module map","evidence/; module tests; conformance/","HOST_UNIT_STATIC; applicable Android endpoint","NOT_STARTED",""
"ARCH-L0704","ARCH","docs\architecture\tracebox-design.md","line 704; section 11.4 At-rest protection","Keystore-wrapped keys;","See implementation ledger and architecture module map","evidence/; module tests; conformance/","HOST_UNIT_STATIC; applicable Android endpoint","NOT_STARTED",""
"ARCH-L0705","ARCH","docs\architecture\tracebox-design.md","line 705; section 11.4 At-rest protection","no plaintext fallback;","See implementation ledger and architecture module map","evidence/; module tests; conformance/","HOST_UNIT_STATIC; applicable Android endpoint","NOT_STARTED",""
"ARCH-L0706","ARCH","docs\architecture\tracebox-design.md","line 706; section 11.4 At-rest protection","no claim of protection from same-UID code.","See implementation ledger and architecture module map","evidence/; module tests; conformance/","HOST_UNIT_STATIC; applicable Android endpoint","NOT_STARTED",""
"ARCH-L0725","ARCH","docs\architecture\tracebox-design.md","line 725; section 11.5 Deletion protocol","Commit the Disabled epoch and cross the global queue barrier.","See implementation ledger and architecture module map","evidence/; module tests; conformance/","HOST_UNIT_STATIC; applicable Android endpoint","NOT_STARTED",""
"ARCH-L0726","ARCH","docs\architecture\tracebox-design.md","line 726; section 11.5 Deletion protocol","Prevent new ordinary and raw-artifact creation.","See implementation ledger and architecture module map","evidence/; module tests; conformance/","HOST_UNIT_STATIC; applicable Android endpoint","NOT_STARTED",""
"ARCH-L0727","ARCH","docs\architecture\tracebox-design.md","line 727; section 11.5 Deletion protocol","Invalidate approvals and snapshot keys.","See implementation ledger and architecture module map","evidence/; module tests; conformance/","HOST_UNIT_STATIC; applicable Android endpoint","NOT_STARTED",""
"ARCH-L0728","ARCH","docs\architecture\tracebox-design.md","line 728; section 11.5 Deletion protocol","Close active segments and emergency/raw-artifact files.","See implementation ledger and architecture module map","evidence/; module tests; conformance/","HOST_UNIT_STATIC; applicable Android endpoint","NOT_STARTED",""
"ARCH-L0729","ARCH","docs\architecture\tracebox-design.md","line 729; section 11.5 Deletion protocol","Mark all library-owned records ineligible before physical deletion.","See implementation ledger and architecture module map","evidence/; module tests; conformance/","API30_API37_X86_64_AND_ALL_AVAILABLE_ARM64; page-size cells where available","NOT_STARTED",""
"ARCH-L0730","ARCH","docs\architecture\tracebox-design.md","line 730; section 11.5 Deletion protocol","Delete active/sealed segments, structural-summary spools, raw artifacts, emergency reserves, indexes, snapshots, share staging, and rebuildable metadata.","See implementation ledger and architecture module map","evidence/; module tests; conformance/","HOST_UNIT_STATIC; applicable Android endpoint","NOT_STARTED",""
"ARCH-L0731","ARCH","docs\architecture\tracebox-design.md","line 731; section 11.5 Deletion protocol","Persist completion only after no remaining library-owned path is readable through Tracebox.","See implementation ledger and architecture module map","evidence/; module tests; conformance/","HOST_UNIT_STATIC; applicable Android endpoint","NOT_STARTED",""
"ARCH-L0735","ARCH","docs\architecture\tracebox-design.md","line 735; section 11.5 Deletion protocol","deletes whole segments when all records are in scope;","See implementation ledger and architecture module map","evidence/; module tests; conformance/","HOST_UNIT_STATIC; applicable Android endpoint","NOT_STARTED",""
"ARCH-L0736","ARCH","docs\architecture\tracebox-design.md","line 736; section 11.5 Deletion protocol","may sacrifice an entire mixed segment to provide prompt deletion;","See implementation ledger and architecture module map","evidence/; module tests; conformance/","HOST_UNIT_STATIC; applicable Android endpoint","NOT_STARTED",""
"ARCH-L0737","ARCH","docs\architecture\tracebox-design.md","line 737; section 11.5 Deletion protocol","may use bounded rewrite/compaction only when the caller explicitly prioritizes preservation of unaffected records;","See implementation ledger and architecture module map","evidence/; module tests; conformance/","HOST_UNIT_STATIC; applicable Android endpoint","NOT_STARTED",""
"ARCH-L0738","ARCH","docs\architecture\tracebox-design.md","line 738; section 11.5 Deletion protocol","writes an authoritative summary-ID tombstone before deleting a selected structural summary;","See implementation ledger and architecture module map","evidence/; module tests; conformance/","HOST_UNIT_STATIC; applicable Android endpoint","NOT_STARTED",""
"ARCH-L0739","ARCH","docs\architecture\tracebox-design.md","line 739; section 11.5 Deletion protocol","applies the same tombstone to both handler-spool and imported ordinary copies;","See implementation ledger and architecture module map","evidence/; module tests; conformance/","HOST_UNIT_STATIC; applicable Android endpoint","NOT_STARTED",""
"ARCH-L0740","ARCH","docs\architecture\tracebox-design.md","line 740; section 11.5 Deletion protocol","compacts mixed summary-spool segments by writing and sealing a new live-record segment, atomically switching the spool manifest, and only then deleting the old segment;","See implementation ledger and architecture module map","evidence/; module tests; conformance/","HOST_UNIT_STATIC; applicable Android endpoint","NOT_STARTED",""
"ARCH-L0741","ARCH","docs\architecture\tracebox-design.md","line 741; section 11.5 Deletion protocol","invalidates every snapshot containing an affected record.","See implementation ledger and architecture module map","evidence/; module tests; conformance/","HOST_UNIT_STATIC; applicable Android endpoint","NOT_STARTED",""
"ARCH-L0743","ARCH","docs\architecture\tracebox-design.md","line 743; section 11.5 Deletion protocol","Tombstoned summary bytes continue to count against the hard spool quota until compaction removes them. Package planning and reconciliation exclude tombstoned IDs immediately. Deletion failure remains `pending_failure`, is visible in `DeleteReport`, and resumes on bounded startup, maintenance, and explicit retry triggers. Disabled never reports completion while any library-owned data remains accessible; selective deletion never reports completion while any in-scope summary ID or other in-scope data remains accessible from either authoritative or imported stores. Unlinking cannot guarantee secur","See implementation ledger and architecture module map","evidence/; module tests; conformance/","HOST_UNIT_STATIC; applicable Android endpoint","NOT_STARTED",""
"ARCH-L0749","ARCH","docs\architecture\tracebox-design.md","line 749; section 12.1 Capture hierarchy","Crashpad separate-process capture.","See implementation ledger and architecture module map","evidence/; module tests; conformance/","HOST_UNIT_STATIC; applicable Android endpoint","NOT_STARTED",""
"ARCH-L0750","ARCH","docs\architecture\tracebox-design.md","line 750; section 12.1 Capture hierarchy","Minimal emergency record if Crashpad is unavailable, unregistered, timed out, or conflicts.","See implementation ledger and architecture module map","evidence/; module tests; conformance/","HOST_UNIT_STATIC; applicable Android endpoint","NOT_STARTED",""
"ARCH-L0751","ARCH","docs\architecture\tracebox-design.md","line 751; section 12.1 Capture hierarchy","`ApplicationExitInfo` after restart.","See implementation ledger and architecture module map","evidence/; module tests; conformance/","HOST_UNIT_STATIC; applicable Android endpoint","NOT_STARTED",""
"ARCH-L0752","ARCH","docs\architecture\tracebox-design.md","line 752; section 12.1 Capture hierarchy","Android debuggerd/tombstone behavior remains intact where possible.","See implementation ledger and architecture module map","evidence/; module tests; conformance/","HOST_UNIT_STATIC; applicable Android endpoint","NOT_STARTED",""
"ARCH-L0756","ARCH","docs\architecture\tracebox-design.md","line 756; section 12.2 Crashpad lifecycle","Start the private handler service.","native/; android/tracebox-native/; android/tracebox-anr-exit/","evidence/phase0/; benchmarks/; test-apps/","HOST_UNIT_STATIC; applicable Android endpoint","NOT_STARTED",""
"ARCH-L0757","ARCH","docs\architecture\tracebox-design.md","line 757; section 12.2 Crashpad lifecycle","Bootstrap its native loop.","native/; android/tracebox-native/; android/tracebox-anr-exit/","evidence/phase0/; benchmarks/; test-apps/","HOST_UNIT_STATIC; applicable Android endpoint","NOT_STARTED",""
"ARCH-L0758","ARCH","docs\architecture\tracebox-design.md","line 758; section 12.2 Crashpad lifecycle","Establish bounded local IPC.","native/; android/tracebox-native/; android/tracebox-anr-exit/","evidence/phase0/; benchmarks/; test-apps/","HOST_UNIT_STATIC; applicable Android endpoint","NOT_STARTED",""
"ARCH-L0759","ARCH","docs\architecture\tracebox-design.md","line 759; section 12.2 Crashpad lifecycle","Register each application process and process-instance ID.","native/; android/tracebox-native/; android/tracebox-anr-exit/","evidence/phase0/; benchmarks/; test-apps/","HOST_UNIT_STATIC; applicable Android endpoint","NOT_STARTED",""
"ARCH-L0760","ARCH","docs\architecture\tracebox-design.md","line 760; section 12.2 Crashpad lifecycle","Pre-register build identity and generated annotations.","native/; android/tracebox-native/; android/tracebox-anr-exit/","evidence/phase0/; benchmarks/; test-apps/","HOST_UNIT_STATIC; applicable Android endpoint","NOT_STARTED",""
"ARCH-L0761","ARCH","docs\architecture\tracebox-design.md","line 761; section 12.2 Crashpad lifecycle","Transition the client to `Durable` only after both Crashpad and the emergency descriptor are ready.","native/; android/tracebox-native/; android/tracebox-anr-exit/","evidence/phase0/; benchmarks/; test-apps/","HOST_UNIT_STATIC; applicable Android endpoint","NOT_STARTED",""
"ARCH-L0762","ARCH","docs\architecture\tracebox-design.md","line 762; section 12.2 Crashpad lifecycle","If handler IPC dies, transition to `Degraded` and use the emergency path.","native/; android/tracebox-native/; android/tracebox-anr-exit/","evidence/phase0/; benchmarks/; test-apps/","HOST_UNIT_STATIC; applicable Android endpoint","NOT_STARTED",""
"ARCH-L0763","ARCH","docs\architecture\tracebox-design.md","line 763; section 12.2 Crashpad lifecycle","Reconnect only on lifecycle or capture-triggered events; never poll.","native/; android/tracebox-native/; android/tracebox-anr-exit/","evidence/phase0/; benchmarks/; test-apps/","HOST_UNIT_STATIC; applicable Android endpoint","NOT_STARTED",""
"ARCH-L0767","ARCH","docs\architecture\tracebox-design.md","line 767; section 12.3 Capture policy","The pinned Crashpad revision and patches must:","See implementation ledger and architecture module map","evidence/; module tests; conformance/","HOST_UNIT_STATIC; applicable Android endpoint","NOT_STARTED",""
"ARCH-L0769","ARCH","docs\architecture\tracebox-design.md","line 769; section 12.3 Capture policy","exclude uploader and network functionality from the build graph;","See implementation ledger and architecture module map","evidence/; module tests; conformance/","HOST_STATIC; API30_API37_RUNTIME; blocked-egress controls","NOT_STARTED",""
"ARCH-L0770","ARCH","docs\architecture\tracebox-design.md","line 770; section 12.3 Capture policy","bound report count and size;","See implementation ledger and architecture module map","evidence/; module tests; conformance/","HOST_UNIT_STATIC; applicable Android endpoint","NOT_STARTED",""
"ARCH-L0771","ARCH","docs\architecture\tracebox-design.md","line 771; section 12.3 Capture policy","support 4 KiB and 16 KiB page devices;","See implementation ledger and architecture module map","evidence/; module tests; conformance/","API30_API37_X86_64_AND_ALL_AVAILABLE_ARM64; page-size cells where available","NOT_STARTED",""
"ARCH-L0772","ARCH","docs\architecture\tracebox-design.md","line 772; section 12.3 Capture policy","preserve exact build IDs and module ranges;","See implementation ledger and architecture module map","evidence/; module tests; conformance/","HOST_UNIT_STATIC; applicable Android endpoint","NOT_STARTED",""
"ARCH-L0773","ARCH","docs\architecture\tracebox-design.md","line 773; section 12.3 Capture policy","permit structural-summary derivation;","See implementation ledger and architecture module map","evidence/; module tests; conformance/","HOST_UNIT_STATIC; applicable Android endpoint","NOT_STARTED",""
"ARCH-L0774","ARCH","docs\architecture\tracebox-design.md","line 774; section 12.3 Capture policy","keep raw reports private and quota-bound;","See implementation ledger and architecture module map","evidence/; module tests; conformance/","HOST_UNIT_STATIC; applicable Android endpoint","NOT_STARTED",""
"ARCH-L0775","ARCH","docs\architecture\tracebox-design.md","line 775; section 12.3 Capture policy","preserve or deliberately chain Android's normal crash handling.","See implementation ledger and architecture module map","evidence/; module tests; conformance/","HOST_UNIT_STATIC; applicable Android endpoint","NOT_STARTED",""
"ARCH-L0777","ARCH","docs\architecture\tracebox-design.md","line 777; section 12.3 Capture policy","Any additional memory regions are prohibited unless approved in a later ADR.","See implementation ledger and architecture module map","evidence/; module tests; conformance/","HOST_UNIT_STATIC; applicable Android endpoint","NOT_STARTED",""
"ARCH-L0785","ARCH","docs\architecture\tracebox-design.md","line 785; section 12.4 Handler coexistence","Exclusive | Tracebox owns supported fatal signals","native/; android/tracebox-native/; android/tracebox-anr-exit/","evidence/phase0/; benchmarks/; test-apps/","HOST_UNIT_STATIC; applicable Android endpoint","NOT_STARTED",""
"ARCH-L0786","ARCH","docs\architecture\tracebox-design.md","line 786; section 12.4 Handler coexistence","BestEffortChain | Preserve prior actions and invoke/re-raise only through a reviewed path","native/; android/tracebox-native/; android/tracebox-anr-exit/","evidence/phase0/; benchmarks/; test-apps/","HOST_UNIT_STATIC; applicable Android endpoint","NOT_STARTED",""
"ARCH-L0787","ARCH","docs\architecture\tracebox-design.md","line 787; section 12.4 Handler coexistence","DisableOnConflict | Keep JVM/exit capture and disable native Crashpad capture","native/; android/tracebox-native/; android/tracebox-anr-exit/","evidence/phase0/; benchmarks/; test-apps/","HOST_UNIT_STATIC; applicable Android endpoint","NOT_STARTED",""
"ARCH-L0789","ARCH","docs\architecture\tracebox-design.md","line 789; section 12.4 Handler coexistence","Tracebox cannot guarantee safe coexistence with every third-party handler. The active policy and detected conflict are surfaced in readiness and package metadata.","native/; android/tracebox-native/; android/tracebox-anr-exit/","evidence/phase0/; benchmarks/; test-apps/","HOST_UNIT_STATIC; applicable Android endpoint","NOT_STARTED",""
"ARCH-L0795","ARCH","docs\architecture\tracebox-design.md","line 795; section 12.5 Emergency record","preallocated slots;","native/; android/tracebox-native/; android/tracebox-anr-exit/","evidence/phase0/; benchmarks/; test-apps/","HOST_UNIT_STATIC; applicable Android endpoint","NOT_STARTED",""
"ARCH-L0796","ARCH","docs\architecture\tracebox-design.md","line 796; section 12.5 Emergency record","a preopened descriptor;","native/; android/tracebox-native/; android/tracebox-anr-exit/","evidence/phase0/; benchmarks/; test-apps/","HOST_UNIT_STATIC; applicable Android endpoint","NOT_STARTED",""
"ARCH-L0797","ARCH","docs\architecture\tracebox-design.md","line 797; section 12.5 Emergency record","fixed-width little-endian fields;","native/; android/tracebox-native/; android/tracebox-anr-exit/","evidence/phase0/; benchmarks/; test-apps/","HOST_UNIT_STATIC; applicable Android endpoint","NOT_STARTED",""
"ARCH-L0798","ARCH","docs\architecture\tracebox-design.md","line 798; section 12.5 Emergency record","an alternate signal stack where available;","native/; android/tracebox-native/; android/tracebox-anr-exit/","evidence/phase0/; benchmarks/; test-apps/","HOST_UNIT_STATIC; applicable Android endpoint","NOT_STARTED",""
"ARCH-L0799","ARCH","docs\architecture\tracebox-design.md","line 799; section 12.5 Emergency record","a recursion guard;","native/; android/tracebox-native/; android/tracebox-anr-exit/","evidence/phase0/; benchmarks/; test-apps/","HOST_UNIT_STATIC; applicable Android endpoint","NOT_STARTED",""
"ARCH-L0800","ARCH","docs\architecture\tracebox-design.md","line 800; section 12.5 Emergency record","one bounded positional write;","native/; android/tracebox-native/; android/tracebox-anr-exit/","evidence/phase0/; benchmarks/; test-apps/","HOST_UNIT_STATIC; applicable Android endpoint","NOT_STARTED",""
"ARCH-L0801","ARCH","docs\architecture\tracebox-design.md","line 801; section 12.5 Emergency record","checksum and completion marker.","native/; android/tracebox-native/; android/tracebox-anr-exit/","evidence/phase0/; benchmarks/; test-apps/","HOST_UNIT_STATIC; applicable Android endpoint","NOT_STARTED",""
"ARCH-L0807","ARCH","docs\architecture\tracebox-design.md","line 807; section 12.5 Emergency record","It does not:","native/; android/tracebox-native/; android/tracebox-anr-exit/","evidence/phase0/; benchmarks/; test-apps/","HOST_UNIT_STATIC; applicable Android endpoint","NOT_STARTED",""
"ARCH-L0809","ARCH","docs\architecture\tracebox-design.md","line 809; section 12.5 Emergency record","allocate;","native/; android/tracebox-native/; android/tracebox-anr-exit/","evidence/phase0/; benchmarks/; test-apps/","HOST_UNIT_STATIC; applicable Android endpoint","NOT_STARTED",""
"ARCH-L0810","ARCH","docs\architecture\tracebox-design.md","line 810; section 12.5 Emergency record","unwind;","native/; android/tracebox-native/; android/tracebox-anr-exit/","evidence/phase0/; benchmarks/; test-apps/","HOST_UNIT_STATIC; applicable Android endpoint","NOT_STARTED",""
"ARCH-L0811","ARCH","docs\architecture\tracebox-design.md","line 811; section 12.5 Emergency record","call JNI;","native/; android/tracebox-native/; android/tracebox-anr-exit/","evidence/phase0/; benchmarks/; test-apps/","HOST_UNIT_STATIC; applicable Android endpoint","NOT_STARTED",""
"ARCH-L0812","ARCH","docs\architecture\tracebox-design.md","line 812; section 12.5 Emergency record","lock application mutexes;","native/; android/tracebox-native/; android/tracebox-anr-exit/","evidence/phase0/; benchmarks/; test-apps/","HOST_UNIT_STATIC; applicable Android endpoint","NOT_STARTED",""
"ARCH-L0813","ARCH","docs\architecture\tracebox-design.md","line 813; section 12.5 Emergency record","query SQLite;","native/; android/tracebox-native/; android/tracebox-anr-exit/","evidence/phase0/; benchmarks/; test-apps/","HOST_UNIT_STATIC; applicable Android endpoint","NOT_STARTED",""
"ARCH-L0814","ARCH","docs\architecture\tracebox-design.md","line 814; section 12.5 Emergency record","compress or encrypt;","native/; android/tracebox-native/; android/tracebox-anr-exit/","evidence/phase0/; benchmarks/; test-apps/","HOST_UNIT_STATIC; applicable Android endpoint","NOT_STARTED",""
"ARCH-L0815","ARCH","docs\architecture\tracebox-design.md","line 815; section 12.5 Emergency record","read arbitrary strings or stack memory.","native/; android/tracebox-native/; android/tracebox-anr-exit/","evidence/phase0/; benchmarks/; test-apps/","HOST_UNIT_STATIC; applicable Android endpoint","NOT_STARTED",""
"ARCH-L0827","ARCH","docs\architecture\tracebox-design.md","line 827; section 13.2 Architecture","one daemon/native-capable watchdog thread;","See implementation ledger and architecture module map","evidence/; module tests; conformance/","HOST_UNIT_STATIC; applicable Android endpoint","NOT_STARTED",""
"ARCH-L0828","ARCH","docs\architecture\tracebox-design.md","line 828; section 13.2 Architecture","one main-looper heartbeat token;","See implementation ledger and architecture module map","evidence/; module tests; conformance/","HOST_UNIT_STATIC; applicable Android endpoint","NOT_STARTED",""
"ARCH-L0829","ARCH","docs\architecture\tracebox-design.md","line 829; section 13.2 Architecture","monotonic timestamps and atomic generation counters;","See implementation ledger and architecture module map","evidence/; module tests; conformance/","HOST_UNIT_STATIC; applicable Android endpoint","NOT_STARTED",""
"ARCH-L0830","ARCH","docs\architecture\tracebox-design.md","line 830; section 13.2 Architecture","no handler-process polling;","See implementation ledger and architecture module map","evidence/; module tests; conformance/","HOST_UNIT_STATIC; applicable Android endpoint","NOT_STARTED",""
"ARCH-L0831","ARCH","docs\architecture\tracebox-design.md","line 831; section 13.2 Architecture","no periodic thread-dump capture;","See implementation ledger and architecture module map","evidence/; module tests; conformance/","HOST_UNIT_STATIC; applicable Android endpoint","NOT_STARTED",""
"ARCH-L0832","ARCH","docs\architecture\tracebox-design.md","line 832; section 13.2 Architecture","one rate-limited handler request only after a credible stall.","See implementation ledger and architecture module map","evidence/; module tests; conformance/","HOST_UNIT_STATIC; applicable Android endpoint","NOT_STARTED",""
"ARCH-L0838","ARCH","docs\architecture\tracebox-design.md","line 838; section 13.3 Adaptive operating modes","Process state | Behavior","See implementation ledger and architecture module map","evidence/; module tests; conformance/","HOST_UNIT_STATIC; applicable Android endpoint","NOT_STARTED",""
"ARCH-L0840","ARCH","docs\architecture\tracebox-design.md","line 840; section 13.3 Adaptive operating modes","Foreground interactive | Regular heartbeat and full candidate logic","See implementation ledger and architecture module map","evidence/; module tests; conformance/","HOST_UNIT_STATIC; applicable Android endpoint","NOT_STARTED",""
"ARCH-L0841","ARCH","docs\architecture\tracebox-design.md","line 841; section 13.3 Adaptive operating modes","Foreground non-interactive | Reduced heartbeat frequency","See implementation ledger and architecture module map","evidence/; module tests; conformance/","HOST_UNIT_STATIC; applicable Android endpoint","NOT_STARTED",""
"ARCH-L0842","ARCH","docs\architecture\tracebox-design.md","line 842; section 13.3 Adaptive operating modes","Active service/receiver | Component-specific policy; never reuse input-dispatch timeout blindly","See implementation ledger and architecture module map","evidence/; module tests; conformance/","HOST_UNIT_STATIC; applicable Android endpoint","NOT_STARTED",""
"ARCH-L0843","ARCH","docs\architecture\tracebox-design.md","line 843; section 13.3 Adaptive operating modes","No observable eligible component | Suspended","See implementation ledger and architecture module map","evidence/; module tests; conformance/","HOST_UNIT_STATIC; applicable Android endpoint","NOT_STARTED",""
"ARCH-L0844","ARCH","docs\architecture\tracebox-design.md","line 844; section 13.3 Adaptive operating modes","Debugger attached | Candidate generation suppressed or marked debugger-affected","See implementation ledger and architecture module map","evidence/; module tests; conformance/","HOST_UNIT_STATIC; applicable Android endpoint","NOT_STARTED",""
"ARCH-L0846","ARCH","docs\architecture\tracebox-design.md","line 846; section 13.3 Adaptive operating modes","Android's internal cached-process classification is not directly observable as an exact lifecycle callback. Tracebox bases eligibility on observable activity, service, receiver, and provider state and does not claim perfect alignment with the OS cached state. Exact intervals are measured configuration, not API constants.","See implementation ledger and architecture module map","evidence/; module tests; conformance/","HOST_UNIT_STATIC; applicable Android endpoint","NOT_STARTED",""
"ARCH-L0862","ARCH","docs\architecture\tracebox-design.md","line 862; section 13.4 Detection state machine","-> only when OS reason is REASON_ANR","See implementation ledger and architecture module map","evidence/; module tests; conformance/","HOST_UNIT_STATIC; applicable Android endpoint","NOT_STARTED",""
"ARCH-L0869","ARCH","docs\architecture\tracebox-design.md","line 869; section 13.5 Evidence levels","0 | Delayed heartbeat only | Stall observation","See implementation ledger and architecture module map","evidence/; module tests; conformance/","HOST_UNIT_STATIC; applicable Android endpoint","NOT_STARTED",""
"ARCH-L0870","ARCH","docs\architecture\tracebox-design.md","line 870; section 13.5 Evidence levels","1 | Repeated delay plus bounded main-thread samples | ANR candidate","See implementation ledger and architecture module map","evidence/; module tests; conformance/","HOST_UNIT_STATIC; applicable Android endpoint","NOT_STARTED",""
"ARCH-L0871","ARCH","docs\architecture\tracebox-design.md","line 871; section 13.5 Evidence levels","2 | Candidate plus nonfatal handler snapshot | High-confidence candidate","See implementation ledger and architecture module map","evidence/; module tests; conformance/","HOST_UNIT_STATIC; applicable Android endpoint","NOT_STARTED",""
"ARCH-L0872","ARCH","docs\architecture\tracebox-design.md","line 872; section 13.5 Evidence levels","3 | `ApplicationExitInfo.REASON_ANR` | Confirmed ANR","See implementation ledger and architecture module map","evidence/; module tests; conformance/","HOST_UNIT_STATIC; applicable Android endpoint","NOT_STARTED",""
"ARCH-L0873","ARCH","docs\architecture\tracebox-design.md","line 873; section 13.5 Evidence levels","4 | Confirmed ANR plus API 37 `AnrInfo` | Confirmed and classified","See implementation ledger and architecture module map","evidence/; module tests; conformance/","API30_API37_X86_64_AND_ALL_AVAILABLE_ARM64; page-size cells where available","NOT_STARTED",""
"ARCH-L0879","ARCH","docs\architecture\tracebox-design.md","line 879; section 13.6 Candidate capture","Record lifecycle and component context using generated enums.","See implementation ledger and architecture module map","evidence/; module tests; conformance/","HOST_UNIT_STATIC; applicable Android endpoint","NOT_STARTED",""
"ARCH-L0880","ARCH","docs\architecture\tracebox-design.md","line 880; section 13.6 Candidate capture","Record elapsed and wall-clock time with discontinuity flags.","See implementation ledger and architecture module map","evidence/; module tests; conformance/","HOST_UNIT_STATIC; applicable Android endpoint","NOT_STARTED",""
"ARCH-L0881","ARCH","docs\architecture\tracebox-design.md","line 881; section 13.6 Candidate capture","Capture the main-thread stack using a bounded representation.","See implementation ledger and architecture module map","evidence/; module tests; conformance/","HOST_UNIT_STATIC; applicable Android endpoint","NOT_STARTED",""
"ARCH-L0882","ARCH","docs\architecture\tracebox-design.md","line 882; section 13.6 Candidate capture","Capture at most a small fixed number of spaced samples.","See implementation ledger and architecture module map","evidence/; module tests; conformance/","HOST_UNIT_STATIC; applicable Android endpoint","NOT_STARTED",""
"ARCH-L0883","ARCH","docs\architecture\tracebox-design.md","line 883; section 13.6 Candidate capture","Request at most one nonfatal Crashpad snapshot per rate window.","See implementation ledger and architecture module map","evidence/; module tests; conformance/","HOST_UNIT_STATIC; applicable Android endpoint","NOT_STARTED",""
"ARCH-L0884","ARCH","docs\architecture\tracebox-design.md","line 884; section 13.6 Candidate capture","Record whether CPU starvation, debugger attachment, startup, suspend/resume, or handler unavailability affected confidence.","See implementation ledger and architecture module map","evidence/; module tests; conformance/","HOST_UNIT_STATIC; applicable Android endpoint","NOT_STARTED",""
"ARCH-L0888","ARCH","docs\architecture\tracebox-design.md","line 888; section 13.6 Candidate capture","Main-looper responsiveness does not cover every Android ANR. Async receiver completion, providers, binder pools, and component-specific timeout failures may occur while the main looper remains responsive. Those cases are captured through `ApplicationExitInfo` reconciliation and dedicated OS-ANR fixtures rather than claimed as live-watchdog coverage.","See implementation ledger and architecture module map","evidence/; module tests; conformance/","HOST_UNIT_STATIC; applicable Android endpoint","NOT_STARTED",""
"ARCH-L0892","ARCH","docs\architecture\tracebox-design.md","line 892; section 13.7 False-positive controls","startup grace period;","See implementation ledger and architecture module map","evidence/; module tests; conformance/","HOST_UNIT_STATIC; applicable Android endpoint","NOT_STARTED",""
"ARCH-L0893","ARCH","docs\architecture\tracebox-design.md","line 893; section 13.7 False-positive controls","debugger suppression;","See implementation ledger and architecture module map","evidence/; module tests; conformance/","HOST_UNIT_STATIC; applicable Android endpoint","NOT_STARTED",""
"ARCH-L0894","ARCH","docs\architecture\tracebox-design.md","line 894; section 13.7 False-positive controls","monotonic suspend-gap detection;","See implementation ledger and architecture module map","evidence/; module tests; conformance/","HOST_UNIT_STATIC; applicable Android endpoint","NOT_STARTED",""
"ARCH-L0895","ARCH","docs\architecture\tracebox-design.md","line 895; section 13.7 False-positive controls","foreground/component eligibility;","See implementation ledger and architecture module map","evidence/; module tests; conformance/","HOST_UNIT_STATIC; applicable Android endpoint","NOT_STARTED",""
"ARCH-L0896","ARCH","docs\architecture\tracebox-design.md","line 896; section 13.7 False-positive controls","adaptive thresholds;","See implementation ledger and architecture module map","evidence/; module tests; conformance/","HOST_UNIT_STATIC; applicable Android endpoint","NOT_STARTED",""
"ARCH-L0897","ARCH","docs\architecture\tracebox-design.md","line 897; section 13.7 False-positive controls","per-process token bucket;","See implementation ledger and architecture module map","evidence/; module tests; conformance/","HOST_UNIT_STATIC; applicable Android endpoint","NOT_STARTED",""
"ARCH-L0898","ARCH","docs\architecture\tracebox-design.md","line 898; section 13.7 False-positive controls","duplicate stack-signature suppression;","See implementation ledger and architecture module map","evidence/; module tests; conformance/","HOST_UNIT_STATIC; applicable Android endpoint","NOT_STARTED",""
"ARCH-L0899","ARCH","docs\architecture\tracebox-design.md","line 899; section 13.7 False-positive controls","no confirmation without OS evidence;","See implementation ledger and architecture module map","evidence/; module tests; conformance/","HOST_UNIT_STATIC; applicable Android endpoint","NOT_STARTED",""
"ARCH-L0900","ARCH","docs\architecture\tracebox-design.md","line 900; section 13.7 False-positive controls","separate classification of runnable-but-unscheduled versus blocked evidence when available.","See implementation ledger and architecture module map","evidence/; module tests; conformance/","HOST_UNIT_STATIC; applicable Android endpoint","NOT_STARTED",""
"ARCH-L0906","ARCH","docs\architecture\tracebox-design.md","line 906; section 13.8 Expected overhead","no disk I/O per heartbeat;","See implementation ledger and architecture module map","evidence/; module tests; conformance/","HOST_UNIT_STATIC; applicable Android endpoint","NOT_STARTED",""
"ARCH-L0907","ARCH","docs\architecture\tracebox-design.md","line 907; section 13.8 Expected overhead","no allocation after warm-up;","See implementation ledger and architecture module map","evidence/; module tests; conformance/","HOST_UNIT_STATIC; applicable Android endpoint","NOT_STARTED",""
"ARCH-L0908","ARCH","docs\architecture\tracebox-design.md","line 908; section 13.8 Expected overhead","no cross-process request while healthy;","See implementation ledger and architecture module map","evidence/; module tests; conformance/","HOST_UNIT_STATIC; applicable Android endpoint","NOT_STARTED",""
"ARCH-L0909","ARCH","docs\architecture\tracebox-design.md","line 909; section 13.8 Expected overhead","no heartbeat while no observable eligible component is active;","See implementation ledger and architecture module map","evidence/; module tests; conformance/","HOST_UNIT_STATIC; applicable Android endpoint","NOT_STARTED",""
"ARCH-L0910","ARCH","docs\architecture\tracebox-design.md","line 910; section 13.8 Expected overhead","no wakelock.","See implementation ledger and architecture module map","evidence/; module tests; conformance/","HOST_UNIT_STATIC; applicable Android endpoint","NOT_STARTED",""
"ARCH-L0916","ARCH","docs\architecture\tracebox-design.md","line 916; section 13.8 Expected overhead","Main-thread heartbeat work | Under 50 microseconds","See implementation ledger and architecture module map","evidence/; module tests; conformance/","HOST_UNIT_STATIC; applicable Android endpoint","NOT_STARTED",""
"ARCH-L0917","ARCH","docs\architecture\tracebox-design.md","line 917; section 13.8 Expected overhead","Foreground watchdog CPU | Under 0.2%","See implementation ledger and architecture module map","evidence/; module tests; conformance/","HOST_UNIT_STATIC; applicable Android endpoint","NOT_STARTED",""
"ARCH-L0918","ARCH","docs\architecture\tracebox-design.md","line 918; section 13.8 Expected overhead","Foreground wakeups | At most 30/minute","See implementation ledger and architecture module map","evidence/; module tests; conformance/","HOST_UNIT_STATIC; applicable Android endpoint","NOT_STARTED",""
"ARCH-L0919","ARCH","docs\architecture\tracebox-design.md","line 919; section 13.8 Expected overhead","Ineligible-state wakeups | Zero when suspended","See implementation ledger and architecture module map","evidence/; module tests; conformance/","HOST_UNIT_STATIC; applicable Android endpoint","NOT_STARTED",""
"ARCH-L0920","ARCH","docs\architecture\tracebox-design.md","line 920; section 13.8 Expected overhead","App-process retained memory | Under 512 KiB plus thread stack","See implementation ledger and architecture module map","evidence/; module tests; conformance/","HOST_UNIT_STATIC; applicable Android endpoint","NOT_STARTED",""
"ARCH-L0921","ARCH","docs\architecture\tracebox-design.md","line 921; section 13.8 Expected overhead","Nonfatal handler request | At most one per 10 minutes/process by default","See implementation ledger and architecture module map","evidence/; module tests; conformance/","HOST_UNIT_STATIC; applicable Android endpoint","NOT_STARTED",""
"ARCH-L0931","ARCH","docs\architecture\tracebox-design.md","line 931; section 14. Exit reconciliation","rescans bounded OS history and uses the exact source-key ledger for idempotency;","See implementation ledger and architecture module map","evidence/; module tests; conformance/","HOST_UNIT_STATIC; applicable Android endpoint","NOT_STARTED",""
"ARCH-L0932","ARCH","docs\architecture\tracebox-design.md","line 932; section 14. Exit reconciliation","handles bounded OS history and missing trace streams;","See implementation ledger and architecture module map","evidence/; module tests; conformance/","HOST_UNIT_STATIC; applicable Android endpoint","NOT_STARTED",""
"ARCH-L0933","ARCH","docs\architecture\tracebox-design.md","line 933; section 14. Exit reconciliation","requests a bounded non-sensitive process-instance/build fingerprint through `ActivityManager.setProcessStateSummary()` when available;","See implementation ledger and architecture module map","evidence/; module tests; conformance/","HOST_UNIT_STATIC; applicable Android endpoint","NOT_STARTED",""
"ARCH-L0934","ARCH","docs\architecture\tracebox-design.md","line 934; section 14. Exit reconciliation","correlates process name, timestamp, reason, PID, process-state summary, and local process-instance evidence;","See implementation ledger and architecture module map","evidence/; module tests; conformance/","HOST_UNIT_STATIC; applicable Android endpoint","NOT_STARTED",""
"ARCH-L0935","ARCH","docs\architecture\tracebox-design.md","line 935; section 14. Exit reconciliation","treats PID as non-unique across time;","See implementation ledger and architecture module map","evidence/; module tests; conformance/","HOST_UNIT_STATIC; applicable Android endpoint","NOT_STARTED",""
"ARCH-L0936","ARCH","docs\architecture\tracebox-design.md","line 936; section 14. Exit reconciliation","preserves unmatched evidence;","See implementation ledger and architecture module map","evidence/; module tests; conformance/","HOST_UNIT_STATIC; applicable Android endpoint","NOT_STARTED",""
"ARCH-L0937","ARCH","docs\architecture\tracebox-design.md","line 937; section 14. Exit reconciliation","stores watchdog candidates and OS exits as separate records connected by an explicit `UNMATCHED`, `POSSIBLE`, `PROBABLE`, or `EXACT` link;","See implementation ledger and architecture module map","evidence/; module tests; conformance/","HOST_UNIT_STATIC; applicable Android endpoint","NOT_STARTED",""
"ARCH-L0938","ARCH","docs\architecture\tracebox-design.md","line 938; section 14. Exit reconciliation","never changes a watchdog candidate into a confirmed record solely because a later ANR exit exists;","See implementation ledger and architecture module map","evidence/; module tests; conformance/","HOST_UNIT_STATIC; applicable Android endpoint","NOT_STARTED",""
"ARCH-L0939","ARCH","docs\architecture\tracebox-design.md","line 939; section 14. Exit reconciliation","does not backfill data disallowed by the active policy;","See implementation ledger and architecture module map","evidence/; module tests; conformance/","HOST_UNIT_STATIC; applicable Android endpoint","NOT_STARTED",""
"ARCH-L0940","ARCH","docs\architecture\tracebox-design.md","line 940; section 14. Exit reconciliation","reports that OS-owned exit history cannot be deleted by Tracebox.","See implementation ledger and architecture module map","evidence/; module tests; conformance/","HOST_UNIT_STATIC; applicable Android endpoint","NOT_STARTED",""
"ARCH-L0944","ARCH","docs\architecture\tracebox-design.md","line 944; section 14. Exit reconciliation","API 30+: exit reasons and ANR trace when retained.","See implementation ledger and architecture module map","evidence/; module tests; conformance/","API30_API37_X86_64_AND_ALL_AVAILABLE_ARM64; page-size cells where available","NOT_STARTED",""
"ARCH-L0945","ARCH","docs\architecture\tracebox-design.md","line 945; section 14. Exit reconciliation","API 31+: native tombstone stream when retained.","See implementation ledger and architecture module map","evidence/; module tests; conformance/","HOST_UNIT_STATIC; applicable Android endpoint","NOT_STARTED",""
"ARCH-L0946","ARCH","docs\architecture\tracebox-design.md","line 946; section 14. Exit reconciliation","API 37+: structured `AnrInfo` when present.","See implementation ledger and architecture module map","evidence/; module tests; conformance/","API30_API37_X86_64_AND_ALL_AVAILABLE_ARM64; page-size cells where available","NOT_STARTED",""
"ARCH-L0954","ARCH","docs\architecture\tracebox-design.md","line 954; section 15.1 Format","Plain: `*.tbdiag`, `application/zip` fallback.","See implementation ledger and architecture module map","evidence/; module tests; conformance/","HOST_UNIT_STATIC; applicable Android endpoint","NOT_STARTED",""
"ARCH-L0955","ARCH","docs\architecture\tracebox-design.md","line 955; section 15.1 Format","Encrypted: `*.tbdiag.age`, `application/octet-stream`.","See implementation ledger and architecture module map","evidence/; module tests; conformance/","HOST_UNIT_STATIC; applicable Android endpoint","NOT_STARTED",""
"ARCH-L0956","ARCH","docs\architecture\tracebox-design.md","line 956; section 15.1 Format","Normative manifest: deterministically encoded CBOR.","See implementation ledger and architecture module map","evidence/; module tests; conformance/","HOST_UNIT_STATIC; applicable Android endpoint","NOT_STARTED",""
"ARCH-L0957","ARCH","docs\architecture\tracebox-design.md","line 957; section 15.1 Format","Bulk records: generated protobuf-compatible messages.","See implementation ledger and architecture module map","evidence/; module tests; conformance/","HOST_UNIT_STATIC; applicable Android endpoint","NOT_STARTED",""
"ARCH-L0963","ARCH","docs\architecture\tracebox-design.md","line 963; section 15.2 V1 limits","Default plaintext size | 64 MiB","See implementation ledger and architecture module map","evidence/; module tests; conformance/","HOST_UNIT_STATIC; applicable Android endpoint","NOT_STARTED",""
"ARCH-L0964","ARCH","docs\architecture\tracebox-design.md","line 964; section 15.2 V1 limits","Hard plaintext size | 128 MiB","See implementation ledger and architecture module map","evidence/; module tests; conformance/","HOST_UNIT_STATIC; applicable Android endpoint","NOT_STARTED",""
"ARCH-L0965","ARCH","docs\architecture\tracebox-design.md","line 965; section 15.2 V1 limits","Archive entries | 128","See implementation ledger and architecture module map","evidence/; module tests; conformance/","HOST_UNIT_STATIC; applicable Android endpoint","NOT_STARTED",""
"ARCH-L0966","ARCH","docs\architecture\tracebox-design.md","line 966; section 15.2 V1 limits","Ordinary record | 16 KiB","See implementation ledger and architecture module map","evidence/; module tests; conformance/","API30_API37_X86_64_AND_ALL_AVAILABLE_ARM64; page-size cells where available","NOT_STARTED",""
"ARCH-L0967","ARCH","docs\architecture\tracebox-design.md","line 967; section 15.2 V1 limits","Emergency record | 4 KiB","See implementation ledger and architecture module map","evidence/; module tests; conformance/","API30_API37_X86_64_AND_ALL_AVAILABLE_ARM64; page-size cells where available","NOT_STARTED",""
"ARCH-L0968","ARCH","docs\architecture\tracebox-design.md","line 968; section 15.2 V1 limits","Nested archives | Prohibited","See implementation ledger and architecture module map","evidence/; module tests; conformance/","HOST_UNIT_STATIC; applicable Android endpoint","NOT_STARTED",""
"ARCH-L0969","ARCH","docs\architecture\tracebox-design.md","line 969; section 15.2 V1 limits","ZIP64 | Prohibited","See implementation ledger and architecture module map","evidence/; module tests; conformance/","HOST_UNIT_STATIC; applicable Android endpoint","NOT_STARTED",""
"ARCH-L0970","ARCH","docs\architecture\tracebox-design.md","line 970; section 15.2 V1 limits","Symlinks/devices | Prohibited","See implementation ledger and architecture module map","evidence/; module tests; conformance/","HOST_UNIT_STATIC; applicable Android endpoint","NOT_STARTED",""
"ARCH-L0971","ARCH","docs\architecture\tracebox-design.md","line 971; section 15.2 V1 limits","In-ZIP encryption | Prohibited","See implementation ledger and architecture module map","evidence/; module tests; conformance/","HOST_UNIT_STATIC; applicable Android endpoint","NOT_STARTED",""
"ARCH-L0972","ARCH","docs\architecture\tracebox-design.md","line 972; section 15.2 V1 limits","Arbitrary attachments | Prohibited","See implementation ledger and architecture module map","evidence/; module tests; conformance/","HOST_UNIT_STATIC; applicable Android endpoint","NOT_STARTED",""
"ARCH-L0978","ARCH","docs\architecture\tracebox-design.md","line 978; section 15.3 Snapshot workflow","Freeze source sequence cutoffs and policy generation.","See implementation ledger and architecture module map","evidence/; module tests; conformance/","HOST_UNIT_STATIC; applicable Android endpoint","NOT_STARTED",""
"ARCH-L0979","ARCH","docs\architecture\tracebox-design.md","line 979; section 15.3 Snapshot workflow","Validate, decrypt where applicable, filter, redact, and omit corruption.","See implementation ledger and architecture module map","evidence/; module tests; conformance/","HOST_FUZZ_SMOKE; nightly/certification duration per frozen protocol","NOT_STARTED",""
"ARCH-L0980","ARCH","docs\architecture\tracebox-design.md","line 980; section 15.3 Snapshot workflow","Materialize the complete deterministic plaintext `.tbdiag`.","See implementation ledger and architecture module map","evidence/; module tests; conformance/","HOST_UNIT_STATIC; applicable Android endpoint","NOT_STARTED",""
"ARCH-L0981","ARCH","docs\architecture\tracebox-design.md","line 981; section 15.3 Snapshot workflow","Compute the plaintext package SHA-256.","See implementation ledger and architecture module map","evidence/; module tests; conformance/","HOST_UNIT_STATIC; applicable Android endpoint","NOT_STARTED",""
"ARCH-L0982","ARCH","docs\architecture\tracebox-design.md","line 982; section 15.3 Snapshot workflow","Decode the exact package into the disclosure preview.","See implementation ledger and architecture module map","evidence/; module tests; conformance/","HOST_UNIT_STATIC; applicable Android endpoint","NOT_STARTED",""
"ARCH-L0983","ARCH","docs\architecture\tracebox-design.md","line 983; section 15.3 Snapshot workflow","Bind approval to digest, request, policy, protection, and recipients.","See implementation ledger and architecture module map","evidence/; module tests; conformance/","HOST_UNIT_STATIC; applicable Android endpoint","NOT_STARTED",""
"ARCH-L0984","ARCH","docs\architecture\tracebox-design.md","line 984; section 15.3 Snapshot workflow","Copy the exact file or encrypt the entire file.","See implementation ledger and architecture module map","evidence/; module tests; conformance/","HOST_UNIT_STATIC; applicable Android endpoint","NOT_STARTED",""
"ARCH-L0985","ARCH","docs\architecture\tracebox-design.md","line 985; section 15.3 Snapshot workflow","Emit a final outcome receipt.","See implementation ledger and architecture module map","evidence/; module tests; conformance/","HOST_UNIT_STATIC; applicable Android endpoint","NOT_STARTED",""
"ARCH-L0987","ARCH","docs\architecture\tracebox-design.md","line 987; section 15.3 Snapshot workflow","Generation after approval cannot add, remove, or transform content. Any mismatch invalidates the operation.","See implementation ledger and architecture module map","evidence/; module tests; conformance/","HOST_UNIT_STATIC; applicable Android endpoint","NOT_STARTED",""
"ARCH-L0991","ARCH","docs\architecture\tracebox-design.md","line 991; section 15.3 Snapshot workflow","stored only in CE `noBackupFilesDir`;","See implementation ledger and architecture module map","evidence/; module tests; conformance/","HOST_UNIT_STATIC; applicable Android endpoint","NOT_STARTED",""
"ARCH-L0992","ARCH","docs\architecture\tracebox-design.md","line 992; section 15.3 Snapshot workflow","charged to the hard snapshot/staging quota;","See implementation ledger and architecture module map","evidence/; module tests; conformance/","HOST_UNIT_STATIC; applicable Android endpoint","NOT_STARTED",""
"ARCH-L0993","ARCH","docs\architecture\tracebox-design.md","line 993; section 15.3 Snapshot workflow","classified at the maximum privacy class of their contents;","See implementation ledger and architecture module map","evidence/; module tests; conformance/","HOST_UNIT_STATIC; applicable Android endpoint","NOT_STARTED",""
"ARCH-L0994","ARCH","docs\architecture\tracebox-design.md","line 994; section 15.3 Snapshot workflow","encrypted with an ephemeral snapshot key when application-layer snapshot encryption is enabled;","See implementation ledger and architecture module map","evidence/; module tests; conformance/","HOST_UNIT_STATIC; applicable Android endpoint","NOT_STARTED",""
"ARCH-L0995","ARCH","docs\architecture\tracebox-design.md","line 995; section 15.3 Snapshot workflow","invalidated by tightening, deletion, expiry, recipient changes, or profile changes;","See implementation ledger and architecture module map","evidence/; module tests; conformance/","HOST_UNIT_STATIC; applicable Android endpoint","NOT_STARTED",""
"ARCH-L0996","ARCH","docs\architecture\tracebox-design.md","line 996; section 15.3 Snapshot workflow","removed by crash-recoverable startup cleanup and bounded TTL processing.","See implementation ledger and architecture module map","evidence/; module tests; conformance/","HOST_UNIT_STATIC; applicable Android endpoint","NOT_STARTED",""
"ARCH-L1002","ARCH","docs\architecture\tracebox-design.md","line 1002; section 15.4 Disclosure","included values;","android/tracebox-export/; android/tracebox-export-ui/; rust/tbdiag-format/","evidence/; module tests; conformance/","HOST_UNIT_STATIC; applicable Android endpoint","NOT_STARTED",""
"ARCH-L1003","ARCH","docs\architecture\tracebox-design.md","line 1003; section 15.4 Disclosure","counts and sizes;","android/tracebox-export/; android/tracebox-export-ui/; rust/tbdiag-format/","evidence/; module tests; conformance/","HOST_UNIT_STATIC; applicable Android endpoint","NOT_STARTED",""
"ARCH-L1004","ARCH","docs\architecture\tracebox-design.md","line 1004; section 15.4 Disclosure","privacy classes;","android/tracebox-export/; android/tracebox-export-ui/; rust/tbdiag-format/","evidence/; module tests; conformance/","HOST_UNIT_STATIC; applicable Android endpoint","NOT_STARTED",""
"ARCH-L1005","ARCH","docs\architecture\tracebox-design.md","line 1005; section 15.4 Disclosure","transformations and omissions;","android/tracebox-export/; android/tracebox-export-ui/; rust/tbdiag-format/","evidence/; module tests; conformance/","HOST_UNIT_STATIC; applicable Android endpoint","NOT_STARTED",""
"ARCH-L1006","ARCH","docs\architecture\tracebox-design.md","line 1006; section 15.4 Disclosure","source process and time ranges;","android/tracebox-export/; android/tracebox-export-ui/; rust/tbdiag-format/","evidence/; module tests; conformance/","HOST_UNIT_STATIC; applicable Android endpoint","NOT_STARTED",""
"ARCH-L1007","ARCH","docs\architecture\tracebox-design.md","line 1007; section 15.4 Disclosure","plaintext digest;","android/tracebox-export/; android/tracebox-export-ui/; rust/tbdiag-format/","evidence/; module tests; conformance/","HOST_UNIT_STATIC; applicable Android endpoint","NOT_STARTED",""
"ARCH-L1008","ARCH","docs\architecture\tracebox-design.md","line 1008; section 15.4 Disclosure","entry hashes;","android/tracebox-export/; android/tracebox-export-ui/; rust/tbdiag-format/","evidence/; module tests; conformance/","HOST_UNIT_STATIC; applicable Android endpoint","NOT_STARTED",""
"ARCH-L1009","ARCH","docs\architecture\tracebox-design.md","line 1009; section 15.4 Disclosure","recipient labels and fingerprints;","android/tracebox-export/; android/tracebox-export-ui/; rust/tbdiag-format/","evidence/; module tests; conformance/","HOST_UNIT_STATIC; applicable Android endpoint","NOT_STARTED",""
"ARCH-L1010","ARCH","docs\architecture\tracebox-design.md","line 1010; section 15.4 Disclosure","raw C2 artifacts selected.","android/tracebox-export/; android/tracebox-export-ui/; rust/tbdiag-format/","evidence/; module tests; conformance/","HOST_UNIT_STATIC; applicable Android endpoint","NOT_STARTED",""
"ARCH-L1016","ARCH","docs\architecture\tracebox-design.md","line 1016; section 15.4 Disclosure","semantic secrets may still exist in explicitly approved C2 data;","android/tracebox-export/; android/tracebox-export-ui/; rust/tbdiag-format/","evidence/; module tests; conformance/","HOST_UNIT_STATIC; applicable Android endpoint","NOT_STARTED",""
"ARCH-L1017","ARCH","docs\architecture\tracebox-design.md","line 1017; section 15.4 Disclosure","OS traces may be missing;","android/tracebox-export/; android/tracebox-export-ui/; rust/tbdiag-format/","evidence/; module tests; conformance/","HOST_UNIT_STATIC; applicable Android endpoint","NOT_STARTED",""
"ARCH-L1018","ARCH","docs\architecture\tracebox-design.md","line 1018; section 15.4 Disclosure","wall-clock time is not trusted;","android/tracebox-export/; android/tracebox-export-ui/; rust/tbdiag-format/","evidence/; module tests; conformance/","HOST_UNIT_STATIC; applicable Android endpoint","NOT_STARTED",""
"ARCH-L1019","ARCH","docs\architecture\tracebox-design.md","line 1019; section 15.4 Disclosure","a recipient or external document provider may retain or upload the package;","android/tracebox-export/; android/tracebox-export-ui/; rust/tbdiag-format/","evidence/; module tests; conformance/","HOST_UNIT_STATIC; applicable Android endpoint","NOT_STARTED",""
"ARCH-L1020","ARCH","docs\architecture\tracebox-design.md","line 1020; section 15.4 Disclosure","an offline embedded public key cannot be remotely revoked;","android/tracebox-export/; android/tracebox-export-ui/; rust/tbdiag-format/","evidence/; module tests; conformance/","HOST_UNIT_STATIC; applicable Android endpoint","NOT_STARTED",""
"ARCH-L1021","ARCH","docs\architecture\tracebox-design.md","line 1021; section 15.4 Disclosure","encrypted envelope size remains visible.","android/tracebox-export/; android/tracebox-export-ui/; rust/tbdiag-format/","evidence/; module tests; conformance/","HOST_UNIT_STATIC; applicable Android endpoint","NOT_STARTED",""
"ARCH-L1027","ARCH","docs\architecture\tracebox-design.md","line 1027; section 15.5 Final receipt","approved plaintext digest;","See implementation ledger and architecture module map","evidence/; module tests; conformance/","HOST_UNIT_STATIC; applicable Android endpoint","NOT_STARTED",""
"ARCH-L1028","ARCH","docs\architecture\tracebox-design.md","line 1028; section 15.5 Final receipt","output digest and size;","See implementation ledger and architecture module map","evidence/; module tests; conformance/","HOST_UNIT_STATIC; applicable Android endpoint","NOT_STARTED",""
"ARCH-L1029","ARCH","docs\architecture\tracebox-design.md","line 1029; section 15.5 Final receipt","plaintext/encrypted mode;","See implementation ledger and architecture module map","evidence/; module tests; conformance/","HOST_UNIT_STATIC; applicable Android endpoint","NOT_STARTED",""
"ARCH-L1030","ARCH","docs\architecture\tracebox-design.md","line 1030; section 15.5 Final receipt","recipients;","See implementation ledger and architecture module map","evidence/; module tests; conformance/","HOST_UNIT_STATIC; applicable Android endpoint","NOT_STARTED",""
"ARCH-L1031","ARCH","docs\architecture\tracebox-design.md","line 1031; section 15.5 Final receipt","generation result;","See implementation ledger and architecture module map","evidence/; module tests; conformance/","HOST_UNIT_STATIC; applicable Android endpoint","NOT_STARTED",""
"ARCH-L1032","ARCH","docs\architecture\tracebox-design.md","line 1032; section 15.5 Final receipt","save result;","See implementation ledger and architecture module map","evidence/; module tests; conformance/","HOST_UNIT_STATIC; applicable Android endpoint","NOT_STARTED",""
"ARCH-L1033","ARCH","docs\architecture\tracebox-design.md","line 1033; section 15.5 Final receipt","share handoff state: `NOT_STARTED`, `CHOOSER_OPENED`, `TARGET_SELECTED` when observable, or `DELIVERY_UNKNOWN`;","See implementation ledger and architecture module map","evidence/; module tests; conformance/","HOST_UNIT_STATIC; applicable Android endpoint","NOT_STARTED",""
"ARCH-L1034","ARCH","docs\architecture\tracebox-design.md","line 1034; section 15.5 Final receipt","cancellation result when observable;","See implementation ledger and architecture module map","evidence/; module tests; conformance/","HOST_UNIT_STATIC; applicable Android endpoint","NOT_STARTED",""
"ARCH-L1035","ARCH","docs\architecture\tracebox-design.md","line 1035; section 15.5 Final receipt","SAF partial-copy warning;","See implementation ledger and architecture module map","evidence/; module tests; conformance/","HOST_UNIT_STATIC; applicable Android endpoint","NOT_STARTED",""
"ARCH-L1036","ARCH","docs\architecture\tracebox-design.md","line 1036; section 15.5 Final receipt","staging expiry.","See implementation ledger and architecture module map","evidence/; module tests; conformance/","HOST_UNIT_STATIC; applicable Android endpoint","NOT_STARTED",""
"ARCH-L1038","ARCH","docs\architecture\tracebox-design.md","line 1038; section 15.5 Final receipt","Android does not provide proof that a share target received or retained the bytes. The receipt never reports successful delivery and never legitimizes changed content.","See implementation ledger and architecture module map","evidence/; module tests; conformance/","HOST_UNIT_STATIC; applicable Android endpoint","NOT_STARTED",""
"ARCH-L1046","ARCH","docs\architecture\tracebox-design.md","line 1046; section 16. Recipient encryption","pinned specification and implementation;","See implementation ledger and architecture module map","evidence/; module tests; conformance/","HOST_UNIT_STATIC; applicable Android endpoint","NOT_STARTED",""
"ARCH-L1047","ARCH","docs\architecture\tracebox-design.md","line 1047; section 16. Recipient encryption","X25519-only bounded recipient profile;","See implementation ledger and architecture module map","evidence/; module tests; conformance/","HOST_UNIT_STATIC; applicable Android endpoint","NOT_STARTED",""
"ARCH-L1048","ARCH","docs\architecture\tracebox-design.md","line 1048; section 16. Recipient encryption","CCTV vectors;","See implementation ledger and architecture module map","evidence/; module tests; conformance/","HOST_UNIT_STATIC; applicable Android endpoint","NOT_STARTED",""
"ARCH-L1049","ARCH","docs\architecture\tracebox-design.md","line 1049; section 16. Recipient encryption","differential interoperability with Go `age` and Rust `rage`;","See implementation ledger and architecture module map","evidence/; module tests; conformance/","HOST_UNIT_STATIC; applicable Android endpoint","NOT_STARTED",""
"ARCH-L1050","ARCH","docs\architecture\tracebox-design.md","line 1050; section 16. Recipient encryption","malformed-header and chunk fuzzing;","See implementation ledger and architecture module map","evidence/; module tests; conformance/","HOST_FUZZ_SMOKE; nightly/certification duration per frozen protocol","NOT_STARTED",""
"ARCH-L1051","ARCH","docs\architecture\tracebox-design.md","line 1051; section 16. Recipient encryption","API 30-37 and ABI qualification;","See implementation ledger and architecture module map","evidence/; module tests; conformance/","API30_API37_X86_64_AND_ALL_AVAILABLE_ARM64; page-size cells where available","NOT_STARTED",""
"ARCH-L1052","ARCH","docs\architecture\tracebox-design.md","line 1052; section 16. Recipient encryption","independent cryptographic review;","See implementation ledger and architecture module map","evidence/; module tests; conformance/","HOST_UNIT_STATIC; applicable Android endpoint","NOT_STARTED",""
"ARCH-L1053","ARCH","docs\architecture\tracebox-design.md","line 1053; section 16. Recipient encryption","no plugin, SSH, passphrase, armor, or network extension in Android v1;","See implementation ledger and architecture module map","evidence/; module tests; conformance/","HOST_STATIC; API30_API37_RUNTIME; blocked-egress controls","NOT_STARTED",""
"ARCH-L1054","ARCH","docs\architecture\tracebox-design.md","line 1054; section 16. Recipient encryption","no silent downgrade to plaintext.","See implementation ledger and architecture module map","evidence/; module tests; conformance/","HOST_UNIT_STATIC; applicable Android endpoint","NOT_STARTED",""
"ARCH-L1062","ARCH","docs\architecture\tracebox-design.md","line 1062; section 17. Save and share","non-exported `FileProvider`;","android/tracebox-export/; android/tracebox-export-ui/; rust/tbdiag-format/","evidence/; module tests; conformance/","HOST_UNIT_STATIC; applicable Android endpoint","NOT_STARTED",""
"ARCH-L1063","ARCH","docs\architecture\tracebox-design.md","line 1063; section 17. Save and share","one narrow staging directory;","android/tracebox-export/; android/tracebox-export-ui/; rust/tbdiag-format/","evidence/; module tests; conformance/","HOST_UNIT_STATIC; applicable Android endpoint","NOT_STARTED",""
"ARCH-L1064","ARCH","docs\architecture\tracebox-design.md","line 1064; section 17. Save and share","explicit read grant and `ClipData`;","android/tracebox-export/; android/tracebox-export-ui/; rust/tbdiag-format/","evidence/; module tests; conformance/","HOST_UNIT_STATIC; applicable Android endpoint","NOT_STARTED",""
"ARCH-L1065","ARCH","docs\architecture\tracebox-design.md","line 1065; section 17. Save and share","Android Sharesheet;","android/tracebox-export/; android/tracebox-export-ui/; rust/tbdiag-format/","evidence/; module tests; conformance/","HOST_UNIT_STATIC; applicable Android endpoint","NOT_STARTED",""
"ARCH-L1066","ARCH","docs\architecture\tracebox-design.md","line 1066; section 17. Save and share","bounded staging lease and TTL.","android/tracebox-export/; android/tracebox-export-ui/; rust/tbdiag-format/","evidence/; module tests; conformance/","HOST_UNIT_STATIC; applicable Android endpoint","NOT_STARTED",""
"ARCH-L1068","ARCH","docs\architecture\tracebox-design.md","line 1068; section 17. Save and share","The Tracebox-owned, non-exported disclosure activity renders the exact decoded preview and creates the opaque approval token after explicit confirmation. Hosts may theme documented resources but cannot bypass the production approval-token flow through public API.","android/tracebox-export/; android/tracebox-export-ui/; rust/tbdiag-format/","evidence/; module tests; conformance/","HOST_UNIT_STATIC; applicable Android endpoint","NOT_STARTED",""
"ARCH-L1072","ARCH","docs\architecture\tracebox-design.md","line 1072; section 17. Save and share","`ACTION_CREATE_DOCUMENT`;","android/tracebox-export/; android/tracebox-export-ui/; rust/tbdiag-format/","evidence/; module tests; conformance/","HOST_UNIT_STATIC; applicable Android endpoint","NOT_STARTED",""
"ARCH-L1073","ARCH","docs\architecture\tracebox-design.md","line 1073; section 17. Save and share","canonical package finalized internally first;","android/tracebox-export/; android/tracebox-export-ui/; rust/tbdiag-format/","evidence/; module tests; conformance/","HOST_UNIT_STATIC; applicable Android endpoint","NOT_STARTED",""
"ARCH-L1074","ARCH","docs\architecture\tracebox-design.md","line 1074; section 17. Save and share","background copy with progress and cancellation;","android/tracebox-export/; android/tracebox-export-ui/; rust/tbdiag-format/","evidence/; module tests; conformance/","HOST_UNIT_STATIC; applicable Android endpoint","NOT_STARTED",""
"ARCH-L1075","ARCH","docs\architecture\tracebox-design.md","line 1075; section 17. Save and share","no claim that an arbitrary SAF provider is atomic or offline.","android/tracebox-export/; android/tracebox-export-ui/; rust/tbdiag-format/","evidence/; module tests; conformance/","HOST_UNIT_STATIC; applicable Android endpoint","NOT_STARTED",""
"ARCH-L1098","ARCH","docs\architecture\tracebox-design.md","line 1098; section 18. Offline developer tooling","bounded streaming parsing;","conformance/; rust/tbdiag-cli/","evidence/; module tests; conformance/","HOST_UNIT_STATIC; applicable Android endpoint","NOT_STARTED",""
"ARCH-L1099","ARCH","docs\architecture\tracebox-design.md","line 1099; section 18. Offline developer tooling","no path extraction by default;","conformance/; rust/tbdiag-cli/","evidence/; module tests; conformance/","HOST_UNIT_STATIC; applicable Android endpoint","NOT_STARTED",""
"ARCH-L1100","ARCH","docs\architecture\tracebox-design.md","line 1100; section 18. Offline developer tooling","no plugins or network access;","conformance/; rust/tbdiag-cli/","evidence/; module tests; conformance/","HOST_STATIC; API30_API37_RUNTIME; blocked-egress controls","NOT_STARTED",""
"ARCH-L1101","ARCH","docs\architecture\tracebox-design.md","line 1101; section 18. Offline developer tooling","subprocess isolation for external symbol tools;","conformance/; rust/tbdiag-cli/","evidence/; module tests; conformance/","HOST_UNIT_STATIC; applicable Android endpoint","NOT_STARTED",""
"ARCH-L1102","ARCH","docs\architecture\tracebox-design.md","line 1102; section 18. Offline developer tooling","CPU, memory, file-count, and decompression limits;","conformance/; rust/tbdiag-cli/","evidence/; module tests; conformance/","HOST_UNIT_STATIC; applicable Android endpoint","NOT_STARTED",""
"ARCH-L1103","ARCH","docs\architecture\tracebox-design.md","line 1103; section 18. Offline developer tooling","exact build/ABI/hash matching;","conformance/; rust/tbdiag-cli/","evidence/; module tests; conformance/","HOST_UNIT_STATIC; applicable Android endpoint","NOT_STARTED",""
"ARCH-L1104","ARCH","docs\architecture\tracebox-design.md","line 1104; section 18. Offline developer tooling","hard failure instead of guessed symbols.","conformance/; rust/tbdiag-cli/","evidence/; module tests; conformance/","HOST_UNIT_STATIC; applicable Android endpoint","NOT_STARTED",""
"ARCH-L1110","ARCH","docs\architecture\tracebox-design.md","line 1110; section 19. Build integration","generate and validate schemas;","build-logic/; benchmarks/; test-apps/; specs/; docs/adr/","evidence/; module tests; conformance/","HOST_UNIT_STATIC; applicable Android endpoint","NOT_STARTED",""
"ARCH-L1111","ARCH","docs\architecture\tracebox-design.md","line 1111; section 19. Build integration","verify `minSdk` and `compileSdk`;","build-logic/; benchmarks/; test-apps/; specs/; docs/adr/","evidence/; module tests; conformance/","HOST_UNIT_STATIC; applicable Android endpoint","NOT_STARTED",""
"ARCH-L1112","ARCH","docs\architecture\tracebox-design.md","line 1112; section 19. Build integration","capture application/build/schema identity;","build-logic/; benchmarks/; test-apps/; specs/; docs/adr/","evidence/; module tests; conformance/","HOST_UNIT_STATIC; applicable Android endpoint","NOT_STARTED",""
"ARCH-L1113","ARCH","docs\architecture\tracebox-design.md","line 1113; section 19. Build integration","collect R8 mapping ID and hash;","build-logic/; benchmarks/; test-apps/; specs/; docs/adr/","evidence/; module tests; conformance/","HOST_UNIT_STATIC; applicable Android endpoint","NOT_STARTED",""
"ARCH-L1114","ARCH","docs\architecture\tracebox-design.md","line 1114; section 19. Build integration","collect ELF build IDs and symbols;","build-logic/; benchmarks/; test-apps/; specs/; docs/adr/","evidence/; module tests; conformance/","HOST_UNIT_STATIC; applicable Android endpoint","NOT_STARTED",""
"ARCH-L1115","ARCH","docs\architecture\tracebox-design.md","line 1115; section 19. Build integration","generate recipient and key provenance;","build-logic/; benchmarks/; test-apps/; specs/; docs/adr/","evidence/; module tests; conformance/","HOST_UNIT_STATIC; applicable Android endpoint","NOT_STARTED",""
"ARCH-L1116","ARCH","docs\architecture\tracebox-design.md","line 1116; section 19. Build integration","verify dependency locks;","build-logic/; benchmarks/; test-apps/; specs/; docs/adr/","evidence/; module tests; conformance/","HOST_UNIT_STATIC; applicable Android endpoint","NOT_STARTED",""
"ARCH-L1117","ARCH","docs\architecture\tracebox-design.md","line 1117; section 19. Build integration","inspect merged manifests;","build-logic/; benchmarks/; test-apps/; specs/; docs/adr/","evidence/; module tests; conformance/","HOST_UNIT_STATIC; applicable Android endpoint","NOT_STARTED",""
"ARCH-L1118","ARCH","docs\architecture\tracebox-design.md","line 1118; section 19. Build integration","fail release variants on forbidden dependencies or permissions.","build-logic/; benchmarks/; test-apps/; specs/; docs/adr/","evidence/; module tests; conformance/","HOST_UNIT_STATIC; applicable Android endpoint","NOT_STARTED",""
"ARCH-L1120","ARCH","docs\architecture\tracebox-design.md","line 1120; section 19. Build integration","An AAR cannot control the host's final `targetSdk`; the plugin reports and certifies the observed host configuration.","build-logic/; benchmarks/; test-apps/; specs/; docs/adr/","evidence/; module tests; conformance/","HOST_UNIT_STATIC; applicable Android endpoint","NOT_STARTED",""
"ARCH-L1132","ARCH","docs\architecture\tracebox-design.md","line 1132; section 20. No-network guarantee","no Tracebox-owned `INTERNET` permission;","conformance/; rust/tbdiag-cli/","evidence/; module tests; conformance/","HOST_STATIC; API30_API37_RUNTIME; blocked-egress controls","NOT_STARTED",""
"ARCH-L1133","ARCH","docs\architecture\tracebox-design.md","line 1133; section 20. No-network guarantee","dependency allowlist and verification;","conformance/; rust/tbdiag-cli/","evidence/; module tests; conformance/","HOST_UNIT_STATIC; applicable Android endpoint","NOT_STARTED",""
"ARCH-L1134","ARCH","docs\architecture\tracebox-design.md","line 1134; section 20. No-network guarantee","no HTTP/socket/DNS client packages in the runtime closure;","conformance/; rust/tbdiag-cli/","evidence/; module tests; conformance/","HOST_UNIT_STATIC; applicable Android endpoint","NOT_STARTED",""
"ARCH-L1135","ARCH","docs\architecture\tracebox-design.md","line 1135; section 20. No-network guarantee","DEX and native-import scans;","conformance/; rust/tbdiag-cli/","evidence/; module tests; conformance/","HOST_UNIT_STATIC; applicable Android endpoint","NOT_STARTED",""
"ARCH-L1136","ARCH","docs\architecture\tracebox-design.md","line 1136; section 20. No-network guarantee","no uploader code in the Crashpad build;","conformance/; rust/tbdiag-cli/","evidence/; module tests; conformance/","HOST_STATIC; API30_API37_RUNTIME; blocked-egress controls","NOT_STARTED",""
"ARCH-L1137","ARCH","docs\architecture\tracebox-design.md","line 1137; section 20. No-network guarantee","blocked-egress runtime exercise with a working control probe;","conformance/; rust/tbdiag-cli/","evidence/; module tests; conformance/","HOST_UNIT_STATIC; applicable Android endpoint","NOT_STARTED",""
"ARCH-L1138","ARCH","docs\architecture\tracebox-design.md","line 1138; section 20. No-network guarantee","host fixtures with and without host-owned networking;","conformance/; rust/tbdiag-cli/","evidence/; module tests; conformance/","HOST_STATIC; API30_API37_RUNTIME; blocked-egress controls","NOT_STARTED",""
"ARCH-L1139","ARCH","docs\architecture\tracebox-design.md","line 1139; section 20. No-network guarantee","packet and DNS observation during capture, export, encryption, save, and share preparation.","conformance/; rust/tbdiag-cli/","evidence/; module tests; conformance/","HOST_UNIT_STATIC; applicable Android endpoint","NOT_STARTED",""
"ARCH-L1143","ARCH","docs\architecture\tracebox-design.md","line 1143; section 21. Reliability behavior","Failure | Required behavior","See implementation ledger and architecture module map","evidence/; module tests; conformance/","HOST_UNIT_STATIC; applicable Android endpoint","NOT_STARTED",""
"ARCH-L1145","ARCH","docs\architecture\tracebox-design.md","line 1145; section 21. Reliability behavior","Handler unavailable | `Degraded`; emergency capture remains","See implementation ledger and architecture module map","evidence/; module tests; conformance/","HOST_UNIT_STATIC; applicable Android endpoint","NOT_STARTED",""
"ARCH-L1146","ARCH","docs\architecture\tracebox-design.md","line 1146; section 21. Reliability behavior","Handler dies | Detect through IPC death; no polling; reconnect on defined triggers","See implementation ledger and architecture module map","evidence/; module tests; conformance/","HOST_UNIT_STATIC; applicable Android endpoint","NOT_STARTED",""
"ARCH-L1147","ARCH","docs\architecture\tracebox-design.md","line 1147; section 21. Reliability behavior","Emergency write fails | Re-raise/chain immediately","See implementation ledger and architecture module map","evidence/; module tests; conformance/","HOST_UNIT_STATIC; applicable Android endpoint","NOT_STARTED",""
"ARCH-L1148","ARCH","docs\architecture\tracebox-design.md","line 1148; section 21. Reliability behavior","Storage full | Preserve reserves; drop lower priorities with bounded health code","See implementation ledger and architecture module map","evidence/; module tests; conformance/","HOST_UNIT_STATIC; applicable Android endpoint","NOT_STARTED",""
"ARCH-L1149","ARCH","docs\architecture\tracebox-design.md","line 1149; section 21. Reliability behavior","Partial segment | Keep valid prefix","See implementation ledger and architecture module map","evidence/; module tests; conformance/","HOST_UNIT_STATIC; applicable Android endpoint","NOT_STARTED",""
"ARCH-L1150","ARCH","docs\architecture\tracebox-design.md","line 1150; section 21. Reliability behavior","Corrupt segment | Quarantine affected data only","See implementation ledger and architecture module map","evidence/; module tests; conformance/","HOST_FUZZ_SMOKE; nightly/certification duration per frozen protocol","NOT_STARTED",""
"ARCH-L1151","ARCH","docs\architecture\tracebox-design.md","line 1151; section 21. Reliability behavior","Missing index | Scan segments and rebuild lazily","See implementation ledger and architecture module map","evidence/; module tests; conformance/","HOST_UNIT_STATIC; applicable Android endpoint","NOT_STARTED",""
"ARCH-L1152","ARCH","docs\architecture\tracebox-design.md","line 1152; section 21. Reliability behavior","Keystore unavailable in enabled encrypted mode | Stop protected writes; never write plaintext","See implementation ledger and architecture module map","evidence/; module tests; conformance/","HOST_UNIT_STATIC; applicable Android endpoint","NOT_STARTED",""
"ARCH-L1153","ARCH","docs\architecture\tracebox-design.md","line 1153; section 21. Reliability behavior","Crash during package preparation | Leave unapproved partial state; clean later","See implementation ledger and architecture module map","evidence/; module tests; conformance/","HOST_UNIT_STATIC; applicable Android endpoint","NOT_STARTED",""
"ARCH-L1154","ARCH","docs\architecture\tracebox-design.md","line 1154; section 21. Reliability behavior","Policy tightens during preview | Invalidate snapshot and approval","See implementation ledger and architecture module map","evidence/; module tests; conformance/","HOST_UNIT_STATIC; applicable Android endpoint","NOT_STARTED",""
"ARCH-L1155","ARCH","docs\architecture\tracebox-design.md","line 1155; section 21. Reliability behavior","Deletion cannot remove all library-owned data | Return pending failure; retain deny state and retry journal","See implementation ledger and architecture module map","evidence/; module tests; conformance/","HOST_UNIT_STATIC; applicable Android endpoint","NOT_STARTED",""
"ARCH-L1156","ARCH","docs\architecture\tracebox-design.md","line 1156; section 21. Reliability behavior","Encryption fails | Abort encrypted output; never create plaintext fallback","See implementation ledger and architecture module map","evidence/; module tests; conformance/","HOST_UNIT_STATIC; applicable Android endpoint","NOT_STARTED",""
"ARCH-L1157","ARCH","docs\architecture\tracebox-design.md","line 1157; section 21. Reliability behavior","Symbols mismatch | Preserve raw addresses and return hard mismatch","See implementation ledger and architecture module map","evidence/; module tests; conformance/","HOST_UNIT_STATIC; applicable Android endpoint","NOT_STARTED",""
"ARCH-L1158","ARCH","docs\architecture\tracebox-design.md","line 1158; section 21. Reliability behavior","Handler conflict | Apply configured coexistence policy and report degradation","See implementation ledger and architecture module map","evidence/; module tests; conformance/","HOST_UNIT_STATIC; applicable Android endpoint","NOT_STARTED",""
"ARCH-L1159","ARCH","docs\architecture\tracebox-design.md","line 1159; section 21. Reliability behavior","ANR candidate recovers | Store recovered-stall evidence, not confirmed ANR","See implementation ledger and architecture module map","evidence/; module tests; conformance/","HOST_UNIT_STATIC; applicable Android endpoint","NOT_STARTED",""
"ARCH-L1165","ARCH","docs\architecture\tracebox-design.md","line 1165; section 22.1 Architectural invariants","No ordinary main-thread disk I/O.","See implementation ledger and architecture module map","evidence/; module tests; conformance/","HOST_UNIT_STATIC; applicable Android endpoint","NOT_STARTED",""
"ARCH-L1166","ARCH","docs\architecture\tracebox-design.md","line 1166; section 22.1 Architectural invariants","No handler polling or timer-driven maintenance.","See implementation ledger and architecture module map","evidence/; module tests; conformance/","HOST_UNIT_STATIC; applicable Android endpoint","NOT_STARTED",""
"ARCH-L1167","ARCH","docs\architecture\tracebox-design.md","line 1167; section 22.1 Architectural invariants","No wakelock.","See implementation ledger and architecture module map","evidence/; module tests; conformance/","HOST_UNIT_STATIC; applicable Android endpoint","NOT_STARTED",""
"ARCH-L1168","ARCH","docs\architecture\tracebox-design.md","line 1168; section 22.1 Architectural invariants","No network operation.","See implementation ledger and architecture module map","evidence/; module tests; conformance/","HOST_STATIC; API30_API37_RUNTIME; blocked-egress controls","NOT_STARTED",""
"ARCH-L1169","ARCH","docs\architecture\tracebox-design.md","line 1169; section 22.1 Architectural invariants","No unbounded queue, record, parser, archive, or retry.","See implementation ledger and architecture module map","evidence/; module tests; conformance/","HOST_UNIT_STATIC; applicable Android endpoint","NOT_STARTED",""
"ARCH-L1170","ARCH","docs\architecture\tracebox-design.md","line 1170; section 22.1 Architectural invariants","No crash-time compression, encryption, SQLite, or complex JNI.","See implementation ledger and architecture module map","evidence/; module tests; conformance/","HOST_UNIT_STATIC; applicable Android endpoint","NOT_STARTED",""
"ARCH-L1171","ARCH","docs\architecture\tracebox-design.md","line 1171; section 22.1 Architectural invariants","Hard role and UID-wide storage bounds are never exceeded.","See implementation ledger and architecture module map","evidence/; module tests; conformance/","HOST_UNIT_STATIC; applicable Android endpoint","NOT_STARTED",""
"ARCH-L1172","ARCH","docs\architecture\tracebox-design.md","line 1172; section 22.1 Architectural invariants","ANR heartbeat is suspended when no observable eligible component is active.","See implementation ledger and architecture module map","evidence/; module tests; conformance/","HOST_UNIT_STATIC; applicable Android endpoint","NOT_STARTED",""
"ARCH-L1178","ARCH","docs\architecture\tracebox-design.md","line 1178; section 22.2 Provisional budgets","Install to VolatileCapture | p95 <= 2 ms","See implementation ledger and architecture module map","evidence/; module tests; conformance/","HOST_UNIT_STATIC; applicable Android endpoint","NOT_STARTED",""
"ARCH-L1179","ARCH","docs\architecture\tracebox-design.md","line 1179; section 22.2 Provisional budgets","Cold transition to Durable | p95 <= 500 ms","See implementation ledger and architecture module map","evidence/; module tests; conformance/","HOST_UNIT_STATIC; applicable Android endpoint","NOT_STARTED",""
"ARCH-L1180","ARCH","docs\architecture\tracebox-design.md","line 1180; section 22.2 Provisional budgets","Enabled small record | p99 <= 15 microseconds","See implementation ledger and architecture module map","evidence/; module tests; conformance/","HOST_UNIT_STATIC; applicable Android endpoint","NOT_STARTED",""
"ARCH-L1181","ARCH","docs\architecture\tracebox-design.md","line 1181; section 22.2 Provisional budgets","Core app-process retained heap | <= 3 MiB","See implementation ledger and architecture module map","evidence/; module tests; conformance/","HOST_UNIT_STATIC; applicable Android endpoint","NOT_STARTED",""
"ARCH-L1182","ARCH","docs\architecture\tracebox-design.md","line 1182; section 22.2 Provisional budgets","Handler idle PSS | <= 12 MiB provisional ceiling","See implementation ledger and architecture module map","evidence/; module tests; conformance/","HOST_UNIT_STATIC; applicable Android endpoint","NOT_STARTED",""
"ARCH-L1183","ARCH","docs\architecture\tracebox-design.md","line 1183; section 22.2 Provisional budgets","Handler idle CPU | Below measurable noise","See implementation ledger and architecture module map","evidence/; module tests; conformance/","HOST_UNIT_STATIC; applicable Android endpoint","NOT_STARTED",""
"ARCH-L1184","ARCH","docs\architecture\tracebox-design.md","line 1184; section 22.2 Provisional budgets","Handler timer wakeups | Zero without IPC","See implementation ledger and architecture module map","evidence/; module tests; conformance/","HOST_UNIT_STATIC; applicable Android endpoint","NOT_STARTED",""
"ARCH-L1185","ARCH","docs\architecture\tracebox-design.md","line 1185; section 22.2 Provisional budgets","Native compressed size | <= 4 MiB per ABI provisional","See implementation ledger and architecture module map","evidence/; module tests; conformance/","HOST_UNIT_STATIC; applicable Android endpoint","NOT_STARTED",""
"ARCH-L1186","ARCH","docs\architecture\tracebox-design.md","line 1186; section 22.2 Provisional budgets","Fatal capture completion | p95 <= 2 seconds","See implementation ledger and architecture module map","evidence/; module tests; conformance/","HOST_UNIT_STATIC; applicable Android endpoint","NOT_STARTED",""
"ARCH-L1187","ARCH","docs\architecture\tracebox-design.md","line 1187; section 22.2 Provisional budgets","Package working memory | <= 8 MiB beyond output buffers","See implementation ledger and architecture module map","evidence/; module tests; conformance/","HOST_UNIT_STATIC; applicable Android endpoint","NOT_STARTED",""
"ARCH-L1195","ARCH","docs\architecture\tracebox-design.md","line 1195; section 23.1 Platform matrix","API 30, 31, 33, 34, 35, 36, and 37.","See implementation ledger and architecture module map","evidence/; module tests; conformance/","API30_API37_X86_64_AND_ALL_AVAILABLE_ARM64; page-size cells where available","NOT_STARTED",""
"ARCH-L1196","ARCH","docs\architecture\tracebox-design.md","line 1196; section 23.1 Platform matrix","API 37.1 preview advisory lane.","See implementation ledger and architecture module map","evidence/; module tests; conformance/","API30_API37_X86_64_AND_ALL_AVAILABLE_ARM64; page-size cells where available","NOT_STARTED",""
"ARCH-L1197","ARCH","docs\architecture\tracebox-design.md","line 1197; section 23.1 Platform matrix","`arm64-v8a` physical devices.","See implementation ledger and architecture module map","evidence/; module tests; conformance/","API30_API37_X86_64_AND_ALL_AVAILABLE_ARM64; page-size cells where available","NOT_STARTED",""
"ARCH-L1198","ARCH","docs\architecture\tracebox-design.md","line 1198; section 23.1 Platform matrix","`x86_64` emulators.","See implementation ledger and architecture module map","evidence/; module tests; conformance/","API30_API37_X86_64_AND_ALL_AVAILABLE_ARM64; page-size cells where available","NOT_STARTED",""
"ARCH-L1199","ARCH","docs\architecture\tracebox-design.md","line 1199; section 23.1 Platform matrix","4 KiB and 16 KiB page sizes.","See implementation ledger and architecture module map","evidence/; module tests; conformance/","API30_API37_X86_64_AND_ALL_AVAILABLE_ARM64; page-size cells where available","NOT_STARTED",""
"ARCH-L1200","ARCH","docs\architecture\tracebox-design.md","line 1200; section 23.1 Platform matrix","Pixel and at least two materially different OEM families.","See implementation ledger and architecture module map","evidence/; module tests; conformance/","HOST_UNIT_STATIC; applicable Android endpoint","NOT_STARTED",""
"ARCH-L1201","ARCH","docs\architecture\tracebox-design.md","line 1201; section 23.1 Platform matrix","Debug, minified release, and debuggable-release fixtures.","See implementation ledger and architecture module map","evidence/; module tests; conformance/","HOST_UNIT_STATIC; applicable Android endpoint","NOT_STARTED",""
"ARCH-L1205","ARCH","docs\architecture\tracebox-design.md","line 1205; section 23.2 Crashpad","Every supported fatal signal.","native/; android/tracebox-native/; android/tracebox-anr-exit/","evidence/phase0/; benchmarks/; test-apps/","HOST_UNIT_STATIC; applicable Android endpoint","NOT_STARTED",""
"ARCH-L1206","ARCH","docs\architecture\tracebox-design.md","line 1206; section 23.2 Crashpad","C++ and Rust faults.","native/; android/tracebox-native/; android/tracebox-anr-exit/","evidence/phase0/; benchmarks/; test-apps/","HOST_UNIT_STATIC; applicable Android endpoint","NOT_STARTED",""
"ARCH-L1207","ARCH","docs\architecture\tracebox-design.md","line 1207; section 23.2 Crashpad","Main and secondary processes.","native/; android/tracebox-native/; android/tracebox-anr-exit/","evidence/phase0/; benchmarks/; test-apps/","HOST_UNIT_STATIC; applicable Android endpoint","NOT_STARTED",""
"ARCH-L1208","ARCH","docs\architecture\tracebox-design.md","line 1208; section 23.2 Crashpad","Simultaneous clients.","native/; android/tracebox-native/; android/tracebox-anr-exit/","evidence/phase0/; benchmarks/; test-apps/","HOST_UNIT_STATIC; applicable Android endpoint","NOT_STARTED",""
"ARCH-L1209","ARCH","docs\architecture\tracebox-design.md","line 1209; section 23.2 Crashpad","Handler cold, running, killed, restarted, hung, and storage constrained.","native/; android/tracebox-native/; android/tracebox-anr-exit/","evidence/phase0/; benchmarks/; test-apps/","HOST_UNIT_STATIC; applicable Android endpoint","NOT_STARTED",""
"ARCH-L1210","ARCH","docs\architecture\tracebox-design.md","line 1210; section 23.2 Crashpad","Recursive crash and stack overflow.","native/; android/tracebox-native/; android/tracebox-anr-exit/","evidence/phase0/; benchmarks/; test-apps/","HOST_UNIT_STATIC; applicable Android endpoint","NOT_STARTED",""
"ARCH-L1211","ARCH","docs\architecture\tracebox-design.md","line 1211; section 23.2 Crashpad","Competing handler policies.","native/; android/tracebox-native/; android/tracebox-anr-exit/","evidence/phase0/; benchmarks/; test-apps/","HOST_UNIT_STATIC; applicable Android endpoint","NOT_STARTED",""
"ARCH-L1212","ARCH","docs\architecture\tracebox-design.md","line 1212; section 23.2 Crashpad","Debugger attached.","native/; android/tracebox-native/; android/tracebox-anr-exit/","evidence/phase0/; benchmarks/; test-apps/","HOST_UNIT_STATIC; applicable Android endpoint","NOT_STARTED",""
"ARCH-L1213","ARCH","docs\architecture\tracebox-design.md","line 1213; section 23.2 Crashpad","Origin quota attribution.","native/; android/tracebox-native/; android/tracebox-anr-exit/","evidence/phase0/; benchmarks/; test-apps/","HOST_UNIT_STATIC; applicable Android endpoint","NOT_STARTED",""
"ARCH-L1214","ARCH","docs\architecture\tracebox-design.md","line 1214; section 23.2 Crashpad","Seeded-secret scanning of raw and structural outputs.","native/; android/tracebox-native/; android/tracebox-anr-exit/","evidence/phase0/; benchmarks/; test-apps/","HOST_UNIT_STATIC; applicable Android endpoint","NOT_STARTED",""
"ARCH-L1215","ARCH","docs\architecture\tracebox-design.md","line 1215; section 23.2 Crashpad","No uploader or network code.","native/; android/tracebox-native/; android/tracebox-anr-exit/","evidence/phase0/; benchmarks/; test-apps/","HOST_STATIC; API30_API37_RUNTIME; blocked-egress controls","NOT_STARTED",""
"ARCH-L1221","ARCH","docs\architecture\tracebox-design.md","line 1221; section 23.3 ANR","Deadlock, busy loop, binder wait, disk I/O, and long main task.","native/; android/tracebox-native/; android/tracebox-anr-exit/","evidence/phase0/; benchmarks/; test-apps/","HOST_UNIT_STATIC; applicable Android endpoint","NOT_STARTED",""
"ARCH-L1222","ARCH","docs\architecture\tracebox-design.md","line 1222; section 23.3 ANR","Debugger pause.","native/; android/tracebox-native/; android/tracebox-anr-exit/","evidence/phase0/; benchmarks/; test-apps/","HOST_UNIT_STATIC; applicable Android endpoint","NOT_STARTED",""
"ARCH-L1223","ARCH","docs\architecture\tracebox-design.md","line 1223; section 23.3 ANR","GC and CPU starvation.","native/; android/tracebox-native/; android/tracebox-anr-exit/","evidence/phase0/; benchmarks/; test-apps/","HOST_UNIT_STATIC; applicable Android endpoint","NOT_STARTED",""
"ARCH-L1224","ARCH","docs\architecture\tracebox-design.md","line 1224; section 23.3 ANR","Startup and lifecycle transitions.","native/; android/tracebox-native/; android/tracebox-anr-exit/","evidence/phase0/; benchmarks/; test-apps/","HOST_UNIT_STATIC; applicable Android endpoint","NOT_STARTED",""
"ARCH-L1225","ARCH","docs\architecture\tracebox-design.md","line 1225; section 23.3 ANR","Suspend/resume and wall-clock changes.","native/; android/tracebox-native/; android/tracebox-anr-exit/","evidence/phase0/; benchmarks/; test-apps/","HOST_UNIT_STATIC; applicable Android endpoint","NOT_STARTED",""
"ARCH-L1226","ARCH","docs\architecture\tracebox-design.md","line 1226; section 23.3 ANR","Foreground, service, background, and cached states.","native/; android/tracebox-native/; android/tracebox-anr-exit/","evidence/phase0/; benchmarks/; test-apps/","HOST_UNIT_STATIC; applicable Android endpoint","NOT_STARTED",""
"ARCH-L1227","ARCH","docs\architecture\tracebox-design.md","line 1227; section 23.3 ANR","Handler unavailable.","native/; android/tracebox-native/; android/tracebox-anr-exit/","evidence/phase0/; benchmarks/; test-apps/","HOST_UNIT_STATIC; applicable Android endpoint","NOT_STARTED",""
"ARCH-L1228","ARCH","docs\architecture\tracebox-design.md","line 1228; section 23.3 ANR","Repeated identical stalls.","native/; android/tracebox-native/; android/tracebox-anr-exit/","evidence/phase0/; benchmarks/; test-apps/","HOST_UNIT_STATIC; applicable Android endpoint","NOT_STARTED",""
"ARCH-L1229","ARCH","docs\architecture\tracebox-design.md","line 1229; section 23.3 ANR","`ApplicationExitInfo` confirmation and absence.","native/; android/tracebox-native/; android/tracebox-anr-exit/","evidence/phase0/; benchmarks/; test-apps/","HOST_UNIT_STATIC; applicable Android endpoint","NOT_STARTED",""
"ARCH-L1235","ARCH","docs\architecture\tracebox-design.md","line 1235; section 23.4 Storage and privacy","Process kill at every frame boundary.","specs/; schema/; tooling/schema-compiler/","evidence/; module tests; conformance/","HOST_UNIT_STATIC; applicable Android endpoint","NOT_STARTED",""
"ARCH-L1236","ARCH","docs\architecture\tracebox-design.md","line 1236; section 23.4 Storage and privacy","Partial writes and corrupt lengths/CRC.","specs/; schema/; tooling/schema-compiler/","evidence/; module tests; conformance/","HOST_FUZZ_SMOKE; nightly/certification duration per frozen protocol","NOT_STARTED",""
"ARCH-L1237","ARCH","docs\architecture\tracebox-design.md","line 1237; section 23.4 Storage and privacy","Primary process absent.","specs/; schema/; tooling/schema-compiler/","evidence/; module tests; conformance/","HOST_UNIT_STATIC; applicable Android endpoint","NOT_STARTED",""
"ARCH-L1238","ARCH","docs\architecture\tracebox-design.md","line 1238; section 23.4 Storage and privacy","PID reuse.","specs/; schema/; tooling/schema-compiler/","evidence/; module tests; conformance/","HOST_UNIT_STATIC; applicable Android endpoint","NOT_STARTED",""
"ARCH-L1239","ARCH","docs\architecture\tracebox-design.md","line 1239; section 23.4 Storage and privacy","process-role quota races and restart churn;","specs/; schema/; tooling/schema-compiler/","evidence/; module tests; conformance/","HOST_UNIT_STATIC; applicable Android endpoint","NOT_STARTED",""
"ARCH-L1240","ARCH","docs\architecture\tracebox-design.md","line 1240; section 23.4 Storage and privacy","hard UID-wide bound with primary/reconciler absent;","specs/; schema/; tooling/schema-compiler/","evidence/; module tests; conformance/","HOST_UNIT_STATIC; applicable Android endpoint","NOT_STARTED",""
"ARCH-L1241","ARCH","docs\architecture\tracebox-design.md","line 1241; section 23.4 Storage and privacy","coordinator death/restart with live clients;","specs/; schema/; tooling/schema-compiler/","evidence/; module tests; conformance/","HOST_UNIT_STATIC; applicable Android endpoint","NOT_STARTED",""
"ARCH-L1242","ARCH","docs\architecture\tracebox-design.md","line 1242; section 23.4 Storage and privacy","lease-lock death proof, census tombstoning, ambiguous lease failure, and reboot recovery;","specs/; schema/; tooling/schema-compiler/","evidence/; module tests; conformance/","HOST_UNIT_STATIC; applicable Android endpoint","NOT_STARTED",""
"ARCH-L1243","ARCH","docs\architecture\tracebox-design.md","line 1243; section 23.4 Storage and privacy","policy updates with missing, stale, and unacknowledged participants;","specs/; schema/; tooling/schema-compiler/","evidence/; module tests; conformance/","HOST_UNIT_STATIC; applicable Android endpoint","NOT_STARTED",""
"ARCH-L1244","ARCH","docs\architecture\tracebox-design.md","line 1244; section 23.4 Storage and privacy","Unknown fields and missing classes.","specs/; schema/; tooling/schema-compiler/","evidence/; module tests; conformance/","HOST_UNIT_STATIC; applicable Android endpoint","NOT_STARTED",""
"ARCH-L1245","ARCH","docs\architecture\tracebox-design.md","line 1245; section 23.4 Storage and privacy","C2 attempted under lower profiles.","specs/; schema/; tooling/schema-compiler/","evidence/; module tests; conformance/","HOST_UNIT_STATIC; applicable Android endpoint","NOT_STARTED",""
"ARCH-L1246","ARCH","docs\architecture\tracebox-design.md","line 1246; section 23.4 Storage and privacy","policy tightening while writing and previewing;","specs/; schema/; tooling/schema-compiler/","evidence/; module tests; conformance/","HOST_UNIT_STATIC; applicable Android endpoint","NOT_STARTED",""
"ARCH-L1247","ARCH","docs\architecture\tracebox-design.md","line 1247; section 23.4 Storage and privacy","Direct Boot C1/C2 rejection.","specs/; schema/; tooling/schema-compiler/","evidence/; module tests; conformance/","HOST_UNIT_STATIC; applicable Android endpoint","NOT_STARTED",""
"ARCH-L1251","ARCH","docs\architecture\tracebox-design.md","line 1251; section 23.5 Package and tooling","Deterministic CBOR and ZIP vectors.","android/tracebox-export/; android/tracebox-export-ui/; rust/tbdiag-format/","evidence/; module tests; conformance/","HOST_UNIT_STATIC; applicable Android endpoint","NOT_STARTED",""
"ARCH-L1252","ARCH","docs\architecture\tracebox-design.md","line 1252; section 23.5 Package and tooling","64/128 MiB and 128/129-entry boundaries.","android/tracebox-export/; android/tracebox-export-ui/; rust/tbdiag-format/","evidence/; module tests; conformance/","HOST_UNIT_STATIC; applicable Android endpoint","NOT_STARTED",""
"ARCH-L1253","ARCH","docs\architecture\tracebox-design.md","line 1253; section 23.5 Package and tooling","ZIP traversal, duplicates, nesting, ZIP64, symlink, comments, extras, bombs.","android/tracebox-export/; android/tracebox-export-ui/; rust/tbdiag-format/","evidence/; module tests; conformance/","HOST_UNIT_STATIC; applicable Android endpoint","NOT_STARTED",""
"ARCH-L1254","ARCH","docs\architecture\tracebox-design.md","line 1254; section 23.5 Package and tooling","Cancellation at every boundary.","android/tracebox-export/; android/tracebox-export-ui/; rust/tbdiag-format/","evidence/; module tests; conformance/","HOST_UNIT_STATIC; applicable Android endpoint","NOT_STARTED",""
"ARCH-L1255","ARCH","docs\architecture\tracebox-design.md","line 1255; section 23.5 Package and tooling","R8 inline frames and mapping mismatch.","android/tracebox-export/; android/tracebox-export-ui/; rust/tbdiag-format/","evidence/; module tests; conformance/","HOST_UNIT_STATIC; applicable Android endpoint","NOT_STARTED",""
"ARCH-L1256","ARCH","docs\architecture\tracebox-design.md","line 1256; section 23.5 Package and tooling","ELF/ABI/hash mismatch.","android/tracebox-export/; android/tracebox-export-ui/; rust/tbdiag-format/","evidence/; module tests; conformance/","HOST_UNIT_STATIC; applicable Android endpoint","NOT_STARTED",""
"ARCH-L1257","ARCH","docs\architecture\tracebox-design.md","line 1257; section 23.5 Package and tooling","Mixed Rust/C++ stacks.","android/tracebox-export/; android/tracebox-export-ui/; rust/tbdiag-format/","evidence/; module tests; conformance/","HOST_UNIT_STATIC; applicable Android endpoint","NOT_STARTED",""
"ARCH-L1258","ARCH","docs\architecture\tracebox-design.md","line 1258; section 23.5 Package and tooling","Malicious symbol archives.","android/tracebox-export/; android/tracebox-export-ui/; rust/tbdiag-format/","evidence/; module tests; conformance/","HOST_FUZZ_SMOKE; nightly/certification duration per frozen protocol","NOT_STARTED",""
"ARCH-L1259","ARCH","docs\architecture\tracebox-design.md","line 1259; section 23.5 Package and tooling","CLI fuzzing and resource limits.","android/tracebox-export/; android/tracebox-export-ui/; rust/tbdiag-format/","evidence/; module tests; conformance/","HOST_FUZZ_SMOKE; nightly/certification duration per frozen protocol","NOT_STARTED",""
"ARCH-L1266","ARCH","docs\architecture\tracebox-design.md","line 1266; section 24. Security and privacy fitness functions","No Prohibited schema construct compiles.","specs/; schema/; tooling/schema-compiler/","evidence/; module tests; conformance/","HOST_UNIT_STATIC; applicable Android endpoint","NOT_STARTED",""
"ARCH-L1268","ARCH","docs\architecture\tracebox-design.md","line 1268; section 24. Security and privacy fitness functions","C1/C2 cannot enter Direct Boot storage.","specs/; schema/; tooling/schema-compiler/","evidence/; module tests; conformance/","HOST_UNIT_STATIC; applicable Android endpoint","NOT_STARTED",""
"ARCH-L1269","ARCH","docs\architecture\tracebox-design.md","line 1269; section 24. Security and privacy fitness functions","Raw minidumps cannot enter Standard packages.","specs/; schema/; tooling/schema-compiler/","evidence/; module tests; conformance/","HOST_UNIT_STATIC; applicable Android endpoint","NOT_STARTED",""
"ARCH-L1270","ARCH","docs\architecture\tracebox-design.md","line 1270; section 24. Security and privacy fitness functions","Tracebox internal storage IDs are never intentionally encoded in `.tbdiag` paths, manifests, generated records, annotations, or custom streams; raw artifacts matching known ID encodings are rejected from export.","specs/; schema/; tooling/schema-compiler/","evidence/; module tests; conformance/","HOST_UNIT_STATIC; applicable Android endpoint","NOT_STARTED",""
"ARCH-L1276","ARCH","docs\architecture\tracebox-design.md","line 1276; section 24. Security and privacy fitness functions","Mismatched symbols never produce resolved frames.","specs/; schema/; tooling/schema-compiler/","evidence/; module tests; conformance/","HOST_UNIT_STATIC; applicable Android endpoint","NOT_STARTED",""
"ARCH-L1277","ARCH","docs\architecture\tracebox-design.md","line 1277; section 24. Security and privacy fitness functions","Watchdog evidence alone never becomes ConfirmedAnr, and an ambiguous OS exit never upgrades a candidate.","specs/; schema/; tooling/schema-compiler/","evidence/; module tests; conformance/","HOST_UNIT_STATIC; applicable Android endpoint","NOT_STARTED",""
"ARCH-L1285","ARCH","docs\architecture\tracebox-design.md","line 1285; section 25. Key risks","Android handler/`ptrace` behavior is not reliable across the matrix | Foundation blocked | Run feasibility spike before broad implementation; certify supported matrix","See implementation ledger and architecture module map","evidence/; module tests; conformance/","HOST_UNIT_STATIC; applicable Android endpoint","NOT_STARTED",""
"ARCH-L1286","ARCH","docs\architecture\tracebox-design.md","line 1286; section 25. Key risks","Crashpad raw data contains sensitive memory | Critical privacy risk | C2 quarantine, short quota/TTL, no standard export, explicit disclosure","See implementation ledger and architecture module map","evidence/; module tests; conformance/","HOST_UNIT_STATIC; applicable Android endpoint","NOT_STARTED",""
"ARCH-L1287","ARCH","docs\architecture\tracebox-design.md","line 1287; section 25. Key risks","Handler increases memory footprint | Adoption/performance risk | Native-only blocked process, one handler, no pollers, measured PSS gate","See implementation ledger and architecture module map","evidence/; module tests; conformance/","HOST_UNIT_STATIC; applicable Android endpoint","NOT_STARTED",""
"ARCH-L1288","ARCH","docs\architecture\tracebox-design.md","line 1288; section 25. Key risks","Watchdog causes battery drain or false positives | Reliability risk | Adaptive lifecycle policy, rate limit, candidate terminology, measured thresholds","See implementation ledger and architecture module map","evidence/; module tests; conformance/","HOST_UNIT_STATIC; applicable Android endpoint","NOT_STARTED",""
"ARCH-L1289","ARCH","docs\architecture\tracebox-design.md","line 1289; section 25. Key risks","Handler and emergency paths double-handle | Corrupt/misleading evidence | One dispatch state machine and recursion/fault corpus","See implementation ledger and architecture module map","evidence/; module tests; conformance/","HOST_FUZZ_SMOKE; nightly/certification duration per frozen protocol","NOT_STARTED",""
"ARCH-L1290","ARCH","docs\architecture\tracebox-design.md","line 1290; section 25. Key risks","Cross-process policy is described as globally atomic | False guarantee | Use handler-coordinated epoch commit and acknowledgements; return partial failure otherwise","See implementation ledger and architecture module map","evidence/; module tests; conformance/","HOST_UNIT_STATIC; applicable Android endpoint","NOT_STARTED",""
"ARCH-L1291","ARCH","docs\architecture\tracebox-design.md","line 1291; section 25. Key risks","Package preview diverges | Consent failure | Materialize complete plaintext package before approval","See implementation ledger and architecture module map","evidence/; module tests; conformance/","HOST_UNIT_STATIC; applicable Android endpoint","NOT_STARTED",""
"ARCH-L1292","ARCH","docs\architecture\tracebox-design.md","line 1292; section 25. Key risks","Symbol mismatch is silently tolerated | Misdiagnosis | Exact identity matching and hard failure","See implementation ledger and architecture module map","evidence/; module tests; conformance/","HOST_UNIT_STATIC; applicable Android endpoint","NOT_STARTED",""
"ARCH-L1293","ARCH","docs\architecture\tracebox-design.md","line 1293; section 25. Key risks","Networking enters through dependency drift | Product-boundary failure | Locked allowlist and release conformance suite","See implementation ledger and architecture module map","evidence/; module tests; conformance/","HOST_STATIC; API30_API37_RUNTIME; blocked-egress controls","NOT_STARTED",""
"ARCH-L1299","ARCH","docs\architecture\tracebox-design.md","line 1299; section Gate A: Crashpad feasibility","Must demonstrate:","native/; android/tracebox-native/; android/tracebox-anr-exit/","evidence/phase0/; benchmarks/; test-apps/","HOST_UNIT_STATIC; applicable Android endpoint","NOT_STARTED",""
"ARCH-L1301","ARCH","docs\architecture\tracebox-design.md","line 1301; section Gate A: Crashpad feasibility","one handler serving multiple app processes;","native/; android/tracebox-native/; android/tracebox-anr-exit/","evidence/phase0/; benchmarks/; test-apps/","HOST_UNIT_STATIC; applicable Android endpoint","NOT_STARTED",""
"ARCH-L1302","ARCH","docs\architecture\tracebox-design.md","line 1302; section Gate A: Crashpad feasibility","supported Android lifecycle and attachment behavior;","native/; android/tracebox-native/; android/tracebox-anr-exit/","evidence/phase0/; benchmarks/; test-apps/","HOST_UNIT_STATIC; applicable Android endpoint","NOT_STARTED",""
"ARCH-L1303","ARCH","docs\architecture\tracebox-design.md","line 1303; section Gate A: Crashpad feasibility","useful minidumps and structural summaries;","native/; android/tracebox-native/; android/tracebox-anr-exit/","evidence/phase0/; benchmarks/; test-apps/","HOST_UNIT_STATIC; applicable Android endpoint","NOT_STARTED",""
"ARCH-L1304","ARCH","docs\architecture\tracebox-design.md","line 1304; section Gate A: Crashpad feasibility","bounded raw-artifact privacy handling;","native/; android/tracebox-native/; android/tracebox-anr-exit/","evidence/phase0/; benchmarks/; test-apps/","HOST_UNIT_STATIC; applicable Android endpoint","NOT_STARTED",""
"ARCH-L1305","ARCH","docs\architecture\tracebox-design.md","line 1305; section Gate A: Crashpad feasibility","emergency fallback;","native/; android/tracebox-native/; android/tracebox-anr-exit/","evidence/phase0/; benchmarks/; test-apps/","HOST_UNIT_STATIC; applicable Android endpoint","NOT_STARTED",""
"ARCH-L1306","ARCH","docs\architecture\tracebox-design.md","line 1306; section Gate A: Crashpad feasibility","acceptable idle memory;","native/; android/tracebox-native/; android/tracebox-anr-exit/","evidence/phase0/; benchmarks/; test-apps/","HOST_UNIT_STATIC; applicable Android endpoint","NOT_STARTED",""
"ARCH-L1307","ARCH","docs\architecture\tracebox-design.md","line 1307; section Gate A: Crashpad feasibility","4 KiB and 16 KiB compatibility;","native/; android/tracebox-native/; android/tracebox-anr-exit/","evidence/phase0/; benchmarks/; test-apps/","API30_API37_X86_64_AND_ALL_AVAILABLE_ARM64; page-size cells where available","NOT_STARTED",""
"ARCH-L1308","ARCH","docs\architecture\tracebox-design.md","line 1308; section Gate A: Crashpad feasibility","no networking/uploader closure.","native/; android/tracebox-native/; android/tracebox-anr-exit/","evidence/phase0/; benchmarks/; test-apps/","HOST_STATIC; API30_API37_RUNTIME; blocked-egress controls","NOT_STARTED",""
"ARCH-L1310","ARCH","docs\architecture\tracebox-design.md","line 1310; section Gate A: Crashpad feasibility","The non-negotiable release matrix is API 30-37 on `arm64-v8a` physical devices and `x86_64` emulators, with both 4 KiB and 16 KiB page qualification where available. Failure blocks the foundation release. Narrowing the matrix or relaxing mandatory capture requires a superseding product ADR.","native/; android/tracebox-native/; android/tracebox-anr-exit/","evidence/phase0/; benchmarks/; test-apps/","API30_API37_X86_64_AND_ALL_AVAILABLE_ARM64; page-size cells where available","NOT_STARTED",""
"ARCH-L1314","ARCH","docs\architecture\tracebox-design.md","line 1314; section Gate B: Live ANR feasibility","Must demonstrate:","native/; android/tracebox-native/; android/tracebox-anr-exit/","evidence/phase0/; benchmarks/; test-apps/","HOST_UNIT_STATIC; applicable Android endpoint","NOT_STARTED",""
"ARCH-L1316","ARCH","docs\architecture\tracebox-design.md","line 1316; section Gate B: Live ANR feasibility","negligible healthy-state overhead;","native/; android/tracebox-native/; android/tracebox-anr-exit/","evidence/phase0/; benchmarks/; test-apps/","HOST_UNIT_STATIC; applicable Android endpoint","NOT_STARTED",""
"ARCH-L1317","ARCH","docs\architecture\tracebox-design.md","line 1317; section Gate B: Live ANR feasibility","no heartbeat when no observable eligible component is active;","native/; android/tracebox-native/; android/tracebox-anr-exit/","evidence/phase0/; benchmarks/; test-apps/","HOST_UNIT_STATIC; applicable Android endpoint","NOT_STARTED",""
"ARCH-L1318","ARCH","docs\architecture\tracebox-design.md","line 1318; section Gate B: Live ANR feasibility","bounded candidate capture;","native/; android/tracebox-native/; android/tracebox-anr-exit/","evidence/phase0/; benchmarks/; test-apps/","HOST_UNIT_STATIC; applicable Android endpoint","NOT_STARTED",""
"ARCH-L1319","ARCH","docs\architecture\tracebox-design.md","line 1319; section Gate B: Live ANR feasibility","acceptable false-positive behavior;","native/; android/tracebox-native/; android/tracebox-anr-exit/","evidence/phase0/; benchmarks/; test-apps/","HOST_UNIT_STATIC; applicable Android endpoint","NOT_STARTED",""
"ARCH-L1320","ARCH","docs\architecture\tracebox-design.md","line 1320; section Gate B: Live ANR feasibility","one on-demand handler request;","native/; android/tracebox-native/; android/tracebox-anr-exit/","evidence/phase0/; benchmarks/; test-apps/","HOST_UNIT_STATIC; applicable Android endpoint","NOT_STARTED",""
"ARCH-L1321","ARCH","docs\architecture\tracebox-design.md","line 1321; section Gate B: Live ANR feasibility","successful OS reconciliation.","native/; android/tracebox-native/; android/tracebox-anr-exit/","evidence/phase0/; benchmarks/; test-apps/","HOST_UNIT_STATIC; applicable Android endpoint","NOT_STARTED",""
"ARCH-L1329","ARCH","docs\architecture\tracebox-design.md","line 1329; section 27. Open decisions","Must be frozen before implementation:","build-logic/; benchmarks/; test-apps/; specs/; docs/adr/","evidence/phase0/; benchmarks/; test-apps/","HOST_UNIT_STATIC; applicable Android endpoint","NOT_STARTED",""
"ARCH-L1331","ARCH","docs\architecture\tracebox-design.md","line 1331; section 27. Open decisions","Pinned Crashpad revision and patch policy.","build-logic/; benchmarks/; test-apps/; specs/; docs/adr/","evidence/phase0/; benchmarks/; test-apps/","HOST_UNIT_STATIC; applicable Android endpoint","NOT_STARTED",""
"ARCH-L1332","ARCH","docs\architecture\tracebox-design.md","line 1332; section 27. Open decisions","Exact raw minidump streams and memory ranges.","build-logic/; benchmarks/; test-apps/; specs/; docs/adr/","evidence/phase0/; benchmarks/; test-apps/","HOST_UNIT_STATIC; applicable Android endpoint","NOT_STARTED",""
"ARCH-L1333","ARCH","docs\architecture\tracebox-design.md","line 1333; section 27. Open decisions","Handler launch, IPC, timeout, restart, and crash-loop behavior.","build-logic/; benchmarks/; test-apps/; specs/; docs/adr/","evidence/phase0/; benchmarks/; test-apps/","HOST_UNIT_STATIC; applicable Android endpoint","NOT_STARTED",""
"ARCH-L1334","ARCH","docs\architecture\tracebox-design.md","line 1334; section 27. Open decisions","Handler coexistence default.","build-logic/; benchmarks/; test-apps/; specs/; docs/adr/","evidence/phase0/; benchmarks/; test-apps/","HOST_UNIT_STATIC; applicable Android endpoint","NOT_STARTED",""
"ARCH-L1335","ARCH","docs\architecture\tracebox-design.md","line 1335; section 27. Open decisions","Supported production ABIs.","build-logic/; benchmarks/; test-apps/; specs/; docs/adr/","evidence/phase0/; benchmarks/; test-apps/","HOST_UNIT_STATIC; applicable Android endpoint","NOT_STARTED",""
"ARCH-L1336","ARCH","docs\architecture\tracebox-design.md","line 1336; section 27. Open decisions","Foundation policy for C1/C2 storage before application-layer AEAD.","build-logic/; benchmarks/; test-apps/; specs/; docs/adr/","evidence/phase0/; benchmarks/; test-apps/","HOST_UNIT_STATIC; applicable Android endpoint","NOT_STARTED",""
"ARCH-L1337","ARCH","docs\architecture\tracebox-design.md","line 1337; section 27. Open decisions","Exact C0 Direct Boot schema.","build-logic/; benchmarks/; test-apps/; specs/; docs/adr/","evidence/phase0/; benchmarks/; test-apps/","HOST_UNIT_STATIC; applicable Android endpoint","NOT_STARTED",""
"ARCH-L1338","ARCH","docs\architecture\tracebox-design.md","line 1338; section 27. Open decisions","Schema evolution and compatibility policy.","build-logic/; benchmarks/; test-apps/; specs/; docs/adr/","evidence/phase0/; benchmarks/; test-apps/","HOST_UNIT_STATIC; applicable Android endpoint","NOT_STARTED",""
"ARCH-L1339","ARCH","docs\architecture\tracebox-design.md","line 1339; section 27. Open decisions","ANR default thresholds and evidence sampling caps after the feasibility benchmark.","build-logic/; benchmarks/; test-apps/; specs/; docs/adr/","evidence/phase0/; benchmarks/; test-apps/","HOST_UNIT_STATIC; applicable Android endpoint","NOT_STARTED",""
"ARCH-L1340","ARCH","docs\architecture\tracebox-design.md","line 1340; section 27. Open decisions","Deterministic compression choice.","build-logic/; benchmarks/; test-apps/; specs/; docs/adr/","evidence/phase0/; benchmarks/; test-apps/","HOST_UNIT_STATIC; applicable Android endpoint","NOT_STARTED",""
"ARCH-L1341","ARCH","docs\architecture\tracebox-design.md","line 1341; section 27. Open decisions","Raw minidump default quota and TTL.","build-logic/; benchmarks/; test-apps/; specs/; docs/adr/","evidence/phase0/; benchmarks/; test-apps/","HOST_UNIT_STATIC; applicable Android endpoint","NOT_STARTED",""
"ARCH-L1342","ARCH","docs\architecture\tracebox-design.md","line 1342; section 27. Open decisions","Handler-coordinated global policy update protocol and failure result semantics.","build-logic/; benchmarks/; test-apps/; specs/; docs/adr/","evidence/phase0/; benchmarks/; test-apps/","HOST_UNIT_STATIC; applicable Android endpoint","NOT_STARTED",""
"ARCH-L1346","ARCH","docs\architecture\tracebox-design.md","line 1346; section 27. Open decisions","lazy index implementation;","build-logic/; benchmarks/; test-apps/; specs/; docs/adr/","evidence/phase0/; benchmarks/; test-apps/","HOST_UNIT_STATIC; applicable Android endpoint","NOT_STARTED",""
"ARCH-L1347","ARCH","docs\architecture\tracebox-design.md","line 1347; section 27. Open decisions","age rotation overlap;","build-logic/; benchmarks/; test-apps/; specs/; docs/adr/","evidence/phase0/; benchmarks/; test-apps/","HOST_UNIT_STATIC; applicable Android endpoint","NOT_STARTED",""
"ARCH-L1348","ARCH","docs\architecture\tracebox-design.md","line 1348; section 27. Open decisions","metrics/traces;","build-logic/; benchmarks/; test-apps/; specs/; docs/adr/","evidence/phase0/; benchmarks/; test-apps/","HOST_UNIT_STATIC; applicable Android endpoint","NOT_STARTED",""
"ARCH-L1349","ARCH","docs\architecture\tracebox-design.md","line 1349; section 27. Open decisions","API 37.1 adapters;","build-logic/; benchmarks/; test-apps/; specs/; docs/adr/","evidence/phase0/; benchmarks/; test-apps/","API30_API37_X86_64_AND_ALL_AVAILABLE_ARM64; page-size cells where available","NOT_STARTED",""
"ARCH-L1350","ARCH","docs\architecture\tracebox-design.md","line 1350; section 27. Open decisions","desktop UI;","build-logic/; benchmarks/; test-apps/; specs/; docs/adr/","evidence/phase0/; benchmarks/; test-apps/","HOST_UNIT_STATIC; applicable Android endpoint","NOT_STARTED",""
"ARCH-L1351","ARCH","docs\architecture\tracebox-design.md","line 1351; section 27. Open decisions","advanced profiling.","build-logic/; benchmarks/; test-apps/; specs/; docs/adr/","evidence/phase0/; benchmarks/; test-apps/","HOST_UNIT_STATIC; applicable Android endpoint","NOT_STARTED",""
"ARCH-L1355","ARCH","docs\architecture\tracebox-design.md","line 1355; section 28. References","Android `ApplicationExitInfo`: https://developer.android.com/reference/android/app/ApplicationExitInfo","See implementation ledger and architecture module map","evidence/; module tests; conformance/","HOST_UNIT_STATIC; applicable Android endpoint","NOT_STARTED",""
"ARCH-L1356","ARCH","docs\architecture\tracebox-design.md","line 1356; section 28. References","Android ANR diagnosis: https://developer.android.com/topic/performance/anrs/diagnose-and-fix-anrs","See implementation ledger and architecture module map","evidence/; module tests; conformance/","HOST_UNIT_STATIC; applicable Android endpoint","NOT_STARTED",""
"ARCH-L1357","ARCH","docs\architecture\tracebox-design.md","line 1357; section 28. References","Android Direct Boot: https://developer.android.com/privacy-and-security/direct-boot","See implementation ledger and architecture module map","evidence/; module tests; conformance/","HOST_UNIT_STATIC; applicable Android endpoint","NOT_STARTED",""
"ARCH-L1358","ARCH","docs\architecture\tracebox-design.md","line 1358; section 28. References","Android Keystore: https://developer.android.com/privacy-and-security/keystore","See implementation ledger and architecture module map","evidence/; module tests; conformance/","HOST_UNIT_STATIC; applicable Android endpoint","NOT_STARTED",""
"ARCH-L1359","ARCH","docs\architecture\tracebox-design.md","line 1359; section 28. References","Android file sharing: https://developer.android.com/training/secure-file-sharing/share-file","See implementation ledger and architecture module map","evidence/; module tests; conformance/","HOST_UNIT_STATIC; applicable Android endpoint","NOT_STARTED",""
"ARCH-L1360","ARCH","docs\architecture\tracebox-design.md","line 1360; section 28. References","Crashpad overview: https://chromium.googlesource.com/crashpad/crashpad/+/HEAD/doc/overview_design.md","See implementation ledger and architecture module map","evidence/; module tests; conformance/","HOST_UNIT_STATIC; applicable Android endpoint","NOT_STARTED",""
"ARCH-L1361","ARCH","docs\architecture\tracebox-design.md","line 1361; section 28. References","Crashpad repository: https://chromium.googlesource.com/crashpad/crashpad/","See implementation ledger and architecture module map","evidence/; module tests; conformance/","HOST_UNIT_STATIC; applicable Android endpoint","NOT_STARTED",""
"ARCH-L1362","ARCH","docs\architecture\tracebox-design.md","line 1362; section 28. References","Protobuf serialization stability: https://protobuf.dev/programming-guides/serialization-not-canonical/","See implementation ledger and architecture module map","evidence/; module tests; conformance/","HOST_UNIT_STATIC; applicable Android endpoint","NOT_STARTED",""
"ARCH-L1363","ARCH","docs\architecture\tracebox-design.md","line 1363; section 28. References","Deterministic CBOR: https://www.rfc-editor.org/rfc/rfc8949.html","See implementation ledger and architecture module map","evidence/; module tests; conformance/","HOST_UNIT_STATIC; applicable Android endpoint","NOT_STARTED",""
"ARCH-L1364","ARCH","docs\architecture\tracebox-design.md","line 1364; section 28. References","Age v1 specification: https://github.com/C2SP/C2SP/blob/main/age.md","See implementation ledger and architecture module map","evidence/; module tests; conformance/","HOST_UNIT_STATIC; applicable Android endpoint","NOT_STARTED",""
"ASN-L0003","ASSIGNMENT","IMPLEMENTATION_AGENT_PROMPT.md","line 3; section Tracebox Full-Implementation Agent Prompt","Copy everything inside the following fenced block into the implementation agent.","See implementation ledger and architecture module map","evidence/; module tests; conformance/","HOST_UNIT_STATIC; applicable Android endpoint","NOT_STARTED",""
"ASN-L0018","ASSIGNMENT","IMPLEMENTATION_AGENT_PROMPT.md","line 18; section Tracebox Full-Implementation Agent Prompt","generated privacy-classified diagnostic APIs;","See implementation ledger and architecture module map","evidence/; module tests; conformance/","HOST_UNIT_STATIC; applicable Android endpoint","NOT_STARTED",""
"ASN-L0019","ASSIGNMENT","IMPLEMENTATION_AGENT_PROMPT.md","line 19; section Tracebox Full-Implementation Agent Prompt","per-process ordinary recording and crash-safe persistent storage;","See implementation ledger and architecture module map","evidence/; module tests; conformance/","HOST_UNIT_STATIC; applicable Android endpoint","NOT_STARTED",""
"ASN-L0020","ASSIGNMENT","IMPLEMENTATION_AGENT_PROMPT.md","line 20; section Tracebox Full-Implementation Agent Prompt","JVM uncaught-exception capture;","See implementation ledger and architecture module map","evidence/; module tests; conformance/","HOST_UNIT_STATIC; applicable Android endpoint","NOT_STARTED",""
"ASN-L0021","ASSIGNMENT","IMPLEMENTATION_AGENT_PROMPT.md","line 21; section Tracebox Full-Implementation Agent Prompt","one capture-only Crashpad handler process serving all application processes;","See implementation ledger and architecture module map","evidence/; module tests; conformance/","HOST_UNIT_STATIC; applicable Android endpoint","NOT_STARTED",""
"ASN-L0022","ASSIGNMENT","IMPLEMENTATION_AGENT_PROMPT.md","line 22; section Tracebox Full-Implementation Agent Prompt","a minimal async-signal-safe emergency native fallback;","See implementation ledger and architecture module map","evidence/; module tests; conformance/","HOST_UNIT_STATIC; applicable Android endpoint","NOT_STARTED",""
"ASN-L0023","ASSIGNMENT","IMPLEMENTATION_AGENT_PROMPT.md","line 23; section Tracebox Full-Implementation Agent Prompt","Rust panic and native-fault integration;","See implementation ledger and architecture module map","evidence/; module tests; conformance/","HOST_UNIT_STATIC; applicable Android endpoint","NOT_STARTED",""
"ASN-L0024","ASSIGNMENT","IMPLEMENTATION_AGENT_PROMPT.md","line 24; section Tracebox Full-Implementation Agent Prompt","a low-overhead live main-looper ANR watchdog;","See implementation ledger and architecture module map","evidence/; module tests; conformance/","HOST_UNIT_STATIC; applicable Android endpoint","NOT_STARTED",""
"ASN-L0025","ASSIGNMENT","IMPLEMENTATION_AGENT_PROMPT.md","line 25; section Tracebox Full-Implementation Agent Prompt","post-restart ApplicationExitInfo reconciliation;","See implementation ledger and architecture module map","evidence/; module tests; conformance/","HOST_UNIT_STATIC; applicable Android endpoint","NOT_STARTED",""
"ASN-L0026","ASSIGNMENT","IMPLEMENTATION_AGENT_PROMPT.md","line 26; section Tracebox Full-Implementation Agent Prompt","exact immutable disclosure and user approval;","See implementation ledger and architecture module map","evidence/; module tests; conformance/","HOST_UNIT_STATIC; applicable Android endpoint","NOT_STARTED",""
"ASN-L0027","ASSIGNMENT","IMPLEMENTATION_AGENT_PROMPT.md","line 27; section Tracebox Full-Implementation Agent Prompt","deterministic constrained .tbdiag packages;","See implementation ledger and architecture module map","evidence/; module tests; conformance/","HOST_UNIT_STATIC; applicable Android endpoint","NOT_STARTED",""
"ASN-L0028","ASSIGNMENT","IMPLEMENTATION_AGENT_PROMPT.md","line 28; section Tracebox Full-Implementation Agent Prompt","local, user-initiated FileProvider/Sharesheet and Storage Access Framework save flows;","See implementation ledger and architecture module map","evidence/; module tests; conformance/","HOST_UNIT_STATIC; applicable Android endpoint","NOT_STARTED",""
"ASN-L0029","ASSIGNMENT","IMPLEMENTATION_AGENT_PROMPT.md","line 29; section Tracebox Full-Implementation Agent Prompt","an offline Rust validator/decoder/retracer/symbolicator;","See implementation ledger and architecture module map","evidence/; module tests; conformance/","HOST_UNIT_STATIC; applicable Android endpoint","NOT_STARTED",""
"ASN-L0030","ASSIGNMENT","IMPLEMENTATION_AGENT_PROMPT.md","line 30; section Tracebox Full-Implementation Agent Prompt","Gradle build identity and symbol collection;","See implementation ledger and architecture module map","evidence/; module tests; conformance/","HOST_UNIT_STATIC; applicable Android endpoint","NOT_STARTED",""
"ASN-L0031","ASSIGNMENT","IMPLEMENTATION_AGENT_PROMPT.md","line 31; section Tracebox Full-Implementation Agent Prompt","static and dynamic proof that Tracebox performs no networking.","See implementation ledger and architecture module map","evidence/; module tests; conformance/","HOST_STATIC; API30_API37_RUNTIME; blocked-egress controls","NOT_STARTED",""
"ASN-L0033","ASSIGNMENT","IMPLEMENTATION_AGENT_PROMPT.md","line 33; section Tracebox Full-Implementation Agent Prompt","Crashpad separate-process capture and live ANR detection are mandatory. Do not defer, omit, replace, or silently weaken them.","See implementation ledger and architecture module map","evidence/; module tests; conformance/","HOST_UNIT_STATIC; applicable Android endpoint","NOT_STARTED",""
"ASN-L0041","ASSIGNMENT","IMPLEMENTATION_AGENT_PROMPT.md","line 41; section Tracebox Full-Implementation Agent Prompt","docs/adr/0001-foundation-architecture.md","See implementation ledger and architecture module map","evidence/; module tests; conformance/","HOST_UNIT_STATIC; applicable Android endpoint","NOT_STARTED",""
"ASN-L0042","ASSIGNMENT","IMPLEMENTATION_AGENT_PROMPT.md","line 42; section Tracebox Full-Implementation Agent Prompt","docs/architecture/tracebox-design.md","See implementation ledger and architecture module map","evidence/; module tests; conformance/","HOST_UNIT_STATIC; applicable Android endpoint","NOT_STARTED",""
"ASN-L0043","ASSIGNMENT","IMPLEMENTATION_AGENT_PROMPT.md","line 43; section Tracebox Full-Implementation Agent Prompt","docs/implementation-plan.md","See implementation ledger and architecture module map","evidence/; module tests; conformance/","HOST_UNIT_STATIC; applicable Android endpoint","NOT_STARTED",""
"ASN-L0049","ASSIGNMENT","IMPLEMENTATION_AGENT_PROMPT.md","line 49; section Tracebox Full-Implementation Agent Prompt","The latest explicit user instruction that identifies the requirement being changed.","See implementation ledger and architecture module map","evidence/; module tests; conformance/","HOST_UNIT_STATIC; applicable Android endpoint","NOT_STARTED",""
"ASN-L0050","ASSIGNMENT","IMPLEMENTATION_AGENT_PROMPT.md","line 50; section Tracebox Full-Implementation Agent Prompt","This assignment.","See implementation ledger and architecture module map","evidence/; module tests; conformance/","HOST_UNIT_STATIC; applicable Android endpoint","NOT_STARTED",""
"ASN-L0051","ASSIGNMENT","IMPLEMENTATION_AGENT_PROMPT.md","line 51; section Tracebox Full-Implementation Agent Prompt","Human-accepted ADR decisions.","See implementation ledger and architecture module map","evidence/; module tests; conformance/","HOST_UNIT_STATIC; applicable Android endpoint","NOT_STARTED",""
"ASN-L0052","ASSIGNMENT","IMPLEMENTATION_AGENT_PROMPT.md","line 52; section Tracebox Full-Implementation Agent Prompt","The detailed architecture document.","See implementation ledger and architecture module map","evidence/; module tests; conformance/","HOST_UNIT_STATIC; applicable Android endpoint","NOT_STARTED",""
"ASN-L0053","ASSIGNMENT","IMPLEMENTATION_AGENT_PROMPT.md","line 53; section Tracebox Full-Implementation Agent Prompt","The implementation plan.","See implementation ledger and architecture module map","evidence/; module tests; conformance/","HOST_UNIT_STATIC; applicable Android endpoint","NOT_STARTED",""
"ASN-L0054","ASSIGNMENT","IMPLEMENTATION_AGENT_PROMPT.md","line 54; section Tracebox Full-Implementation Agent Prompt","Existing code and comments.","See implementation ledger and architecture module map","evidence/; module tests; conformance/","HOST_UNIT_STATIC; applicable Android endpoint","NOT_STARTED",""
"ASN-L0056","ASSIGNMENT","IMPLEMENTATION_AGENT_PROMPT.md","line 56; section Tracebox Full-Implementation Agent Prompt","A later instruction overrides a non-negotiable requirement only when it explicitly names that requirement and states that it is being superseded.","See implementation ledger and architecture module map","evidence/; module tests; conformance/","HOST_UNIT_STATIC; applicable Android endpoint","NOT_STARTED",""
"ASN-L0060","ASSIGNMENT","IMPLEMENTATION_AGENT_PROMPT.md","line 60; section Tracebox Full-Implementation Agent Prompt","do not choose silently;","See implementation ledger and architecture module map","evidence/; module tests; conformance/","HOST_UNIT_STATIC; applicable Android endpoint","NOT_STARTED",""
"ASN-L0061","ASSIGNMENT","IMPLEMENTATION_AGENT_PROMPT.md","line 61; section Tracebox Full-Implementation Agent Prompt","prefer the safer interpretation that preserves mandatory capabilities, privacy, hard resource bounds, and offline operation;","See implementation ledger and architecture module map","evidence/; module tests; conformance/","HOST_UNIT_STATIC; applicable Android endpoint","NOT_STARTED",""
"ASN-L0062","ASSIGNMENT","IMPLEMENTATION_AGENT_PROMPT.md","line 62; section Tracebox Full-Implementation Agent Prompt","record mechanically implied implementation detail in a Proposed ADR;","See implementation ledger and architecture module map","evidence/; module tests; conformance/","HOST_UNIT_STATIC; applicable Android endpoint","NOT_STARTED",""
"ASN-L0063","ASSIGNMENT","IMPLEMENTATION_AGENT_PROMPT.md","line 63; section Tracebox Full-Implementation Agent Prompt","ask the user when the choice changes a public contract, persistent format, privacy semantic, support matrix, mandatory process topology, or completion criterion.","See implementation ledger and architecture module map","evidence/; module tests; conformance/","HOST_UNIT_STATIC; applicable Android endpoint","NOT_STARTED",""
"ASN-L0065","ASSIGNMENT","IMPLEMENTATION_AGENT_PROMPT.md","line 65; section Tracebox Full-Implementation Agent Prompt","Agent-created ADRs remain Proposed until explicitly accepted by the user. A Proposed ADR cannot weaken or supersede the implementation baseline.","See implementation ledger and architecture module map","evidence/; module tests; conformance/","HOST_UNIT_STATIC; applicable Android endpoint","NOT_STARTED",""
"ASN-L0069","ASSIGNMENT","IMPLEMENTATION_AGENT_PROMPT.md","line 69; section Tracebox Full-Implementation Agent Prompt","preserves the declared API, ABI, and device support;","See implementation ledger and architecture module map","evidence/; module tests; conformance/","HOST_UNIT_STATIC; applicable Android endpoint","NOT_STARTED",""
"ASN-L0070","ASSIGNMENT","IMPLEMENTATION_AGENT_PROMPT.md","line 70; section Tracebox Full-Implementation Agent Prompt","preserves one mandatory handler and mandatory live ANR capability;","See implementation ledger and architecture module map","evidence/; module tests; conformance/","HOST_UNIT_STATIC; applicable Android endpoint","NOT_STARTED",""
"ASN-L0071","ASSIGNMENT","IMPLEMENTATION_AGENT_PROMPT.md","line 71; section Tracebox Full-Implementation Agent Prompt","does not expand collection, retention, disclosure, or export eligibility;","See implementation ledger and architecture module map","evidence/; module tests; conformance/","HOST_UNIT_STATIC; applicable Android endpoint","NOT_STARTED",""
"ASN-L0072","ASSIGNMENT","IMPLEMENTATION_AGENT_PROMPT.md","line 72; section Tracebox Full-Implementation Agent Prompt","uses fail-closed behavior on ambiguity;","See implementation ledger and architecture module map","evidence/; module tests; conformance/","HOST_UNIT_STATIC; applicable Android endpoint","NOT_STARTED",""
"ASN-L0073","ASSIGNMENT","IMPLEMENTATION_AGENT_PROMPT.md","line 73; section Tracebox Full-Implementation Agent Prompt","keeps every hard bound at least as restrictive as the design;","See implementation ledger and architecture module map","evidence/; module tests; conformance/","HOST_UNIT_STATIC; applicable Android endpoint","NOT_STARTED",""
"ASN-L0074","ASSIGNMENT","IMPLEMENTATION_AGENT_PROMPT.md","line 74; section Tracebox Full-Implementation Agent Prompt","remains compatible with the accepted package and identity contracts.","See implementation ledger and architecture module map","evidence/; module tests; conformance/","HOST_UNIT_STATIC; applicable Android endpoint","NOT_STARTED",""
"ASN-L0076","ASSIGNMENT","IMPLEMENTATION_AGENT_PROMPT.md","line 76; section Tracebox Full-Implementation Agent Prompt","Record those decisions in ADRs as `Accepted by implementation assignment`, with evidence and rationale. This authority cannot be used to narrow requirements. If no compliant value exists, enter PRODUCT_DECISION_BLOCKED.","See implementation ledger and architecture module map","evidence/; module tests; conformance/","HOST_UNIT_STATIC; applicable Android endpoint","NOT_STARTED",""
"ASN-L0078","ASSIGNMENT","IMPLEMENTATION_AGENT_PROMPT.md","line 78; section Tracebox Full-Implementation Agent Prompt","Do not rewrite the approved architecture merely because implementation is difficult.","See implementation ledger and architecture module map","evidence/; module tests; conformance/","HOST_UNIT_STATIC; applicable Android endpoint","NOT_STARTED",""
"ASN-L0086","ASSIGNMENT","IMPLEMENTATION_AGENT_PROMPT.md","line 86; section Tracebox Full-Implementation Agent Prompt","Phase 0: decisions, toolchain setup, and feasibility gates;","See implementation ledger and architecture module map","evidence/; module tests; conformance/","HOST_UNIT_STATIC; applicable Android endpoint","NOT_STARTED",""
"ASN-L0087","ASSIGNMENT","IMPLEMENTATION_AGENT_PROMPT.md","line 87; section Tracebox Full-Implementation Agent Prompt","Phase 1: contracts and schema generation;","See implementation ledger and architecture module map","evidence/; module tests; conformance/","HOST_UNIT_STATIC; applicable Android endpoint","NOT_STARTED",""
"ASN-L0088","ASSIGNMENT","IMPLEMENTATION_AGENT_PROMPT.md","line 88; section Tracebox Full-Implementation Agent Prompt","Phase 2: runtime and persistence;","See implementation ledger and architecture module map","evidence/; module tests; conformance/","HOST_UNIT_STATIC; applicable Android endpoint","NOT_STARTED",""
"ASN-L0089","ASSIGNMENT","IMPLEMENTATION_AGENT_PROMPT.md","line 89; section Tracebox Full-Implementation Agent Prompt","Phase 3: Crashpad, emergency, JVM, Rust, ANR, and exit capture;","See implementation ledger and architecture module map","evidence/; module tests; conformance/","HOST_UNIT_STATIC; applicable Android endpoint","NOT_STARTED",""
"ASN-L0090","ASSIGNMENT","IMPLEMENTATION_AGENT_PROMPT.md","line 90; section Tracebox Full-Implementation Agent Prompt","Phase 4: exact package and user workflow;","See implementation ledger and architecture module map","evidence/; module tests; conformance/","HOST_UNIT_STATIC; applicable Android endpoint","NOT_STARTED",""
"ASN-L0091","ASSIGNMENT","IMPLEMENTATION_AGENT_PROMPT.md","line 91; section Tracebox Full-Implementation Agent Prompt","Phase 5: offline tooling, no-network conformance, performance qualification, and release certification.","See implementation ledger and architecture module map","evidence/; module tests; conformance/","HOST_STATIC; API30_API37_RUNTIME; blocked-egress controls","NOT_STARTED",""
"ASN-L0093","ASSIGNMENT","IMPLEMENTATION_AGENT_PROMPT.md","line 93; section Tracebox Full-Implementation Agent Prompt","Phase 6 is outside foundation certification and does not block the foundation terminal state.","See implementation ledger and architecture module map","evidence/; module tests; conformance/","HOST_UNIT_STATIC; applicable Android endpoint","NOT_STARTED",""
"ASN-L0095","ASSIGNMENT","IMPLEMENTATION_AGENT_PROMPT.md","line 95; section Tracebox Full-Implementation Agent Prompt","Do not expose a production encryption capability that has not passed its gates.","See implementation ledger and architecture module map","evidence/; module tests; conformance/","HOST_UNIT_STATIC; applicable Android endpoint","NOT_STARTED",""
"ASN-L0096","ASSIGNMENT","IMPLEMENTATION_AGENT_PROMPT.md","line 96; section Tracebox Full-Implementation Agent Prompt","Keep any age module isolated, disabled, and outside production dependency graphs.","See implementation ledger and architecture module map","evidence/; module tests; conformance/","HOST_UNIT_STATIC; applicable Android endpoint","NOT_STARTED",""
"ASN-L0097","ASSIGNMENT","IMPLEMENTATION_AGENT_PROMPT.md","line 97; section Tracebox Full-Implementation Agent Prompt","C1/C2 application-layer at-rest encryption requires a separately authorized milestone after the Keystore reliability and migration gates pass.","See implementation ledger and architecture module map","evidence/; module tests; conformance/","HOST_UNIT_STATIC; applicable Android endpoint","NOT_STARTED",""
"ASN-L0098","ASSIGNMENT","IMPLEMENTATION_AGENT_PROMPT.md","line 98; section Tracebox Full-Implementation Agent Prompt","Production age X25519 requires a separately authorized milestone plus interoperability, fuzzing, API 30-37 qualification, and external independent cryptographic review.","See implementation ledger and architecture module map","evidence/; module tests; conformance/","API30_API37_X86_64_AND_ALL_AVAILABLE_ARM64; page-size cells where available","NOT_STARTED",""
"ASN-L0099","ASSIGNMENT","IMPLEMENTATION_AGENT_PROMPT.md","line 99; section Tracebox Full-Implementation Agent Prompt","Never claim independent cryptographic review was completed by an AI agent.","See implementation ledger and architecture module map","evidence/; module tests; conformance/","HOST_UNIT_STATIC; applicable Android endpoint","NOT_STARTED",""
"ASN-L0100","ASSIGNMENT","IMPLEMENTATION_AGENT_PROMPT.md","line 100; section Tracebox Full-Implementation Agent Prompt","Metrics, traces, profiling, desktop UI, and remote services are outside this assignment.","See implementation ledger and architecture module map","evidence/; module tests; conformance/","HOST_UNIT_STATIC; applicable Android endpoint","NOT_STARTED",""
"ASN-L0102","ASSIGNMENT","IMPLEMENTATION_AGENT_PROMPT.md","line 102; section Tracebox Full-Implementation Agent Prompt","If an at-rest protection milestone is later authorized, key, nonce, migration, encryption, or recovery failure must reject the protected write and enter Degraded. Plaintext segments, temporary files, journals, staging, or migration fallbacks are forbidden while that mode is enabled.","See implementation ledger and architecture module map","evidence/; module tests; conformance/","HOST_UNIT_STATIC; applicable Android endpoint","NOT_STARTED",""
"ASN-L0108","ASSIGNMENT","IMPLEMENTATION_AGENT_PROMPT.md","line 108; section Tracebox Full-Implementation Agent Prompt","minSdk 30 and compileSdk 37.","See implementation ledger and architecture module map","evidence/; module tests; conformance/","HOST_UNIT_STATIC; applicable Android endpoint","NOT_STARTED",""
"ASN-L0109","ASSIGNMENT","IMPLEMENTATION_AGENT_PROMPT.md","line 109; section Tracebox Full-Implementation Agent Prompt","Foundation certification uses a host targetSdk of 37. Other targetSdk values may build but are outside the certified matrix.","See implementation ledger and architecture module map","evidence/; module tests; conformance/","HOST_UNIT_STATIC; applicable Android endpoint","NOT_STARTED",""
"ASN-L0110","ASSIGNMENT","IMPLEMENTATION_AGENT_PROMPT.md","line 110; section Tracebox Full-Implementation Agent Prompt","No Tracebox-owned INTERNET permission.","See implementation ledger and architecture module map","evidence/; module tests; conformance/","HOST_STATIC; API30_API37_RUNTIME; blocked-egress controls","NOT_STARTED",""
"ASN-L0111","ASSIGNMENT","IMPLEMENTATION_AGENT_PROMPT.md","line 111; section Tracebox Full-Implementation Agent Prompt","No network client, uploader, remote transport/export component, remote configuration, remote key, remote schema, remote symbol service, remote decoder, or activation service. Local user-initiated package creation, file save, and Sharesheet handoff are required.","See implementation ledger and architecture module map","evidence/; module tests; conformance/","HOST_STATIC; API30_API37_RUNTIME; blocked-egress controls","NOT_STARTED",""
"ASN-L0112","ASSIGNMENT","IMPLEMENTATION_AGENT_PROMPT.md","line 112; section Tracebox Full-Implementation Agent Prompt","No remote/network transport abstraction hidden behind an interface for future use. Typed local IPC is allowed.","See implementation ledger and architecture module map","evidence/; module tests; conformance/","HOST_STATIC; API30_API37_RUNTIME; blocked-egress controls","NOT_STARTED",""
"ASN-L0113","ASSIGNMENT","IMPLEMENTATION_AGENT_PROMPT.md","line 113; section Tracebox Full-Implementation Agent Prompt","Diagnostic schemas and public recording APIs expose no arbitrary maps, labels, event names, free-form String logging API, Any, object serialization, implicit toString(), or unbounded values.","See implementation ledger and architecture module map","evidence/; module tests; conformance/","HOST_UNIT_STATIC; applicable Android endpoint","NOT_STARTED",""
"ASN-L0114","ASSIGNMENT","IMPLEMENTATION_AGENT_PROMPT.md","line 114; section Tracebox Full-Implementation Agent Prompt","No silent fallback from encrypted output to plaintext.","See implementation ledger and architecture module map","evidence/; module tests; conformance/","HOST_UNIT_STATIC; applicable Android endpoint","NOT_STARTED",""
"ASN-L0115","ASSIGNMENT","IMPLEMENTATION_AGENT_PROMPT.md","line 115; section Tracebox Full-Implementation Agent Prompt","No guessed symbolication.","See implementation ledger and architecture module map","evidence/; module tests; conformance/","HOST_UNIT_STATIC; applicable Android endpoint","NOT_STARTED",""
"ASN-L0116","ASSIGNMENT","IMPLEMENTATION_AGENT_PROMPT.md","line 116; section Tracebox Full-Implementation Agent Prompt","No claim that watchdog evidence alone is an Android-confirmed ANR.","See implementation ledger and architecture module map","evidence/; module tests; conformance/","HOST_UNIT_STATIC; applicable Android endpoint","NOT_STARTED",""
"ASN-L0117","ASSIGNMENT","IMPLEMENTATION_AGENT_PROMPT.md","line 117; section Tracebox Full-Implementation Agent Prompt","No claim of isolation from same-UID host code.","See implementation ledger and architecture module map","evidence/; module tests; conformance/","HOST_UNIT_STATIC; applicable Android endpoint","NOT_STARTED",""
"ASN-L0118","ASSIGNMENT","IMPLEMENTATION_AGENT_PROMPT.md","line 118; section Tracebox Full-Implementation Agent Prompt","No claim of secure flash erasure.","See implementation ledger and architecture module map","evidence/; module tests; conformance/","HOST_UNIT_STATIC; applicable Android endpoint","NOT_STARTED",""
"ASN-L0119","ASSIGNMENT","IMPLEMENTATION_AGENT_PROMPT.md","line 119; section Tracebox Full-Implementation Agent Prompt","No global policy-success result unless every required participant crosses the target barrier.","See implementation ledger and architecture module map","evidence/; module tests; conformance/","HOST_UNIT_STATIC; applicable Android endpoint","NOT_STARTED",""
"ASN-L0120","ASSIGNMENT","IMPLEMENTATION_AGENT_PROMPT.md","line 120; section Tracebox Full-Implementation Agent Prompt","No hard-bound claim that omits metadata, journals, indexes, staging, or compaction workspace.","See implementation ledger and architecture module map","evidence/; module tests; conformance/","HOST_UNIT_STATIC; applicable Android endpoint","NOT_STARTED",""
"ASN-L0121","ASSIGNMENT","IMPLEMENTATION_AGENT_PROMPT.md","line 121; section Tracebox Full-Implementation Agent Prompt","No raw Crashpad artifact in a Standard package.","See implementation ledger and architecture module map","evidence/; module tests; conformance/","HOST_UNIT_STATIC; applicable Android endpoint","NOT_STARTED",""
"ASN-L0122","ASSIGNMENT","IMPLEMENTATION_AGENT_PROMPT.md","line 122; section Tracebox Full-Implementation Agent Prompt","No production approval token created outside the Tracebox-owned approval UI.","See implementation ledger and architecture module map","evidence/; module tests; conformance/","HOST_UNIT_STATIC; applicable Android endpoint","NOT_STARTED",""
"ASN-L0128","ASSIGNMENT","IMPLEMENTATION_AGENT_PROMPT.md","line 128; section Tracebox Full-Implementation Agent Prompt","Never implement directly in the primary checkout.","See implementation ledger and architecture module map","evidence/; module tests; conformance/","HOST_UNIT_STATIC; applicable Android endpoint","NOT_STARTED",""
"ASN-L0134","ASSIGNMENT","IMPLEMENTATION_AGENT_PROMPT.md","line 134; section Tracebox Full-Implementation Agent Prompt","Set the working directory to `G:\Github\Tracebox` and verify that the three authoritative documents and this assignment exist there. Do not operate on a similarly named or parent directory.","See implementation ledger and architecture module map","evidence/; module tests; conformance/","HOST_UNIT_STATIC; applicable Android endpoint","NOT_STARTED",""
"ASN-L0135","ASSIGNMENT","IMPLEMENTATION_AGENT_PROMPT.md","line 135; section Tracebox Full-Implementation Agent Prompt","This is a local source tree with no declared remote. Do not clone, fetch, pull, push, or infer an origin.","See implementation ledger and architecture module map","evidence/; module tests; conformance/","HOST_UNIT_STATIC; applicable Android endpoint","NOT_STARTED",""
"ASN-L0136","ASSIGNMENT","IMPLEMENTATION_AGENT_PROMPT.md","line 136; section Tracebox Full-Implementation Agent Prompt","Determine repository state without guessing:","See implementation ledger and architecture module map","evidence/; module tests; conformance/","HOST_UNIT_STATIC; applicable Android endpoint","NOT_STARTED",""
"ASN-L0137","ASSIGNMENT","IMPLEMENTATION_AGENT_PROMPT.md","line 137; section Tracebox Full-Implementation Agent Prompt","run Git root/status checks;","See implementation ledger and architecture module map","evidence/; module tests; conformance/","HOST_UNIT_STATIC; applicable Android endpoint","NOT_STARTED",""
"ASN-L0138","ASSIGNMENT","IMPLEMENTATION_AGENT_PROMPT.md","line 138; section Tracebox Full-Implementation Agent Prompt","if a Git root is found, it must be exactly `G:\Github\Tracebox`; stop if this directory is nested inside another repository;","See implementation ledger and architecture module map","evidence/; module tests; conformance/","HOST_UNIT_STATIC; applicable Android endpoint","NOT_STARTED",""
"ASN-L0139","ASSIGNMENT","IMPLEMENTATION_AGENT_PROMPT.md","line 139; section Tracebox Full-Implementation Agent Prompt","if `.git` exists but Git cannot read it, stop and report corruption or access failure;","See implementation ledger and architecture module map","evidence/; module tests; conformance/","HOST_FUZZ_SMOKE; nightly/certification duration per frozen protocol","NOT_STARTED",""
"ASN-L0140","ASSIGNMENT","IMPLEMENTATION_AGENT_PROMPT.md","line 140; section Tracebox Full-Implementation Agent Prompt","initialize only when no `.git` exists here and no parent Git repository contains this directory.","See implementation ledger and architecture module map","evidence/; module tests; conformance/","HOST_UNIT_STATIC; applicable Android endpoint","NOT_STARTED",""
"ASN-L0141","ASSIGNMENT","IMPLEMENTATION_AGENT_PROMPT.md","line 141; section Tracebox Full-Implementation Agent Prompt","Inspect repository status and preserve all existing user changes.","See implementation ledger and architecture module map","evidence/; module tests; conformance/","HOST_UNIT_STATIC; applicable Android endpoint","NOT_STARTED",""
"ASN-L0142","ASSIGNMENT","IMPLEMENTATION_AGENT_PROMPT.md","line 142; section Tracebox Full-Implementation Agent Prompt","If Git has at least one commit and any authoritative document or this assignment has uncommitted changes, stop for user direction; do not silently choose committed or working-tree content.","See implementation ledger and architecture module map","evidence/; module tests; conformance/","HOST_UNIT_STATIC; applicable Android endpoint","NOT_STARTED",""
"ASN-L0143","ASSIGNMENT","IMPLEMENTATION_AGENT_PROMPT.md","line 143; section Tracebox Full-Implementation Agent Prompt","An unborn repository is treated as a non-Git source tree for the isolated bootstrap procedure below.","See implementation ledger and architecture module map","evidence/; module tests; conformance/","HOST_UNIT_STATIC; applicable Android endpoint","NOT_STARTED",""
"ASN-L0144","ASSIGNMENT","IMPLEMENTATION_AGENT_PROMPT.md","line 144; section Tracebox Full-Implementation Agent Prompt","If a non-Git directory contains files other than the authoritative documents, this assignment, and expected parent directories for them, stop and report the foreign files before initialization.","See implementation ledger and architecture module map","evidence/; module tests; conformance/","HOST_UNIT_STATIC; applicable Android endpoint","NOT_STARTED",""
"ASN-L0145","ASSIGNMENT","IMPLEMENTATION_AGENT_PROMPT.md","line 145; section Tracebox Full-Implementation Agent Prompt","If `G:\Github\Tracebox` is not an existing committed repository:","See implementation ledger and architecture module map","evidence/; module tests; conformance/","HOST_UNIT_STATIC; applicable Android endpoint","NOT_STARTED",""
"ASN-L0146","ASSIGNMENT","IMPLEMENTATION_AGENT_PROMPT.md","line 146; section Tracebox Full-Implementation Agent Prompt","leave its files, index state, and directory untouched;","See implementation ledger and architecture module map","evidence/; module tests; conformance/","HOST_UNIT_STATIC; applicable Android endpoint","NOT_STARTED",""
"ASN-L0147","ASSIGNMENT","IMPLEMENTATION_AGENT_PROMPT.md","line 147; section Tracebox Full-Implementation Agent Prompt","create a separate bootstrap repository at `G:\Github\Tracebox-worktrees\tracebox-bootstrap`;","See implementation ledger and architecture module map","evidence/; module tests; conformance/","HOST_UNIT_STATIC; applicable Android endpoint","NOT_STARTED",""
"ASN-L0148","ASSIGNMENT","IMPLEMENTATION_AGENT_PROMPT.md","line 148; section Tracebox Full-Implementation Agent Prompt","copy only the authoritative documents and this assignment into matching relative paths in the bootstrap repository;","See implementation ledger and architecture module map","evidence/; module tests; conformance/","HOST_UNIT_STATIC; applicable Android endpoint","NOT_STARTED",""
"ASN-L0149","ASSIGNMENT","IMPLEMENTATION_AGENT_PROMPT.md","line 149; section Tracebox Full-Implementation Agent Prompt","add an appropriate `.gitignore`;","See implementation ledger and architecture module map","evidence/; module tests; conformance/","HOST_UNIT_STATIC; applicable Android endpoint","NOT_STARTED",""
"ASN-L0150","ASSIGNMENT","IMPLEMENTATION_AGENT_PROMPT.md","line 150; section Tracebox Full-Implementation Agent Prompt","commit those copied files as the baseline on `main`;","See implementation ledger and architecture module map","evidence/; module tests; conformance/","HOST_UNIT_STATIC; applicable Android endpoint","NOT_STARTED",""
"ASN-L0151","ASSIGNMENT","IMPLEMENTATION_AGENT_PROMPT.md","line 151; section Tracebox Full-Implementation Agent Prompt","use that bootstrap repository only as the backing primary worktree;","See implementation ledger and architecture module map","evidence/; module tests; conformance/","HOST_UNIT_STATIC; applicable Android endpoint","NOT_STARTED",""
"ASN-L0152","ASSIGNMENT","IMPLEMENTATION_AGENT_PROMPT.md","line 152; section Tracebox Full-Implementation Agent Prompt","create branch `copilot/tracebox-foundation` and implementation worktree `G:\Github\Tracebox-worktrees\tracebox-foundation` from the baseline;","See implementation ledger and architecture module map","evidence/; module tests; conformance/","HOST_UNIT_STATIC; applicable Android endpoint","NOT_STARTED",""
"ASN-L0153","ASSIGNMENT","IMPLEMENTATION_AGENT_PROMPT.md","line 153; section Tracebox Full-Implementation Agent Prompt","do not implement in the bootstrap repository.","See implementation ledger and architecture module map","evidence/; module tests; conformance/","HOST_UNIT_STATIC; applicable Android endpoint","NOT_STARTED",""
"ASN-L0154","ASSIGNMENT","IMPLEMENTATION_AGENT_PROMPT.md","line 154; section Tracebox Full-Implementation Agent Prompt","If `G:\Github\Tracebox` is an existing committed repository:","See implementation ledger and architecture module map","evidence/; module tests; conformance/","HOST_UNIT_STATIC; applicable Android endpoint","NOT_STARTED",""
"ASN-L0155","ASSIGNMENT","IMPLEMENTATION_AGENT_PROMPT.md","line 155; section Tracebox Full-Implementation Agent Prompt","use the current branch HEAD as the base unless the user explicitly names another base;","See implementation ledger and architecture module map","evidence/; module tests; conformance/","HOST_UNIT_STATIC; applicable Android endpoint","NOT_STARTED",""
"ASN-L0156","ASSIGNMENT","IMPLEMENTATION_AGENT_PROMPT.md","line 156; section Tracebox Full-Implementation Agent Prompt","preserve but do not implicitly stage or commit uncommitted primary-checkout changes;","See implementation ledger and architecture module map","evidence/; module tests; conformance/","HOST_UNIT_STATIC; applicable Android endpoint","NOT_STARTED",""
"ASN-L0157","ASSIGNMENT","IMPLEMENTATION_AGENT_PROMPT.md","line 157; section Tracebox Full-Implementation Agent Prompt","create branch `copilot/tracebox-foundation` and a sibling dedicated worktree.","See implementation ledger and architecture module map","evidence/; module tests; conformance/","HOST_UNIT_STATIC; applicable Android endpoint","NOT_STARTED",""
"ASN-L0158","ASSIGNMENT","IMPLEMENTATION_AGENT_PROMPT.md","line 158; section Tracebox Full-Implementation Agent Prompt","The baseline identity is the immutable commit SHA from which `copilot/tracebox-foundation` is created. Verify the new branch points exactly to that SHA before the first implementation commit. Record it in the repository ledger in the first implementation commit.","See implementation ledger and architecture module map","evidence/; module tests; conformance/","HOST_UNIT_STATIC; applicable Android endpoint","NOT_STARTED",""
"ASN-L0159","ASSIGNMENT","IMPLEMENTATION_AGENT_PROMPT.md","line 159; section Tracebox Full-Implementation Agent Prompt","If a bootstrap repository, branch, or intended worktree path already exists:","See implementation ledger and architecture module map","evidence/; module tests; conformance/","HOST_UNIT_STATIC; applicable Android endpoint","NOT_STARTED",""
"ASN-L0160","ASSIGNMENT","IMPLEMENTATION_AGENT_PROMPT.md","line 160; section Tracebox Full-Implementation Agent Prompt","reuse it only when the worktree is clean, the committed ledger exists, its recorded baseline SHA is an ancestor of current HEAD, and it contains no unrelated work;","See implementation ledger and architecture module map","evidence/; module tests; conformance/","HOST_UNIT_STATIC; applicable Android endpoint","NOT_STARTED",""
"ASN-L0161","ASSIGNMENT","IMPLEMENTATION_AGENT_PROMPT.md","line 161; section Tracebox Full-Implementation Agent Prompt","otherwise stop and report the collision;","See implementation ledger and architecture module map","evidence/; module tests; conformance/","HOST_UNIT_STATIC; applicable Android endpoint","NOT_STARTED",""
"ASN-L0162","ASSIGNMENT","IMPLEMENTATION_AGENT_PROMPT.md","line 162; section Tracebox Full-Implementation Agent Prompt","never delete, reset, repoint, or overwrite the existing branch or worktree.","See implementation ledger and architecture module map","evidence/; module tests; conformance/","HOST_UNIT_STATIC; applicable Android endpoint","NOT_STARTED",""
"ASN-L0163","ASSIGNMENT","IMPLEMENTATION_AGENT_PROMPT.md","line 163; section Tracebox Full-Implementation Agent Prompt","Perform all implementation in that worktree.","See implementation ledger and architecture module map","evidence/; module tests; conformance/","HOST_UNIT_STATIC; applicable Android endpoint","NOT_STARTED",""
"ASN-L0164","ASSIGNMENT","IMPLEMENTATION_AGENT_PROMPT.md","line 164; section Tracebox Full-Implementation Agent Prompt","Never reset, discard, rewrite, or overwrite unrelated user changes.","See implementation ledger and architecture module map","evidence/; module tests; conformance/","HOST_UNIT_STATIC; applicable Android endpoint","NOT_STARTED",""
"ASN-L0165","ASSIGNMENT","IMPLEMENTATION_AGENT_PROMPT.md","line 165; section Tracebox Full-Implementation Agent Prompt","Never amend or rewrite history unless explicitly requested.","See implementation ledger and architecture module map","evidence/; module tests; conformance/","HOST_UNIT_STATIC; applicable Android endpoint","NOT_STARTED",""
"ASN-L0166","ASSIGNMENT","IMPLEMENTATION_AGENT_PROMPT.md","line 166; section Tracebox Full-Implementation Agent Prompt","Make small, coherent commits at completed dependency gates.","See implementation ledger and architecture module map","evidence/; module tests; conformance/","HOST_UNIT_STATIC; applicable Android endpoint","NOT_STARTED",""
"ASN-L0167","ASSIGNMENT","IMPLEMENTATION_AGENT_PROMPT.md","line 167; section Tracebox Full-Implementation Agent Prompt","Do not merge the implementation branch. Leave it ready for review.","See implementation ledger and architecture module map","evidence/; module tests; conformance/","HOST_UNIT_STATIC; applicable Android endpoint","NOT_STARTED",""
"ASN-L0177","ASSIGNMENT","IMPLEMENTATION_AGENT_PROMPT.md","line 177; section Tracebox Full-Implementation Agent Prompt","a persistent dependency-aware task ledger from docs/implementation-plan.md; and","See implementation ledger and architecture module map","evidence/; module tests; conformance/","HOST_UNIT_STATIC; applicable Android endpoint","NOT_STARTED",""
"ASN-L0178","ASSIGNMENT","IMPLEMENTATION_AGENT_PROMPT.md","line 178; section Tracebox Full-Implementation Agent Prompt","a bidirectional requirement traceability matrix covering every assignment requirement, accepted ADR decision, architecture invariant, and implementation-plan work package.","See implementation ledger and architecture module map","evidence/; module tests; conformance/","HOST_UNIT_STATIC; applicable Android endpoint","NOT_STARTED",""
"ASN-L0180","ASSIGNMENT","IMPLEMENTATION_AGENT_PROMPT.md","line 180; section Tracebox Full-Implementation Agent Prompt","Each requirement row identifies its source, implementation path, test/evidence path, required matrix, status, and the prior implementation/evidence commit SHA where the requirement was satisfied. A row never attempts to contain the SHA of the commit containing that row. Finalize and commit every in-tree status before requesting review. Final verdicts remain in external session review artifacts; never write the verdict back into the reviewed tree. Allowed statuses are NOT_STARTED, IN_PROGRESS, PASS, FAIL, BLOCKED_PRODUCT_DECISION, UNAVAILABLE_EXTERNAL, and NOT_APPLICABLE_WITH_RATIONALE. An unma","See implementation ledger and architecture module map","evidence/; module tests; conformance/","HOST_UNIT_STATIC; applicable Android endpoint","NOT_STARTED",""
"ASN-L0182","ASSIGNMENT","IMPLEMENTATION_AGENT_PROMPT.md","line 182; section Tracebox Full-Implementation Agent Prompt","At the end of each phase, preserve a runnable end-to-end fixture exercising the implemented path. Do not allow phases to remain disconnected horizontal components.","See implementation ledger and architecture module map","evidence/; module tests; conformance/","HOST_UNIT_STATIC; applicable Android endpoint","NOT_STARTED",""
"ASN-L0186","ASSIGNMENT","IMPLEMENTATION_AGENT_PROMPT.md","line 186; section Tracebox Full-Implementation Agent Prompt","Mark it in progress.","See implementation ledger and architecture module map","evidence/; module tests; conformance/","HOST_UNIT_STATIC; applicable Android endpoint","NOT_STARTED",""
"ASN-L0187","ASSIGNMENT","IMPLEMENTATION_AGENT_PROMPT.md","line 187; section Tracebox Full-Implementation Agent Prompt","Read its dependencies and relevant design sections.","See implementation ledger and architecture module map","evidence/; module tests; conformance/","HOST_UNIT_STATIC; applicable Android endpoint","NOT_STARTED",""
"ASN-L0188","ASSIGNMENT","IMPLEMENTATION_AGENT_PROMPT.md","line 188; section Tracebox Full-Implementation Agent Prompt","Implement the complete vertical behavior, not only interfaces.","See implementation ledger and architecture module map","evidence/; module tests; conformance/","HOST_UNIT_STATIC; applicable Android endpoint","NOT_STARTED",""
"ASN-L0189","ASSIGNMENT","IMPLEMENTATION_AGENT_PROMPT.md","line 189; section Tracebox Full-Implementation Agent Prompt","Add tests and failure injection with the implementation.","See implementation ledger and architecture module map","evidence/; module tests; conformance/","HOST_UNIT_STATIC; applicable Android endpoint","NOT_STARTED",""
"ASN-L0190","ASSIGNMENT","IMPLEMENTATION_AGENT_PROMPT.md","line 190; section Tracebox Full-Implementation Agent Prompt","Run the smallest meaningful verification.","See implementation ledger and architecture module map","evidence/; module tests; conformance/","HOST_UNIT_STATIC; applicable Android endpoint","NOT_STARTED",""
"ASN-L0191","ASSIGNMENT","IMPLEMENTATION_AGENT_PROMPT.md","line 191; section Tracebox Full-Implementation Agent Prompt","Perform a focused review.","See implementation ledger and architecture module map","evidence/; module tests; conformance/","HOST_UNIT_STATIC; applicable Android endpoint","NOT_STARTED",""
"ASN-L0192","ASSIGNMENT","IMPLEMENTATION_AGENT_PROMPT.md","line 192; section Tracebox Full-Implementation Agent Prompt","Fix review findings.","See implementation ledger and architecture module map","evidence/; module tests; conformance/","HOST_UNIT_STATIC; applicable Android endpoint","NOT_STARTED",""
"ASN-L0193","ASSIGNMENT","IMPLEMENTATION_AGENT_PROMPT.md","line 193; section Tracebox Full-Implementation Agent Prompt","Mark it complete only after acceptance criteria pass.","See implementation ledger and architecture module map","evidence/; module tests; conformance/","HOST_UNIT_STATIC; applicable Android endpoint","NOT_STARTED",""
"ASN-L0195","ASSIGNMENT","IMPLEMENTATION_AGENT_PROMPT.md","line 195; section Tracebox Full-Implementation Agent Prompt","A command is successful only when it terminates within its declared timeout, returns its documented success exit status, and produces the expected validated artifacts/results. A timeout, crash, missing output, unreadable output, flaky-only pass, or non-success exit status is not PASS. Preserve exact commands, exit statuses, logs, tool versions, and evidence paths.","See implementation ledger and architecture module map","evidence/; module tests; conformance/","HOST_UNIT_STATIC; applicable Android endpoint","NOT_STARTED",""
"ASN-L0199","ASSIGNMENT","IMPLEMENTATION_AGENT_PROMPT.md","line 199; section Tracebox Full-Implementation Agent Prompt","Do not mark:","See implementation ledger and architecture module map","evidence/; module tests; conformance/","HOST_UNIT_STATIC; applicable Android endpoint","NOT_STARTED",""
"ASN-L0201","ASSIGNMENT","IMPLEMENTATION_AGENT_PROMPT.md","line 201; section Tracebox Full-Implementation Agent Prompt","a stub as implemented;","See implementation ledger and architecture module map","evidence/; module tests; conformance/","HOST_UNIT_STATIC; applicable Android endpoint","NOT_STARTED",""
"ASN-L0202","ASSIGNMENT","IMPLEMENTATION_AGENT_PROMPT.md","line 202; section Tracebox Full-Implementation Agent Prompt","a mocked Crashpad path as native capture;","See implementation ledger and architecture module map","evidence/; module tests; conformance/","HOST_UNIT_STATIC; applicable Android endpoint","NOT_STARTED",""
"ASN-L0203","ASSIGNMENT","IMPLEMENTATION_AGENT_PROMPT.md","line 203; section Tracebox Full-Implementation Agent Prompt","an interface as persistence;","See implementation ledger and architecture module map","evidence/; module tests; conformance/","HOST_UNIT_STATIC; applicable Android endpoint","NOT_STARTED",""
"ASN-L0204","ASSIGNMENT","IMPLEMENTATION_AGENT_PROMPT.md","line 204; section Tracebox Full-Implementation Agent Prompt","an emulator-only experiment as a supported physical-device capability;","See implementation ledger and architecture module map","evidence/; module tests; conformance/","API30_API37_X86_64_AND_ALL_AVAILABLE_ARM64; page-size cells where available","NOT_STARTED",""
"ASN-L0205","ASSIGNMENT","IMPLEMENTATION_AGENT_PROMPT.md","line 205; section Tracebox Full-Implementation Agent Prompt","a passing happy-path test as fault tolerance;","See implementation ledger and architecture module map","evidence/; module tests; conformance/","HOST_UNIT_STATIC; applicable Android endpoint","NOT_STARTED",""
"ASN-L0206","ASSIGNMENT","IMPLEMENTATION_AGENT_PROMPT.md","line 206; section Tracebox Full-Implementation Agent Prompt","a generated empty package as export completion;","See implementation ledger and architecture module map","evidence/; module tests; conformance/","HOST_UNIT_STATIC; applicable Android endpoint","NOT_STARTED",""
"ASN-L0207","ASSIGNMENT","IMPLEMENTATION_AGENT_PROMPT.md","line 207; section Tracebox Full-Implementation Agent Prompt","static manifest checks as runtime no-network proof.","See implementation ledger and architecture module map","evidence/; module tests; conformance/","HOST_STATIC; API30_API37_RUNTIME; blocked-egress controls","NOT_STARTED",""
"ASN-L0213","ASSIGNMENT","IMPLEMENTATION_AGENT_PROMPT.md","line 213; section Tracebox Full-Implementation Agent Prompt","Do not dispatch subagents to Gemini models unless the user explicitly requests Gemini.","See implementation ledger and architecture module map","evidence/; module tests; conformance/","HOST_UNIT_STATIC; applicable Android endpoint","NOT_STARTED",""
"ASN-L0215","ASSIGNMENT","IMPLEMENTATION_AGENT_PROMPT.md","line 215; section Tracebox Full-Implementation Agent Prompt","All code and architecture reviews must use GPT-5.6 Sol. A review is APPROVED only when its verdict is exactly APPROVED and it reports zero blocker, critical, or major findings. Use an independent review context bound to the immutable reviewed commit SHA and base SHA. The external review artifact must state its scope, model name/ID, reviewed SHA, base SHA, verdict, severity counts, findings, and evidence references. Before relying on it, verify current HEAD still equals the approved SHA. A later change touching the reviewed scope invalidates that scope's approval.","See implementation ledger and architecture module map","evidence/; module tests; conformance/","HOST_UNIT_STATIC; applicable Android endpoint","NOT_STARTED",""
"ASN-L0223","ASSIGNMENT","IMPLEMENTATION_AGENT_PROMPT.md","line 223; section Tracebox Full-Implementation Agent Prompt","Gradle version catalog and wrapper;","phase0/; specs/; docs/adr/; native/; android/; benchmarks/; test-apps/","evidence/phase0/; benchmarks/; test-apps/","HOST_UNIT_STATIC; applicable Android endpoint","NOT_STARTED",""
"ASN-L0224","ASSIGNMENT","IMPLEMENTATION_AGENT_PROMPT.md","line 224; section Tracebox Full-Implementation Agent Prompt","reproducible dependency locking and verification;","phase0/; specs/; docs/adr/; native/; android/; benchmarks/; test-apps/","evidence/phase0/; benchmarks/; test-apps/","HOST_UNIT_STATIC; applicable Android endpoint","NOT_STARTED",""
"ASN-L0225","ASSIGNMENT","IMPLEMENTATION_AGENT_PROMPT.md","line 225; section Tracebox Full-Implementation Agent Prompt","Android/Kotlin convention plugins;","phase0/; specs/; docs/adr/; native/; android/; benchmarks/; test-apps/","evidence/phase0/; benchmarks/; test-apps/","HOST_UNIT_STATIC; applicable Android endpoint","NOT_STARTED",""
"ASN-L0226","ASSIGNMENT","IMPLEMENTATION_AGENT_PROMPT.md","line 226; section Tracebox Full-Implementation Agent Prompt","NDK/CMake toolchain;","phase0/; specs/; docs/adr/; native/; android/; benchmarks/; test-apps/","evidence/phase0/; benchmarks/; test-apps/","HOST_UNIT_STATIC; applicable Android endpoint","NOT_STARTED",""
"ASN-L0227","ASSIGNMENT","IMPLEMENTATION_AGENT_PROMPT.md","line 227; section Tracebox Full-Implementation Agent Prompt","Rust workspace and Android targets;","phase0/; specs/; docs/adr/; native/; android/; benchmarks/; test-apps/","evidence/phase0/; benchmarks/; test-apps/","HOST_UNIT_STATIC; applicable Android endpoint","NOT_STARTED",""
"ASN-L0228","ASSIGNMENT","IMPLEMENTATION_AGENT_PROMPT.md","line 228; section Tracebox Full-Implementation Agent Prompt","pinned Crashpad revision and patch policy;","phase0/; specs/; docs/adr/; native/; android/; benchmarks/; test-apps/","evidence/phase0/; benchmarks/; test-apps/","HOST_UNIT_STATIC; applicable Android endpoint","NOT_STARTED",""
"ASN-L0229","ASSIGNMENT","IMPLEMENTATION_AGENT_PROMPT.md","line 229; section Tracebox Full-Implementation Agent Prompt","CI entry points;","phase0/; specs/; docs/adr/; native/; android/; benchmarks/; test-apps/","evidence/phase0/; benchmarks/; test-apps/","HOST_UNIT_STATIC; applicable Android endpoint","NOT_STARTED",""
"ASN-L0230","ASSIGNMENT","IMPLEMENTATION_AGENT_PROMPT.md","line 230; section Tracebox Full-Implementation Agent Prompt","test applications and benchmark projects.","phase0/; specs/; docs/adr/; native/; android/; benchmarks/; test-apps/","evidence/phase0/; benchmarks/; test-apps/","HOST_UNIT_STATIC; applicable Android endpoint","NOT_STARTED",""
"ASN-L0236","ASSIGNMENT","IMPLEMENTATION_AGENT_PROMPT.md","line 236; section Tracebox Full-Implementation Agent Prompt","terminology and evidence grades;","phase0/; specs/; docs/adr/; native/; android/; benchmarks/; test-apps/","evidence/phase0/; benchmarks/; test-apps/","HOST_UNIT_STATIC; applicable Android endpoint","NOT_STARTED",""
"ASN-L0237","ASSIGNMENT","IMPLEMENTATION_AGENT_PROMPT.md","line 237; section Tracebox Full-Implementation Agent Prompt","privacy classes and prohibited concepts;","phase0/; specs/; docs/adr/; native/; android/; benchmarks/; test-apps/","evidence/phase0/; benchmarks/; test-apps/","HOST_UNIT_STATIC; applicable Android endpoint","NOT_STARTED",""
"ASN-L0238","ASSIGNMENT","IMPLEMENTATION_AGENT_PROMPT.md","line 238; section Tracebox Full-Implementation Agent Prompt","internal identity contract;","phase0/; specs/; docs/adr/; native/; android/; benchmarks/; test-apps/","evidence/phase0/; benchmarks/; test-apps/","HOST_UNIT_STATIC; applicable Android endpoint","NOT_STARTED",""
"ASN-L0239","ASSIGNMENT","IMPLEMENTATION_AGENT_PROMPT.md","line 239; section Tracebox Full-Implementation Agent Prompt","record and segment wire formats;","phase0/; specs/; docs/adr/; native/; android/; benchmarks/; test-apps/","evidence/phase0/; benchmarks/; test-apps/","HOST_UNIT_STATIC; applicable Android endpoint","NOT_STARTED",""
"ASN-L0240","ASSIGNMENT","IMPLEMENTATION_AGENT_PROMPT.md","line 240; section Tracebox Full-Implementation Agent Prompt","public Kotlin API policy;","phase0/; specs/; docs/adr/; native/; android/; benchmarks/; test-apps/","evidence/phase0/; benchmarks/; test-apps/","HOST_UNIT_STATIC; applicable Android endpoint","NOT_STARTED",""
"ASN-L0241","ASSIGNMENT","IMPLEMENTATION_AGENT_PROMPT.md","line 241; section Tracebox Full-Implementation Agent Prompt","native C ABI compatibility;","phase0/; specs/; docs/adr/; native/; android/; benchmarks/; test-apps/","evidence/phase0/; benchmarks/; test-apps/","HOST_UNIT_STATIC; applicable Android endpoint","NOT_STARTED",""
"ASN-L0242","ASSIGNMENT","IMPLEMENTATION_AGENT_PROMPT.md","line 242; section Tracebox Full-Implementation Agent Prompt","Crashpad capture/privacy profile;","phase0/; specs/; docs/adr/; native/; android/; benchmarks/; test-apps/","evidence/phase0/; benchmarks/; test-apps/","HOST_UNIT_STATIC; applicable Android endpoint","NOT_STARTED",""
"ASN-L0243","ASSIGNMENT","IMPLEMENTATION_AGENT_PROMPT.md","line 243; section Tracebox Full-Implementation Agent Prompt","handler IPC and lifecycle;","phase0/; specs/; docs/adr/; native/; android/; benchmarks/; test-apps/","evidence/phase0/; benchmarks/; test-apps/","HOST_UNIT_STATIC; applicable Android endpoint","NOT_STARTED",""
"ASN-L0244","ASSIGNMENT","IMPLEMENTATION_AGENT_PROMPT.md","line 244; section Tracebox Full-Implementation Agent Prompt","emergency record layout;","phase0/; specs/; docs/adr/; native/; android/; benchmarks/; test-apps/","evidence/phase0/; benchmarks/; test-apps/","HOST_UNIT_STATIC; applicable Android endpoint","NOT_STARTED",""
"ASN-L0245","ASSIGNMENT","IMPLEMENTATION_AGENT_PROMPT.md","line 245; section Tracebox Full-Implementation Agent Prompt","live ANR evidence semantics;","phase0/; specs/; docs/adr/; native/; android/; benchmarks/; test-apps/","evidence/phase0/; benchmarks/; test-apps/","HOST_UNIT_STATIC; applicable Android endpoint","NOT_STARTED",""
"ASN-L0246","ASSIGNMENT","IMPLEMENTATION_AGENT_PROMPT.md","line 246; section Tracebox Full-Implementation Agent Prompt","policy barriers and deletion semantics;","phase0/; specs/; docs/adr/; native/; android/; benchmarks/; test-apps/","evidence/phase0/; benchmarks/; test-apps/","HOST_UNIT_STATIC; applicable Android endpoint","NOT_STARTED",""
"ASN-L0247","ASSIGNMENT","IMPLEMENTATION_AGENT_PROMPT.md","line 247; section Tracebox Full-Implementation Agent Prompt",".tbdiag v1 limits and deterministic encoding;","phase0/; specs/; docs/adr/; native/; android/; benchmarks/; test-apps/","evidence/phase0/; benchmarks/; test-apps/","HOST_UNIT_STATIC; applicable Android endpoint","NOT_STARTED",""
"ASN-L0248","ASSIGNMENT","IMPLEMENTATION_AGENT_PROMPT.md","line 248; section Tracebox Full-Implementation Agent Prompt","build identity and symbol matching;","phase0/; specs/; docs/adr/; native/; android/; benchmarks/; test-apps/","evidence/phase0/; benchmarks/; test-apps/","HOST_UNIT_STATIC; applicable Android endpoint","NOT_STARTED",""
"ASN-L0249","ASSIGNMENT","IMPLEMENTATION_AGENT_PROMPT.md","line 249; section Tracebox Full-Implementation Agent Prompt","performance governance.","phase0/; specs/; docs/adr/; native/; android/; benchmarks/; test-apps/","evidence/phase0/; benchmarks/; test-apps/","HOST_UNIT_STATIC; applicable Android endpoint","NOT_STARTED",""
"ASN-L0255","ASSIGNMENT","IMPLEMENTATION_AGENT_PROMPT.md","line 255; section Tracebox Full-Implementation Agent Prompt","ENGINEERING_FEASIBILITY_PASS permits implementation to continue after Crashpad, handler, emergency, and ANR behavior works in the required API 30/37 x86_64 emulator endpoints and all available representative arm64 hardware.","phase0/; specs/; docs/adr/; native/; android/; benchmarks/; test-apps/","evidence/phase0/; benchmarks/; test-apps/","API30_API37_X86_64_AND_ALL_AVAILABLE_ARM64; page-size cells where available","NOT_STARTED",""
"ASN-L0256","ASSIGNMENT","IMPLEMENTATION_AGENT_PROMPT.md","line 256; section Tracebox Full-Implementation Agent Prompt","CERTIFICATION_FEASIBILITY_PASS additionally requires the complete declared physical-device, OEM, ABI, and page-size evidence.","phase0/; specs/; docs/adr/; native/; android/; benchmarks/; test-apps/","evidence/phase0/; benchmarks/; test-apps/","API30_API37_X86_64_AND_ALL_AVAILABLE_ARM64; page-size cells where available","NOT_STARTED",""
"ASN-L0258","ASSIGNMENT","IMPLEMENTATION_AGENT_PROMPT.md","line 258; section Tracebox Full-Implementation Agent Prompt","Broad implementation requires ENGINEERING_FEASIBILITY_PASS. Missing external hardware may leave certification cells UNAVAILABLE_EXTERNAL without preventing reversible implementation, but it prevents FOUNDATION_CERTIFIED. A functional failure on available required hardware is FAIL and blocks dependent implementation.","phase0/; specs/; docs/adr/; native/; android/; benchmarks/; test-apps/","evidence/phase0/; benchmarks/; test-apps/","HOST_UNIT_STATIC; applicable Android endpoint","NOT_STARTED",""
"ASN-L0262","ASSIGNMENT","IMPLEMENTATION_AGENT_PROMPT.md","line 262; section Tracebox Full-Implementation Agent Prompt","ANR healthy CPU, wakeups, false-positive rate, capture rate, and maximum target pause;","phase0/; specs/; docs/adr/; native/; android/; benchmarks/; test-apps/","evidence/phase0/; benchmarks/; test-apps/","HOST_UNIT_STATIC; applicable Android endpoint","NOT_STARTED",""
"ASN-L0263","ASSIGNMENT","IMPLEMENTATION_AGENT_PROMPT.md","line 263; section Tracebox Full-Implementation Agent Prompt","handler healthy CPU/wakeups and memory;","phase0/; specs/; docs/adr/; native/; android/; benchmarks/; test-apps/","evidence/phase0/; benchmarks/; test-apps/","HOST_UNIT_STATIC; applicable Android endpoint","NOT_STARTED",""
"ASN-L0264","ASSIGNMENT","IMPLEMENTATION_AGENT_PROMPT.md","line 264; section Tracebox Full-Implementation Agent Prompt","startup and time-to-Durable;","phase0/; specs/; docs/adr/; native/; android/; benchmarks/; test-apps/","evidence/phase0/; benchmarks/; test-apps/","HOST_UNIT_STATIC; applicable Android endpoint","NOT_STARTED",""
"ASN-L0265","ASSIGNMENT","IMPLEMENTATION_AGENT_PROMPT.md","line 265; section Tracebox Full-Implementation Agent Prompt","crash-to-durable-artifact latency;","phase0/; specs/; docs/adr/; native/; android/; benchmarks/; test-apps/","evidence/phase0/; benchmarks/; test-apps/","HOST_UNIT_STATIC; applicable Android endpoint","NOT_STARTED",""
"ASN-L0266","ASSIGNMENT","IMPLEMENTATION_AGENT_PROMPT.md","line 266; section Tracebox Full-Implementation Agent Prompt","storage and package working-memory bounds;","phase0/; specs/; docs/adr/; native/; android/; benchmarks/; test-apps/","evidence/phase0/; benchmarks/; test-apps/","HOST_UNIT_STATIC; applicable Android endpoint","NOT_STARTED",""
"ASN-L0267","ASSIGNMENT","IMPLEMENTATION_AGENT_PROMPT.md","line 267; section Tracebox Full-Implementation Agent Prompt","fuzz durations, corpus retention, and generated truncation/corruption case budgets;","phase0/; specs/; docs/adr/; native/; android/; benchmarks/; test-apps/","evidence/phase0/; benchmarks/; test-apps/","HOST_FUZZ_SMOKE; nightly/certification duration per frozen protocol","NOT_STARTED",""
"ASN-L0268","ASSIGNMENT","IMPLEMENTATION_AGENT_PROMPT.md","line 268; section Tracebox Full-Implementation Agent Prompt","presubmit, nightly, and certification matrices.","phase0/; specs/; docs/adr/; native/; android/; benchmarks/; test-apps/","evidence/phase0/; benchmarks/; test-apps/","HOST_UNIT_STATIC; applicable Android endpoint","NOT_STARTED",""
"ASN-L0270","ASSIGNMENT","IMPLEMENTATION_AGENT_PROMPT.md","line 270; section Tracebox Full-Implementation Agent Prompt","Results cannot retroactively change their own pass criteria. A threshold or protocol change requires explicit user acceptance and a fresh complete measurement run.","phase0/; specs/; docs/adr/; native/; android/; benchmarks/; test-apps/","evidence/phase0/; benchmarks/; test-apps/","HOST_UNIT_STATIC; applicable Android endpoint","NOT_STARTED",""
"ASN-L0274","ASSIGNMENT","IMPLEMENTATION_AGENT_PROMPT.md","line 274; section Tracebox Full-Implementation Agent Prompt","Crashpad privacy feasibility:","phase0/; specs/; docs/adr/; native/; android/; benchmarks/; test-apps/","evidence/phase0/; benchmarks/; test-apps/","HOST_UNIT_STATIC; applicable Android endpoint","NOT_STARTED",""
"ASN-L0275","ASSIGNMENT","IMPLEMENTATION_AGENT_PROMPT.md","line 275; section Tracebox Full-Implementation Agent Prompt","inventory actual captured streams;","phase0/; specs/; docs/adr/; native/; android/; benchmarks/; test-apps/","evidence/phase0/; benchmarks/; test-apps/","HOST_UNIT_STATIC; applicable Android endpoint","NOT_STARTED",""
"ASN-L0276","ASSIGNMENT","IMPLEMENTATION_AGENT_PROMPT.md","line 276; section Tracebox Full-Implementation Agent Prompt","prove raw minidumps are quarantined C2;","phase0/; specs/; docs/adr/; native/; android/; benchmarks/; test-apps/","evidence/phase0/; benchmarks/; test-apps/","HOST_UNIT_STATIC; applicable Android endpoint","NOT_STARTED",""
"ASN-L0277","ASSIGNMENT","IMPLEMENTATION_AGENT_PROMPT.md","line 277; section Tracebox Full-Implementation Agent Prompt","derive useful C0/C1 summaries;","phase0/; specs/; docs/adr/; native/; android/; benchmarks/; test-apps/","evidence/phase0/; benchmarks/; test-apps/","HOST_UNIT_STATIC; applicable Android endpoint","NOT_STARTED",""
"ASN-L0278","ASSIGNMENT","IMPLEMENTATION_AGENT_PROMPT.md","line 278; section Tracebox Full-Implementation Agent Prompt","scan seeded secrets;","phase0/; specs/; docs/adr/; native/; android/; benchmarks/; test-apps/","evidence/phase0/; benchmarks/; test-apps/","HOST_UNIT_STATIC; applicable Android endpoint","NOT_STARTED",""
"ASN-L0279","ASSIGNMENT","IMPLEMENTATION_AGENT_PROMPT.md","line 279; section Tracebox Full-Implementation Agent Prompt","verify no Tracebox internal identity is intentionally injected.","phase0/; specs/; docs/adr/; native/; android/; benchmarks/; test-apps/","evidence/phase0/; benchmarks/; test-apps/","HOST_UNIT_STATIC; applicable Android endpoint","NOT_STARTED",""
"ASN-L0281","ASSIGNMENT","IMPLEMENTATION_AGENT_PROMPT.md","line 281; section Tracebox Full-Implementation Agent Prompt","Handler feasibility:","phase0/; specs/; docs/adr/; native/; android/; benchmarks/; test-apps/","evidence/phase0/; benchmarks/; test-apps/","HOST_UNIT_STATIC; applicable Android endpoint","NOT_STARTED",""
"ASN-L0282","ASSIGNMENT","IMPLEMENTATION_AGENT_PROMPT.md","line 282; section Tracebox Full-Implementation Agent Prompt","one private handler process;","phase0/; specs/; docs/adr/; native/; android/; benchmarks/; test-apps/","evidence/phase0/; benchmarks/; test-apps/","HOST_UNIT_STATIC; applicable Android endpoint","NOT_STARTED",""
"ASN-L0283","ASSIGNMENT","IMPLEMENTATION_AGENT_PROMPT.md","line 283; section Tracebox Full-Implementation Agent Prompt","multiple app-process clients;","phase0/; specs/; docs/adr/; native/; android/; benchmarks/; test-apps/","evidence/phase0/; benchmarks/; test-apps/","HOST_UNIT_STATIC; applicable Android endpoint","NOT_STARTED",""
"ASN-L0284","ASSIGNMENT","IMPLEMENTATION_AGENT_PROMPT.md","line 284; section Tracebox Full-Implementation Agent Prompt","handler startup, death, restart, hang, and crash loop;","phase0/; specs/; docs/adr/; native/; android/; benchmarks/; test-apps/","evidence/phase0/; benchmarks/; test-apps/","HOST_UNIT_STATIC; applicable Android endpoint","NOT_STARTED",""
"ASN-L0285","ASSIGNMENT","IMPLEMENTATION_AGENT_PROMPT.md","line 285; section Tracebox Full-Implementation Agent Prompt","4 KiB and 16 KiB pages;","phase0/; specs/; docs/adr/; native/; android/; benchmarks/; test-apps/","evidence/phase0/; benchmarks/; test-apps/","API30_API37_X86_64_AND_ALL_AVAILABLE_ARM64; page-size cells where available","NOT_STARTED",""
"ASN-L0286","ASSIGNMENT","IMPLEMENTATION_AGENT_PROMPT.md","line 286; section Tracebox Full-Implementation Agent Prompt","API 30 and API 37 early endpoints;","phase0/; specs/; docs/adr/; native/; android/; benchmarks/; test-apps/","evidence/phase0/; benchmarks/; test-apps/","API30_API37_X86_64_AND_ALL_AVAILABLE_ARM64; page-size cells where available","NOT_STARTED",""
"ASN-L0287","ASSIGNMENT","IMPLEMENTATION_AGENT_PROMPT.md","line 287; section Tracebox Full-Implementation Agent Prompt","emulator x86_64 for the engineering gate;","phase0/; specs/; docs/adr/; native/; android/; benchmarks/; test-apps/","evidence/phase0/; benchmarks/; test-apps/","API30_API37_X86_64_AND_ALL_AVAILABLE_ARM64; page-size cells where available","NOT_STARTED",""
"ASN-L0288","ASSIGNMENT","IMPLEMENTATION_AGENT_PROMPT.md","line 288; section Tracebox Full-Implementation Agent Prompt","physical arm64 for every available representative cell and for certification;","phase0/; specs/; docs/adr/; native/; android/; benchmarks/; test-apps/","evidence/phase0/; benchmarks/; test-apps/","API30_API37_X86_64_AND_ALL_AVAILABLE_ARM64; page-size cells where available","NOT_STARTED",""
"ASN-L0289","ASSIGNMENT","IMPLEMENTATION_AGENT_PROMPT.md","line 289; section Tracebox Full-Implementation Agent Prompt","no polling or uploader.","phase0/; specs/; docs/adr/; native/; android/; benchmarks/; test-apps/","evidence/phase0/; benchmarks/; test-apps/","HOST_STATIC; API30_API37_RUNTIME; blocked-egress controls","NOT_STARTED",""
"ASN-L0291","ASSIGNMENT","IMPLEMENTATION_AGENT_PROMPT.md","line 291; section Tracebox Full-Implementation Agent Prompt","Emergency feasibility:","phase0/; specs/; docs/adr/; native/; android/; benchmarks/; test-apps/","evidence/phase0/; benchmarks/; test-apps/","HOST_UNIT_STATIC; applicable Android endpoint","NOT_STARTED",""
"ASN-L0292","ASSIGNMENT","IMPLEMENTATION_AGENT_PROMPT.md","line 292; section Tracebox Full-Implementation Agent Prompt","crash before Durable;","phase0/; specs/; docs/adr/; native/; android/; benchmarks/; test-apps/","evidence/phase0/; benchmarks/; test-apps/","HOST_UNIT_STATIC; applicable Android endpoint","NOT_STARTED",""
"ASN-L0293","ASSIGNMENT","IMPLEMENTATION_AGENT_PROMPT.md","line 293; section Tracebox Full-Implementation Agent Prompt","Crashpad unavailable;","phase0/; specs/; docs/adr/; native/; android/; benchmarks/; test-apps/","evidence/phase0/; benchmarks/; test-apps/","HOST_UNIT_STATIC; applicable Android endpoint","NOT_STARTED",""
"ASN-L0294","ASSIGNMENT","IMPLEMENTATION_AGENT_PROMPT.md","line 294; section Tracebox Full-Implementation Agent Prompt","recursive signal;","phase0/; specs/; docs/adr/; native/; android/; benchmarks/; test-apps/","evidence/phase0/; benchmarks/; test-apps/","HOST_UNIT_STATIC; applicable Android endpoint","NOT_STARTED",""
"ASN-L0295","ASSIGNMENT","IMPLEMENTATION_AGENT_PROMPT.md","line 295; section Tracebox Full-Implementation Agent Prompt","registered-thread stack overflow;","phase0/; specs/; docs/adr/; native/; android/; benchmarks/; test-apps/","evidence/phase0/; benchmarks/; test-apps/","HOST_UNIT_STATIC; applicable Android endpoint","NOT_STARTED",""
"ASN-L0296","ASSIGNMENT","IMPLEMENTATION_AGENT_PROMPT.md","line 296; section Tracebox Full-Implementation Agent Prompt","partial and failed writes;","phase0/; specs/; docs/adr/; native/; android/; benchmarks/; test-apps/","evidence/phase0/; benchmarks/; test-apps/","HOST_UNIT_STATIC; applicable Android endpoint","NOT_STARTED",""
"ASN-L0297","ASSIGNMENT","IMPLEMENTATION_AGENT_PROMPT.md","line 297; section Tracebox Full-Implementation Agent Prompt","Android debuggerd/default behavior remains possible.","phase0/; specs/; docs/adr/; native/; android/; benchmarks/; test-apps/","evidence/phase0/; benchmarks/; test-apps/","HOST_UNIT_STATIC; applicable Android endpoint","NOT_STARTED",""
"ASN-L0299","ASSIGNMENT","IMPLEMENTATION_AGENT_PROMPT.md","line 299; section Tracebox Full-Implementation Agent Prompt","ANR feasibility:","phase0/; specs/; docs/adr/; native/; android/; benchmarks/; test-apps/","evidence/phase0/; benchmarks/; test-apps/","HOST_UNIT_STATIC; applicable Android endpoint","NOT_STARTED",""
"ASN-L0300","ASSIGNMENT","IMPLEMENTATION_AGENT_PROMPT.md","line 300; section Tracebox Full-Implementation Agent Prompt","healthy heartbeat overhead;","phase0/; specs/; docs/adr/; native/; android/; benchmarks/; test-apps/","evidence/phase0/; benchmarks/; test-apps/","HOST_UNIT_STATIC; applicable Android endpoint","NOT_STARTED",""
"ASN-L0301","ASSIGNMENT","IMPLEMENTATION_AGENT_PROMPT.md","line 301; section Tracebox Full-Implementation Agent Prompt","credible-stall capture;","phase0/; specs/; docs/adr/; native/; android/; benchmarks/; test-apps/","evidence/phase0/; benchmarks/; test-apps/","HOST_UNIT_STATIC; applicable Android endpoint","NOT_STARTED",""
"ASN-L0302","ASSIGNMENT","IMPLEMENTATION_AGENT_PROMPT.md","line 302; section Tracebox Full-Implementation Agent Prompt","on-demand nonfatal handler request;","phase0/; specs/; docs/adr/; native/; android/; benchmarks/; test-apps/","evidence/phase0/; benchmarks/; test-apps/","HOST_UNIT_STATIC; applicable Android endpoint","NOT_STARTED",""
"ASN-L0303","ASSIGNMENT","IMPLEMENTATION_AGENT_PROMPT.md","line 303; section Tracebox Full-Implementation Agent Prompt","maximum target-process pause;","phase0/; specs/; docs/adr/; native/; android/; benchmarks/; test-apps/","evidence/phase0/; benchmarks/; test-apps/","HOST_UNIT_STATIC; applicable Android endpoint","NOT_STARTED",""
"ASN-L0304","ASSIGNMENT","IMPLEMENTATION_AGENT_PROMPT.md","line 304; section Tracebox Full-Implementation Agent Prompt","request timeout and cancellation;","phase0/; specs/; docs/adr/; native/; android/; benchmarks/; test-apps/","evidence/phase0/; benchmarks/; test-apps/","HOST_UNIT_STATIC; applicable Android endpoint","NOT_STARTED",""
"ASN-L0305","ASSIGNMENT","IMPLEMENTATION_AGENT_PROMPT.md","line 305; section Tracebox Full-Implementation Agent Prompt","lifecycle adaptation;","phase0/; specs/; docs/adr/; native/; android/; benchmarks/; test-apps/","evidence/phase0/; benchmarks/; test-apps/","HOST_UNIT_STATIC; applicable Android endpoint","NOT_STARTED",""
"ASN-L0306","ASSIGNMENT","IMPLEMENTATION_AGENT_PROMPT.md","line 306; section Tracebox Full-Implementation Agent Prompt","false-positive characterization.","phase0/; specs/; docs/adr/; native/; android/; benchmarks/; test-apps/","evidence/phase0/; benchmarks/; test-apps/","HOST_UNIT_STATIC; applicable Android endpoint","NOT_STARTED",""
"ASN-L0310","ASSIGNMENT","IMPLEMENTATION_AGENT_PROMPT.md","line 310; section Tracebox Full-Implementation Agent Prompt","do not silently drop the feature;","phase0/; specs/; docs/adr/; native/; android/; benchmarks/; test-apps/","evidence/phase0/; benchmarks/; test-apps/","HOST_UNIT_STATIC; applicable Android endpoint","NOT_STARTED",""
"ASN-L0311","ASSIGNMENT","IMPLEMENTATION_AGENT_PROMPT.md","line 311; section Tracebox Full-Implementation Agent Prompt","try up to three materially different implementation approaches unless the user authorizes more;","phase0/; specs/; docs/adr/; native/; android/; benchmarks/; test-apps/","evidence/phase0/; benchmarks/; test-apps/","HOST_UNIT_STATIC; applicable Android endpoint","NOT_STARTED",""
"ASN-L0312","ASSIGNMENT","IMPLEMENTATION_AGENT_PROMPT.md","line 312; section Tracebox Full-Implementation Agent Prompt","document evidence and attempted fixes;","phase0/; specs/; docs/adr/; native/; android/; benchmarks/; test-apps/","evidence/phase0/; benchmarks/; test-apps/","HOST_UNIT_STATIC; applicable Android endpoint","NOT_STARTED",""
"ASN-L0313","ASSIGNMENT","IMPLEMENTATION_AGENT_PROMPT.md","line 313; section Tracebox Full-Implementation Agent Prompt","stop before building incompatible architecture around a failed assumption;","phase0/; specs/; docs/adr/; native/; android/; benchmarks/; test-apps/","evidence/phase0/; benchmarks/; test-apps/","HOST_UNIT_STATIC; applicable Android endpoint","NOT_STARTED",""
"ASN-L0314","ASSIGNMENT","IMPLEMENTATION_AGENT_PROMPT.md","line 314; section Tracebox Full-Implementation Agent Prompt","request a product decision and, where useful, draft a Proposed ADR.","phase0/; specs/; docs/adr/; native/; android/; benchmarks/; test-apps/","evidence/phase0/; benchmarks/; test-apps/","HOST_UNIT_STATIC; applicable Android endpoint","NOT_STARTED",""
"ASN-L0322","ASSIGNMENT","IMPLEMENTATION_AGENT_PROMPT.md","line 322; section Tracebox Full-Implementation Agent Prompt","Kotlin event/value types and recording functions;","schema/; tooling/schema-compiler/; android/tracebox-api/; native/include/; rust/","evidence/; module tests; conformance/","HOST_UNIT_STATIC; applicable Android endpoint","NOT_STARTED",""
"ASN-L0323","ASSIGNMENT","IMPLEMENTATION_AGENT_PROMPT.md","line 323; section Tracebox Full-Implementation Agent Prompt","C and C++ structs/functions;","schema/; tooling/schema-compiler/; android/tracebox-api/; native/include/; rust/","evidence/; module tests; conformance/","HOST_UNIT_STATIC; applicable Android endpoint","NOT_STARTED",""
"ASN-L0324","ASSIGNMENT","IMPLEMENTATION_AGENT_PROMPT.md","line 324; section Tracebox Full-Implementation Agent Prompt","Rust raw bindings and safe wrappers;","schema/; tooling/schema-compiler/; android/tracebox-api/; native/include/; rust/","evidence/; module tests; conformance/","HOST_UNIT_STATIC; applicable Android endpoint","NOT_STARTED",""
"ASN-L0325","ASSIGNMENT","IMPLEMENTATION_AGENT_PROMPT.md","line 325; section Tracebox Full-Implementation Agent Prompt","protobuf-compatible record schemas;","schema/; tooling/schema-compiler/; android/tracebox-api/; native/include/; rust/","evidence/; module tests; conformance/","HOST_UNIT_STATIC; applicable Android endpoint","NOT_STARTED",""
"ASN-L0326","ASSIGNMENT","IMPLEMENTATION_AGENT_PROMPT.md","line 326; section Tracebox Full-Implementation Agent Prompt","disclosure labels;","schema/; tooling/schema-compiler/; android/tracebox-api/; native/include/; rust/","evidence/; module tests; conformance/","HOST_UNIT_STATIC; applicable Android endpoint","NOT_STARTED",""
"ASN-L0327","ASSIGNMENT","IMPLEMENTATION_AGENT_PROMPT.md","line 327; section Tracebox Full-Implementation Agent Prompt","decoder metadata;","schema/; tooling/schema-compiler/; android/tracebox-api/; native/include/; rust/","evidence/; module tests; conformance/","HOST_UNIT_STATIC; applicable Android endpoint","NOT_STARTED",""
"ASN-L0328","ASSIGNMENT","IMPLEMENTATION_AGENT_PROMPT.md","line 328; section Tracebox Full-Implementation Agent Prompt","generated documentation;","schema/; tooling/schema-compiler/; android/tracebox-api/; native/include/; rust/","evidence/; module tests; conformance/","HOST_UNIT_STATIC; applicable Android endpoint","NOT_STARTED",""
"ASN-L0329","ASSIGNMENT","IMPLEMENTATION_AGENT_PROMPT.md","line 329; section Tracebox Full-Implementation Agent Prompt","schema lint and compile-fail tests.","schema/; tooling/schema-compiler/; android/tracebox-api/; native/include/; rust/","evidence/; module tests; conformance/","HOST_UNIT_STATIC; applicable Android endpoint","NOT_STARTED",""
"ASN-L0333","ASSIGNMENT","IMPLEMENTATION_AGENT_PROMPT.md","line 333; section Tracebox Full-Implementation Agent Prompt","C0 Essential;","schema/; tooling/schema-compiler/; android/tracebox-api/; native/include/; rust/","evidence/; module tests; conformance/","HOST_UNIT_STATIC; applicable Android endpoint","NOT_STARTED",""
"ASN-L0334","ASSIGNMENT","IMPLEMENTATION_AGENT_PROMPT.md","line 334; section Tracebox Full-Implementation Agent Prompt","C1 Operational;","schema/; tooling/schema-compiler/; android/tracebox-api/; native/include/; rust/","evidence/; module tests; conformance/","HOST_UNIT_STATIC; applicable Android endpoint","NOT_STARTED",""
"ASN-L0335","ASSIGNMENT","IMPLEMENTATION_AGENT_PROMPT.md","line 335; section Tracebox Full-Implementation Agent Prompt","C2 Sensitive;","schema/; tooling/schema-compiler/; android/tracebox-api/; native/include/; rust/","evidence/; module tests; conformance/","HOST_UNIT_STATIC; applicable Android endpoint","NOT_STARTED",""
"ASN-L0336","ASSIGNMENT","IMPLEMENTATION_AGENT_PROMPT.md","line 336; section Tracebox Full-Implementation Agent Prompt","Prohibited.","schema/; tooling/schema-compiler/; android/tracebox-api/; native/include/; rust/","evidence/; module tests; conformance/","HOST_UNIT_STATIC; applicable Android endpoint","NOT_STARTED",""
"ASN-L0340","ASSIGNMENT","IMPLEMENTATION_AGENT_PROMPT.md","line 340; section Tracebox Full-Implementation Agent Prompt","Prohibited sources have no collection API.","schema/; tooling/schema-compiler/; android/tracebox-api/; native/include/; rust/","evidence/; module tests; conformance/","HOST_UNIT_STATIC; applicable Android endpoint","NOT_STARTED",""
"ASN-L0344","ASSIGNMENT","IMPLEMENTATION_AGENT_PROMPT.md","line 344; section Tracebox Full-Implementation Agent Prompt","stable numeric IDs never reused;","schema/; tooling/schema-compiler/; android/tracebox-api/; native/include/; rust/","evidence/; module tests; conformance/","HOST_UNIT_STATIC; applicable Android endpoint","NOT_STARTED",""
"ASN-L0345","ASSIGNMENT","IMPLEMENTATION_AGENT_PROMPT.md","line 345; section Tracebox Full-Implementation Agent Prompt","explicit bounds;","schema/; tooling/schema-compiler/; android/tracebox-api/; native/include/; rust/","evidence/; module tests; conformance/","HOST_UNIT_STATIC; applicable Android endpoint","NOT_STARTED",""
"ASN-L0346","ASSIGNMENT","IMPLEMENTATION_AGENT_PROMPT.md","line 346; section Tracebox Full-Implementation Agent Prompt","explicit privacy class;","schema/; tooling/schema-compiler/; android/tracebox-api/; native/include/; rust/","evidence/; module tests; conformance/","HOST_UNIT_STATIC; applicable Android endpoint","NOT_STARTED",""
"ASN-L0347","ASSIGNMENT","IMPLEMENTATION_AGENT_PROMPT.md","line 347; section Tracebox Full-Implementation Agent Prompt","explicit retention eligibility;","schema/; tooling/schema-compiler/; android/tracebox-api/; native/include/; rust/","evidence/; module tests; conformance/","HOST_UNIT_STATIC; applicable Android endpoint","NOT_STARTED",""
"ASN-L0348","ASSIGNMENT","IMPLEMENTATION_AGENT_PROMPT.md","line 348; section Tracebox Full-Implementation Agent Prompt","explicit Direct Boot eligibility;","schema/; tooling/schema-compiler/; android/tracebox-api/; native/include/; rust/","evidence/; module tests; conformance/","HOST_UNIT_STATIC; applicable Android endpoint","NOT_STARTED",""
"ASN-L0349","ASSIGNMENT","IMPLEMENTATION_AGENT_PROMPT.md","line 349; section Tracebox Full-Implementation Agent Prompt","explicit redaction/transformation rules;","schema/; tooling/schema-compiler/; android/tracebox-api/; native/include/; rust/","evidence/; module tests; conformance/","HOST_UNIT_STATIC; applicable Android endpoint","NOT_STARTED",""
"ASN-L0350","ASSIGNMENT","IMPLEMENTATION_AGENT_PROMPT.md","line 350; section Tracebox Full-Implementation Agent Prompt","explicit evolution compatibility.","schema/; tooling/schema-compiler/; android/tracebox-api/; native/include/; rust/","evidence/; module tests; conformance/","HOST_UNIT_STATIC; applicable Android endpoint","NOT_STARTED",""
"ASN-L0354","ASSIGNMENT","IMPLEMENTATION_AGENT_PROMPT.md","line 354; section Tracebox Full-Implementation Agent Prompt","process instance;","schema/; tooling/schema-compiler/; android/tracebox-api/; native/include/; rust/","evidence/; module tests; conformance/","HOST_UNIT_STATIC; applicable Android endpoint","NOT_STARTED",""
"ASN-L0355","ASSIGNMENT","IMPLEMENTATION_AGENT_PROMPT.md","line 355; section Tracebox Full-Implementation Agent Prompt","ordinary segment;","schema/; tooling/schema-compiler/; android/tracebox-api/; native/include/; rust/","evidence/; module tests; conformance/","HOST_UNIT_STATIC; applicable Android endpoint","NOT_STARTED",""
"ASN-L0356","ASSIGNMENT","IMPLEMENTATION_AGENT_PROMPT.md","line 356; section Tracebox Full-Implementation Agent Prompt","raw artifact;","schema/; tooling/schema-compiler/; android/tracebox-api/; native/include/; rust/","evidence/; module tests; conformance/","HOST_UNIT_STATIC; applicable Android endpoint","NOT_STARTED",""
"ASN-L0357","ASSIGNMENT","IMPLEMENTATION_AGENT_PROMPT.md","line 357; section Tracebox Full-Implementation Agent Prompt","structural summary;","schema/; tooling/schema-compiler/; android/tracebox-api/; native/include/; rust/","evidence/; module tests; conformance/","HOST_UNIT_STATIC; applicable Android endpoint","NOT_STARTED",""
"ASN-L0358","ASSIGNMENT","IMPLEMENTATION_AGENT_PROMPT.md","line 358; section Tracebox Full-Implementation Agent Prompt","summary spool segment;","schema/; tooling/schema-compiler/; android/tracebox-api/; native/include/; rust/","evidence/; module tests; conformance/","HOST_UNIT_STATIC; applicable Android endpoint","NOT_STARTED",""
"ASN-L0359","ASSIGNMENT","IMPLEMENTATION_AGENT_PROMPT.md","line 359; section Tracebox Full-Implementation Agent Prompt","snapshot;","schema/; tooling/schema-compiler/; android/tracebox-api/; native/include/; rust/","evidence/; module tests; conformance/","HOST_UNIT_STATIC; applicable Android endpoint","NOT_STARTED",""
"ASN-L0360","ASSIGNMENT","IMPLEMENTATION_AGENT_PROMPT.md","line 360; section Tracebox Full-Implementation Agent Prompt","emergency record;","schema/; tooling/schema-compiler/; android/tracebox-api/; native/include/; rust/","evidence/; module tests; conformance/","HOST_UNIT_STATIC; applicable Android endpoint","NOT_STARTED",""
"ASN-L0361","ASSIGNMENT","IMPLEMENTATION_AGENT_PROMPT.md","line 361; section Tracebox Full-Implementation Agent Prompt","coordinator boot session;","schema/; tooling/schema-compiler/; android/tracebox-api/; native/include/; rust/","evidence/; module tests; conformance/","HOST_UNIT_STATIC; applicable Android endpoint","NOT_STARTED",""
"ASN-L0362","ASSIGNMENT","IMPLEMENTATION_AGENT_PROMPT.md","line 362; section Tracebox Full-Implementation Agent Prompt","OS exit-correlation token;","schema/; tooling/schema-compiler/; android/tracebox-api/; native/include/; rust/","evidence/; module tests; conformance/","HOST_UNIT_STATIC; applicable Android endpoint","NOT_STARTED",""
"ASN-L0363","ASSIGNMENT","IMPLEMENTATION_AGENT_PROMPT.md","line 363; section Tracebox Full-Implementation Agent Prompt","policy epoch.","schema/; tooling/schema-compiler/; android/tracebox-api/; native/include/; rust/","evidence/; module tests; conformance/","HOST_UNIT_STATIC; applicable Android endpoint","NOT_STARTED",""
"ASN-L0365","ASSIGNMENT","IMPLEMENTATION_AGENT_PROMPT.md","line 365; section Tracebox Full-Implementation Agent Prompt","Internal IDs must be replaced by canonical package-local IDs during export.","schema/; tooling/schema-compiler/; android/tracebox-api/; native/include/; rust/","evidence/; module tests; conformance/","HOST_UNIT_STATIC; applicable Android endpoint","NOT_STARTED",""
"ASN-L0369","ASSIGNMENT","IMPLEMENTATION_AGENT_PROMPT.md","line 369; section Tracebox Full-Implementation Agent Prompt","stable Kotlin public APIs;","schema/; tooling/schema-compiler/; android/tracebox-api/; native/include/; rust/","evidence/; module tests; conformance/","HOST_UNIT_STATIC; applicable Android endpoint","NOT_STARTED",""
"ASN-L0370","ASSIGNMENT","IMPLEMENTATION_AGENT_PROMPT.md","line 370; section Tracebox Full-Implementation Agent Prompt","versioned, size-prefixed C ABI structs;","schema/; tooling/schema-compiler/; android/tracebox-api/; native/include/; rust/","evidence/; module tests; conformance/","HOST_UNIT_STATIC; applicable Android endpoint","NOT_STARTED",""
"ASN-L0371","ASSIGNMENT","IMPLEMENTATION_AGENT_PROMPT.md","line 371; section Tracebox Full-Implementation Agent Prompt","versioned exported symbols;","schema/; tooling/schema-compiler/; android/tracebox-api/; native/include/; rust/","evidence/; module tests; conformance/","HOST_UNIT_STATIC; applicable Android endpoint","NOT_STARTED",""
"ASN-L0372","ASSIGNMENT","IMPLEMENTATION_AGENT_PROMPT.md","line 372; section Tracebox Full-Implementation Agent Prompt","bounded pointer/length contracts;","schema/; tooling/schema-compiler/; android/tracebox-api/; native/include/; rust/","evidence/; module tests; conformance/","HOST_UNIT_STATIC; applicable Android endpoint","NOT_STARTED",""
"ASN-L0373","ASSIGNMENT","IMPLEMENTATION_AGENT_PROMPT.md","line 373; section Tracebox Full-Implementation Agent Prompt","typed status codes;","schema/; tooling/schema-compiler/; android/tracebox-api/; native/include/; rust/","evidence/; module tests; conformance/","HOST_UNIT_STATIC; applicable Android endpoint","NOT_STARTED",""
"ASN-L0374","ASSIGNMENT","IMPLEMENTATION_AGENT_PROMPT.md","line 374; section Tracebox Full-Implementation Agent Prompt","safe Rust wrappers;","schema/; tooling/schema-compiler/; android/tracebox-api/; native/include/; rust/","evidence/; module tests; conformance/","HOST_UNIT_STATIC; applicable Android endpoint","NOT_STARTED",""
"ASN-L0375","ASSIGNMENT","IMPLEMENTATION_AGENT_PROMPT.md","line 375; section Tracebox Full-Implementation Agent Prompt","catch_unwind containment at every FFI/JNI boundary in unwind-enabled Rust builds; abort-mode builds use the common native crash path and never unwind.","schema/; tooling/schema-compiler/; android/tracebox-api/; native/include/; rust/","evidence/; module tests; conformance/","HOST_UNIT_STATIC; applicable Android endpoint","NOT_STARTED",""
"ASN-L0383","ASSIGNMENT","IMPLEMENTATION_AGENT_PROMPT.md","line 383; section Tracebox Full-Implementation Agent Prompt","explicit install is primary;","android/tracebox-core/; android/tracebox-storage/; android/tracebox-directboot/","evidence/; module tests; conformance/","HOST_UNIT_STATIC; applicable Android endpoint","NOT_STARTED",""
"ASN-L0384","ASSIGNMENT","IMPLEMENTATION_AGENT_PROMPT.md","line 384; section Tracebox Full-Implementation Agent Prompt","optional provider installs only the minimal immutable fallback;","android/tracebox-core/; android/tracebox-storage/; android/tracebox-directboot/","evidence/; module tests; conformance/","HOST_UNIT_STATIC; applicable Android endpoint","NOT_STARTED",""
"ASN-L0385","ASSIGNMENT","IMPLEMENTATION_AGENT_PROMPT.md","line 385; section Tracebox Full-Implementation Agent Prompt","provider initialization cannot select a privacy profile, enable durable ordinary/raw capture, retain C1/C2, or create exportable storage;","android/tracebox-core/; android/tracebox-storage/; android/tracebox-directboot/","evidence/; module tests; conformance/","HOST_UNIT_STATIC; applicable Android endpoint","NOT_STARTED",""
"ASN-L0386","ASSIGNMENT","IMPLEMENTATION_AGENT_PROMPT.md","line 386; section Tracebox Full-Implementation Agent Prompt","no main-thread disk I/O;","android/tracebox-core/; android/tracebox-storage/; android/tracebox-directboot/","evidence/; module tests; conformance/","HOST_UNIT_STATIC; applicable Android endpoint","NOT_STARTED",""
"ASN-L0387","ASSIGNMENT","IMPLEMENTATION_AGENT_PROMPT.md","line 387; section Tracebox Full-Implementation Agent Prompt","idempotent identical configuration;","android/tracebox-core/; android/tracebox-storage/; android/tracebox-directboot/","evidence/; module tests; conformance/","HOST_UNIT_STATIC; applicable Android endpoint","NOT_STARTED",""
"ASN-L0388","ASSIGNMENT","IMPLEMENTATION_AGENT_PROMPT.md","line 388; section Tracebox Full-Implementation Agent Prompt","typed error for conflicting configuration.","android/tracebox-core/; android/tracebox-storage/; android/tracebox-directboot/","evidence/; module tests; conformance/","HOST_UNIT_STATIC; applicable Android endpoint","NOT_STARTED",""
"ASN-L0392","ASSIGNMENT","IMPLEMENTATION_AGENT_PROMPT.md","line 392; section Tracebox Full-Implementation Agent Prompt","VolatileCapture;","android/tracebox-core/; android/tracebox-storage/; android/tracebox-directboot/","evidence/; module tests; conformance/","HOST_UNIT_STATIC; applicable Android endpoint","NOT_STARTED",""
"ASN-L0393","ASSIGNMENT","IMPLEMENTATION_AGENT_PROMPT.md","line 393; section Tracebox Full-Implementation Agent Prompt","Durable;","android/tracebox-core/; android/tracebox-storage/; android/tracebox-directboot/","evidence/; module tests; conformance/","HOST_UNIT_STATIC; applicable Android endpoint","NOT_STARTED",""
"ASN-L0394","ASSIGNMENT","IMPLEMENTATION_AGENT_PROMPT.md","line 394; section Tracebox Full-Implementation Agent Prompt","Degraded;","android/tracebox-core/; android/tracebox-storage/; android/tracebox-directboot/","evidence/; module tests; conformance/","HOST_UNIT_STATIC; applicable Android endpoint","NOT_STARTED",""
"ASN-L0395","ASSIGNMENT","IMPLEMENTATION_AGENT_PROMPT.md","line 395; section Tracebox Full-Implementation Agent Prompt","Closed.","android/tracebox-core/; android/tracebox-storage/; android/tracebox-directboot/","evidence/; module tests; conformance/","HOST_UNIT_STATIC; applicable Android endpoint","NOT_STARTED",""
"ASN-L0399","ASSIGNMENT","IMPLEMENTATION_AGENT_PROMPT.md","line 399; section Tracebox Full-Implementation Agent Prompt","handler-owned control page;","android/tracebox-core/; android/tracebox-storage/; android/tracebox-directboot/","evidence/; module tests; conformance/","HOST_UNIT_STATIC; applicable Android endpoint","NOT_STARTED",""
"ASN-L0400","ASSIGNMENT","IMPLEMENTATION_AGENT_PROMPT.md","line 400; section Tracebox Full-Implementation Agent Prompt","persistent policy epoch;","android/tracebox-core/; android/tracebox-storage/; android/tracebox-directboot/","evidence/; module tests; conformance/","HOST_UNIT_STATIC; applicable Android endpoint","NOT_STARTED",""
"ASN-L0401","ASSIGNMENT","IMPLEMENTATION_AGENT_PROMPT.md","line 401; section Tracebox Full-Implementation Agent Prompt","generated deny mask;","android/tracebox-core/; android/tracebox-storage/; android/tracebox-directboot/","evidence/; module tests; conformance/","HOST_UNIT_STATIC; applicable Android endpoint","NOT_STARTED",""
"ASN-L0402","ASSIGNMENT","IMPLEMENTATION_AGENT_PROMPT.md","line 402; section Tracebox Full-Implementation Agent Prompt","epoch-tagged queues and records;","android/tracebox-core/; android/tracebox-storage/; android/tracebox-directboot/","evidence/; module tests; conformance/","HOST_UNIT_STATIC; applicable Android endpoint","NOT_STARTED",""
"ASN-L0403","ASSIGNMENT","IMPLEMENTATION_AGENT_PROMPT.md","line 403; section Tracebox Full-Implementation Agent Prompt","append-time revalidation;","android/tracebox-core/; android/tracebox-storage/; android/tracebox-directboot/","evidence/; module tests; conformance/","HOST_UNIT_STATIC; applicable Android endpoint","NOT_STARTED",""
"ASN-L0404","ASSIGNMENT","IMPLEMENTATION_AGENT_PROMPT.md","line 404; section Tracebox Full-Implementation Agent Prompt","queue barriers;","android/tracebox-core/; android/tracebox-storage/; android/tracebox-directboot/","evidence/; module tests; conformance/","HOST_UNIT_STATIC; applicable Android endpoint","NOT_STARTED",""
"ASN-L0405","ASSIGNMENT","IMPLEMENTATION_AGENT_PROMPT.md","line 405; section Tracebox Full-Implementation Agent Prompt","restrictive token pre-staging;","android/tracebox-core/; android/tracebox-storage/; android/tracebox-directboot/","evidence/; module tests; conformance/","HOST_UNIT_STATIC; applicable Android endpoint","NOT_STARTED",""
"ASN-L0406","ASSIGNMENT","IMPLEMENTATION_AGENT_PROMPT.md","line 406; section Tracebox Full-Implementation Agent Prompt","fenced participant registration;","android/tracebox-core/; android/tracebox-storage/; android/tracebox-directboot/","evidence/; module tests; conformance/","HOST_UNIT_STATIC; applicable Android endpoint","NOT_STARTED",""
"ASN-L0407","ASSIGNMENT","IMPLEMENTATION_AGENT_PROMPT.md","line 407; section Tracebox Full-Implementation Agent Prompt","participant census and lease-based death proof;","android/tracebox-core/; android/tracebox-storage/; android/tracebox-directboot/","evidence/; module tests; conformance/","HOST_UNIT_STATIC; applicable Android endpoint","NOT_STARTED",""
"ASN-L0408","ASSIGNMENT","IMPLEMENTATION_AGENT_PROMPT.md","line 408; section Tracebox Full-Implementation Agent Prompt","fail-closed ordinary persistence on coordinator death;","android/tracebox-core/; android/tracebox-storage/; android/tracebox-directboot/","evidence/; module tests; conformance/","HOST_UNIT_STATIC; applicable Android endpoint","NOT_STARTED",""
"ASN-L0409","ASSIGNMENT","IMPLEMENTATION_AGENT_PROMPT.md","line 409; section Tracebox Full-Implementation Agent Prompt","partial/failure result when global success cannot be proven.","android/tracebox-core/; android/tracebox-storage/; android/tracebox-directboot/","evidence/; module tests; conformance/","HOST_UNIT_STATIC; applicable Android endpoint","NOT_STARTED",""
"ASN-L0413","ASSIGNMENT","IMPLEMENTATION_AGENT_PROMPT.md","line 413; section Tracebox Full-Implementation Agent Prompt","separate C0-only generated schema and store;","android/tracebox-core/; android/tracebox-storage/; android/tracebox-directboot/","evidence/; module tests; conformance/","HOST_UNIT_STATIC; applicable Android endpoint","NOT_STARTED",""
"ASN-L0414","ASSIGNMENT","IMPLEMENTATION_AGENT_PROMPT.md","line 414; section Tracebox Full-Implementation Agent Prompt","no C1/C2 path;","android/tracebox-core/; android/tracebox-storage/; android/tracebox-directboot/","evidence/; module tests; conformance/","HOST_UNIT_STATIC; applicable Android endpoint","NOT_STARTED",""
"ASN-L0415","ASSIGNMENT","IMPLEMENTATION_AGENT_PROMPT.md","line 415; section Tracebox Full-Implementation Agent Prompt","two-phase pending/active DE deny mirror;","android/tracebox-core/; android/tracebox-storage/; android/tracebox-directboot/","evidence/; module tests; conformance/","HOST_UNIT_STATIC; applicable Android endpoint","NOT_STARTED",""
"ASN-L0416","ASSIGNMENT","IMPLEMENTATION_AGENT_PROMPT.md","line 416; section Tracebox Full-Implementation Agent Prompt","restrictive state wins on ambiguity;","android/tracebox-core/; android/tracebox-storage/; android/tracebox-directboot/","evidence/; module tests; conformance/","HOST_UNIT_STATIC; applicable Android endpoint","NOT_STARTED",""
"ASN-L0417","ASSIGNMENT","IMPLEMENTATION_AGENT_PROMPT.md","line 417; section Tracebox Full-Implementation Agent Prompt","tightening is crash-safe before CE commit;","android/tracebox-core/; android/tracebox-storage/; android/tracebox-directboot/","evidence/; module tests; conformance/","HOST_UNIT_STATIC; applicable Android endpoint","NOT_STARTED",""
"ASN-L0418","ASSIGNMENT","IMPLEMENTATION_AGENT_PROMPT.md","line 418; section Tracebox Full-Implementation Agent Prompt","loosening updates DE only after coordinated CE success.","android/tracebox-core/; android/tracebox-storage/; android/tracebox-directboot/","evidence/; module tests; conformance/","HOST_UNIT_STATIC; applicable Android endpoint","NOT_STARTED",""
"ASN-L0422","ASSIGNMENT","IMPLEMENTATION_AGENT_PROMPT.md","line 422; section Tracebox Full-Implementation Agent Prompt","stable process-role quotas;","android/tracebox-core/; android/tracebox-storage/; android/tracebox-directboot/","evidence/; module tests; conformance/","HOST_UNIT_STATIC; applicable Android endpoint","NOT_STARTED",""
"ASN-L0423","ASSIGNMENT","IMPLEMENTATION_AGENT_PROMPT.md","line 423; section Tracebox Full-Implementation Agent Prompt","process-instance segments;","android/tracebox-core/; android/tracebox-storage/; android/tracebox-directboot/","evidence/; module tests; conformance/","HOST_UNIT_STATIC; applicable Android endpoint","NOT_STARTED",""
"ASN-L0424","ASSIGNMENT","IMPLEMENTATION_AGENT_PROMPT.md","line 424; section Tracebox Full-Implementation Agent Prompt","length-prefixed bounded frames;","android/tracebox-core/; android/tracebox-storage/; android/tracebox-directboot/","evidence/; module tests; conformance/","HOST_UNIT_STATIC; applicable Android endpoint","NOT_STARTED",""
"ASN-L0425","ASSIGNMENT","IMPLEMENTATION_AGENT_PROMPT.md","line 425; section Tracebox Full-Implementation Agent Prompt","CRC32C;","android/tracebox-core/; android/tracebox-storage/; android/tracebox-directboot/","evidence/; module tests; conformance/","HOST_UNIT_STATIC; applicable Android endpoint","NOT_STARTED",""
"ASN-L0426","ASSIGNMENT","IMPLEMENTATION_AGENT_PROMPT.md","line 426; section Tracebox Full-Implementation Agent Prompt","immutable seals;","android/tracebox-core/; android/tracebox-storage/; android/tracebox-directboot/","evidence/; module tests; conformance/","HOST_UNIT_STATIC; applicable Android endpoint","NOT_STARTED",""
"ASN-L0427","ASSIGNMENT","IMPLEMENTATION_AGENT_PROMPT.md","line 427; section Tracebox Full-Implementation Agent Prompt","valid-prefix recovery;","android/tracebox-core/; android/tracebox-storage/; android/tracebox-directboot/","evidence/; module tests; conformance/","HOST_UNIT_STATIC; applicable Android endpoint","NOT_STARTED",""
"ASN-L0428","ASSIGNMENT","IMPLEMENTATION_AGENT_PROMPT.md","line 428; section Tracebox Full-Implementation Agent Prompt","no cross-process ordinary append;","android/tracebox-core/; android/tracebox-storage/; android/tracebox-directboot/","evidence/; module tests; conformance/","HOST_UNIT_STATIC; applicable Android endpoint","NOT_STARTED",""
"ASN-L0429","ASSIGNMENT","IMPLEMENTATION_AGENT_PROMPT.md","line 429; section Tracebox Full-Implementation Agent Prompt","optional rebuildable metadata index;","android/tracebox-core/; android/tracebox-storage/; android/tracebox-directboot/","evidence/; module tests; conformance/","HOST_UNIT_STATIC; applicable Android endpoint","NOT_STARTED",""
"ASN-L0430","ASSIGNMENT","IMPLEMENTATION_AGENT_PROMPT.md","line 430; section Tracebox Full-Implementation Agent Prompt","package preparation works without the index.","android/tracebox-core/; android/tracebox-storage/; android/tracebox-directboot/","evidence/; module tests; conformance/","HOST_UNIT_STATIC; applicable Android endpoint","NOT_STARTED",""
"ASN-L0434","ASSIGNMENT","IMPLEMENTATION_AGENT_PROMPT.md","line 434; section Tracebox Full-Implementation Agent Prompt","emergency spool;","android/tracebox-core/; android/tracebox-storage/; android/tracebox-directboot/","evidence/; module tests; conformance/","HOST_UNIT_STATIC; applicable Android endpoint","NOT_STARTED",""
"ASN-L0435","ASSIGNMENT","IMPLEMENTATION_AGENT_PROMPT.md","line 435; section Tracebox Full-Implementation Agent Prompt","structural-summary spool;","android/tracebox-core/; android/tracebox-storage/; android/tracebox-directboot/","evidence/; module tests; conformance/","HOST_UNIT_STATIC; applicable Android endpoint","NOT_STARTED",""
"ASN-L0436","ASSIGNMENT","IMPLEMENTATION_AGENT_PROMPT.md","line 436; section Tracebox Full-Implementation Agent Prompt","raw-artifact quarantine store.","android/tracebox-core/; android/tracebox-storage/; android/tracebox-directboot/","evidence/; module tests; conformance/","HOST_UNIT_STATIC; applicable Android endpoint","NOT_STARTED",""
"ASN-L0438","ASSIGNMENT","IMPLEMENTATION_AGENT_PROMPT.md","line 438; section Tracebox Full-Implementation Agent Prompt","Hard UID-wide bound must include:","android/tracebox-core/; android/tracebox-storage/; android/tracebox-directboot/","evidence/; module tests; conformance/","HOST_UNIT_STATIC; applicable Android endpoint","NOT_STARTED",""
"ASN-L0440","ASSIGNMENT","IMPLEMENTATION_AGENT_PROMPT.md","line 440; section Tracebox Full-Implementation Agent Prompt","all process-role data;","android/tracebox-core/; android/tracebox-storage/; android/tracebox-directboot/","evidence/; module tests; conformance/","HOST_UNIT_STATIC; applicable Android endpoint","NOT_STARTED",""
"ASN-L0441","ASSIGNMENT","IMPLEMENTATION_AGENT_PROMPT.md","line 441; section Tracebox Full-Implementation Agent Prompt","raw artifacts;","android/tracebox-core/; android/tracebox-storage/; android/tracebox-directboot/","evidence/; module tests; conformance/","HOST_UNIT_STATIC; applicable Android endpoint","NOT_STARTED",""
"ASN-L0442","ASSIGNMENT","IMPLEMENTATION_AGENT_PROMPT.md","line 442; section Tracebox Full-Implementation Agent Prompt","summary spools;","android/tracebox-core/; android/tracebox-storage/; android/tracebox-directboot/","evidence/; module tests; conformance/","HOST_UNIT_STATIC; applicable Android endpoint","NOT_STARTED",""
"ASN-L0443","ASSIGNMENT","IMPLEMENTATION_AGENT_PROMPT.md","line 443; section Tracebox Full-Implementation Agent Prompt","summary staging;","android/tracebox-core/; android/tracebox-storage/; android/tracebox-directboot/","evidence/; module tests; conformance/","HOST_UNIT_STATIC; applicable Android endpoint","NOT_STARTED",""
"ASN-L0444","ASSIGNMENT","IMPLEMENTATION_AGENT_PROMPT.md","line 444; section Tracebox Full-Implementation Agent Prompt","snapshots/share staging;","android/tracebox-core/; android/tracebox-storage/; android/tracebox-directboot/","evidence/; module tests; conformance/","HOST_UNIT_STATIC; applicable Android endpoint","NOT_STARTED",""
"ASN-L0445","ASSIGNMENT","IMPLEMENTATION_AGENT_PROMPT.md","line 445; section Tracebox Full-Implementation Agent Prompt","emergency reserves;","android/tracebox-core/; android/tracebox-storage/; android/tracebox-directboot/","evidence/; module tests; conformance/","HOST_UNIT_STATIC; applicable Android endpoint","NOT_STARTED",""
"ASN-L0446","ASSIGNMENT","IMPLEMENTATION_AGENT_PROMPT.md","line 446; section Tracebox Full-Implementation Agent Prompt","lifecycle journals;","android/tracebox-core/; android/tracebox-storage/; android/tracebox-directboot/","evidence/; module tests; conformance/","HOST_UNIT_STATIC; applicable Android endpoint","NOT_STARTED",""
"ASN-L0447","ASSIGNMENT","IMPLEMENTATION_AGENT_PROMPT.md","line 447; section Tracebox Full-Implementation Agent Prompt","policy/census/lease data;","android/tracebox-core/; android/tracebox-storage/; android/tracebox-directboot/","evidence/; module tests; conformance/","HOST_UNIT_STATIC; applicable Android endpoint","NOT_STARTED",""
"ASN-L0448","ASSIGNMENT","IMPLEMENTATION_AGENT_PROMPT.md","line 448; section Tracebox Full-Implementation Agent Prompt","import acknowledgements;","android/tracebox-core/; android/tracebox-storage/; android/tracebox-directboot/","evidence/; module tests; conformance/","HOST_UNIT_STATIC; applicable Android endpoint","NOT_STARTED",""
"ASN-L0449","ASSIGNMENT","IMPLEMENTATION_AGENT_PROMPT.md","line 449; section Tracebox Full-Implementation Agent Prompt","deletion journals;","android/tracebox-core/; android/tracebox-storage/; android/tracebox-directboot/","evidence/; module tests; conformance/","HOST_UNIT_STATIC; applicable Android endpoint","NOT_STARTED",""
"ASN-L0450","ASSIGNMENT","IMPLEMENTATION_AGENT_PROMPT.md","line 450; section Tracebox Full-Implementation Agent Prompt","index files;","android/tracebox-core/; android/tracebox-storage/; android/tracebox-directboot/","evidence/; module tests; conformance/","HOST_UNIT_STATIC; applicable Android endpoint","NOT_STARTED",""
"ASN-L0451","ASSIGNMENT","IMPLEMENTATION_AGENT_PROMPT.md","line 451; section Tracebox Full-Implementation Agent Prompt","manifests;","android/tracebox-core/; android/tracebox-storage/; android/tracebox-directboot/","evidence/; module tests; conformance/","HOST_UNIT_STATIC; applicable Android endpoint","NOT_STARTED",""
"ASN-L0452","ASSIGNMENT","IMPLEMENTATION_AGENT_PROMPT.md","line 452; section Tracebox Full-Implementation Agent Prompt","atomic replacement files;","android/tracebox-core/; android/tracebox-storage/; android/tracebox-directboot/","evidence/; module tests; conformance/","HOST_UNIT_STATIC; applicable Android endpoint","NOT_STARTED",""
"ASN-L0453","ASSIGNMENT","IMPLEMENTATION_AGENT_PROMPT.md","line 453; section Tracebox Full-Implementation Agent Prompt","one reserved maximum-segment compaction workspace.","android/tracebox-core/; android/tracebox-storage/; android/tracebox-directboot/","evidence/; module tests; conformance/","HOST_UNIT_STATIC; applicable Android endpoint","NOT_STARTED",""
"ASN-L0459","ASSIGNMENT","IMPLEMENTATION_AGENT_PROMPT.md","line 459; section Tracebox Full-Implementation Agent Prompt","crash-recoverable deletion journal;","android/tracebox-core/; android/tracebox-storage/; android/tracebox-directboot/","evidence/; module tests; conformance/","HOST_UNIT_STATIC; applicable Android endpoint","NOT_STARTED",""
"ASN-L0460","ASSIGNMENT","IMPLEMENTATION_AGENT_PROMPT.md","line 460; section Tracebox Full-Implementation Agent Prompt","deny commit;","android/tracebox-core/; android/tracebox-storage/; android/tracebox-directboot/","evidence/; module tests; conformance/","HOST_UNIT_STATIC; applicable Android endpoint","NOT_STARTED",""
"ASN-L0461","ASSIGNMENT","IMPLEMENTATION_AGENT_PROMPT.md","line 461; section Tracebox Full-Implementation Agent Prompt","global quiesce;","android/tracebox-core/; android/tracebox-storage/; android/tracebox-directboot/","evidence/; module tests; conformance/","HOST_UNIT_STATIC; applicable Android endpoint","NOT_STARTED",""
"ASN-L0462","ASSIGNMENT","IMPLEMENTATION_AGENT_PROMPT.md","line 462; section Tracebox Full-Implementation Agent Prompt","snapshot invalidation;","android/tracebox-core/; android/tracebox-storage/; android/tracebox-directboot/","evidence/; module tests; conformance/","HOST_UNIT_STATIC; applicable Android endpoint","NOT_STARTED",""
"ASN-L0463","ASSIGNMENT","IMPLEMENTATION_AGENT_PROMPT.md","line 463; section Tracebox Full-Implementation Agent Prompt","whole-segment deletion;","android/tracebox-core/; android/tracebox-storage/; android/tracebox-directboot/","evidence/; module tests; conformance/","HOST_UNIT_STATIC; applicable Android endpoint","NOT_STARTED",""
"ASN-L0464","ASSIGNMENT","IMPLEMENTATION_AGENT_PROMPT.md","line 464; section Tracebox Full-Implementation Agent Prompt","summary-ID tombstones;","android/tracebox-core/; android/tracebox-storage/; android/tracebox-directboot/","evidence/; module tests; conformance/","HOST_UNIT_STATIC; applicable Android endpoint","NOT_STARTED",""
"ASN-L0465","ASSIGNMENT","IMPLEMENTATION_AGENT_PROMPT.md","line 465; section Tracebox Full-Implementation Agent Prompt","imported-copy deletion;","android/tracebox-core/; android/tracebox-storage/; android/tracebox-directboot/","evidence/; module tests; conformance/","HOST_UNIT_STATIC; applicable Android endpoint","NOT_STARTED",""
"ASN-L0466","ASSIGNMENT","IMPLEMENTATION_AGENT_PROMPT.md","line 466; section Tracebox Full-Implementation Agent Prompt","bounded compaction;","android/tracebox-core/; android/tracebox-storage/; android/tracebox-directboot/","evidence/; module tests; conformance/","HOST_UNIT_STATIC; applicable Android endpoint","NOT_STARTED",""
"ASN-L0467","ASSIGNMENT","IMPLEMENTATION_AGENT_PROMPT.md","line 467; section Tracebox Full-Implementation Agent Prompt","pending failure reporting;","android/tracebox-core/; android/tracebox-storage/; android/tracebox-directboot/","evidence/; module tests; conformance/","HOST_UNIT_STATIC; applicable Android endpoint","NOT_STARTED",""
"ASN-L0468","ASSIGNMENT","IMPLEMENTATION_AGENT_PROMPT.md","line 468; section Tracebox Full-Implementation Agent Prompt","no success while in-scope data remains accessible;","android/tracebox-core/; android/tracebox-storage/; android/tracebox-directboot/","evidence/; module tests; conformance/","HOST_UNIT_STATIC; applicable Android endpoint","NOT_STARTED",""
"ASN-L0469","ASSIGNMENT","IMPLEMENTATION_AGENT_PROMPT.md","line 469; section Tracebox Full-Implementation Agent Prompt","OS-owned ApplicationExitInfo history explicitly unaffected.","android/tracebox-core/; android/tracebox-storage/; android/tracebox-directboot/","evidence/; module tests; conformance/","HOST_UNIT_STATIC; applicable Android endpoint","NOT_STARTED",""
"ASN-L0477","ASSIGNMENT","IMPLEMENTATION_AGENT_PROMPT.md","line 477; section Tracebox Full-Implementation Agent Prompt","one non-exported :tracebox_handler process;","native/; android/tracebox-jvm-crash/; android/tracebox-anr-exit/; rust/","evidence/; module tests; conformance/","HOST_UNIT_STATIC; applicable Android endpoint","NOT_STARTED",""
"ASN-L0478","ASSIGNMENT","IMPLEMENTATION_AGENT_PROMPT.md","line 478; section Tracebox Full-Implementation Agent Prompt","native-only after minimal Android bootstrap;","native/; android/tracebox-jvm-crash/; android/tracebox-anr-exit/; rust/","evidence/; module tests; conformance/","HOST_UNIT_STATIC; applicable Android endpoint","NOT_STARTED",""
"ASN-L0479","ASSIGNMENT","IMPLEMENTATION_AGENT_PROMPT.md","line 479; section Tracebox Full-Implementation Agent Prompt","same UID, with no isolation claim;","native/; android/tracebox-jvm-crash/; android/tracebox-anr-exit/; rust/","evidence/; module tests; conformance/","HOST_UNIT_STATIC; applicable Android endpoint","NOT_STARTED",""
"ASN-L0480","ASSIGNMENT","IMPLEMENTATION_AGENT_PROMPT.md","line 480; section Tracebox Full-Implementation Agent Prompt","bounded local IPC;","native/; android/tracebox-jvm-crash/; android/tracebox-anr-exit/; rust/","evidence/; module tests; conformance/","HOST_UNIT_STATIC; applicable Android endpoint","NOT_STARTED",""
"ASN-L0481","ASSIGNMENT","IMPLEMENTATION_AGENT_PROMPT.md","line 481; section Tracebox Full-Implementation Agent Prompt","blocks while idle;","native/; android/tracebox-jvm-crash/; android/tracebox-anr-exit/; rust/","evidence/; module tests; conformance/","HOST_UNIT_STATIC; applicable Android endpoint","NOT_STARTED",""
"ASN-L0482","ASSIGNMENT","IMPLEMENTATION_AGENT_PROMPT.md","line 482; section Tracebox Full-Implementation Agent Prompt","zero healthy polling;","native/; android/tracebox-jvm-crash/; android/tracebox-anr-exit/; rust/","evidence/; module tests; conformance/","HOST_UNIT_STATIC; applicable Android endpoint","NOT_STARTED",""
"ASN-L0483","ASSIGNMENT","IMPLEMENTATION_AGENT_PROMPT.md","line 483; section Tracebox Full-Implementation Agent Prompt","no uploader or networking code in the build graph;","native/; android/tracebox-jvm-crash/; android/tracebox-anr-exit/; rust/","evidence/; module tests; conformance/","HOST_STATIC; API30_API37_RUNTIME; blocked-egress controls","NOT_STARTED",""
"ASN-L0484","ASSIGNMENT","IMPLEMENTATION_AGENT_PROMPT.md","line 484; section Tracebox Full-Implementation Agent Prompt","bounded report count, size, and metadata;","native/; android/tracebox-jvm-crash/; android/tracebox-anr-exit/; rust/","evidence/; module tests; conformance/","HOST_UNIT_STATIC; applicable Android endpoint","NOT_STARTED",""
"ASN-L0485","ASSIGNMENT","IMPLEMENTATION_AGENT_PROMPT.md","line 485; section Tracebox Full-Implementation Agent Prompt","origin attribution and policy epoch;","native/; android/tracebox-jvm-crash/; android/tracebox-anr-exit/; rust/","evidence/; module tests; conformance/","HOST_UNIT_STATIC; applicable Android endpoint","NOT_STARTED",""
"ASN-L0486","ASSIGNMENT","IMPLEMENTATION_AGENT_PROMPT.md","line 486; section Tracebox Full-Implementation Agent Prompt","exact handler death notifications;","native/; android/tracebox-jvm-crash/; android/tracebox-anr-exit/; rust/","evidence/; module tests; conformance/","HOST_UNIT_STATIC; applicable Android endpoint","NOT_STARTED",""
"ASN-L0487","ASSIGNMENT","IMPLEMENTATION_AGENT_PROMPT.md","line 487; section Tracebox Full-Implementation Agent Prompt","explicit coexistence modes: Exclusive, BestEffortChain, DisableOnConflict.","native/; android/tracebox-jvm-crash/; android/tracebox-anr-exit/; rust/","evidence/; module tests; conformance/","HOST_UNIT_STATIC; applicable Android endpoint","NOT_STARTED",""
"ASN-L0489","ASSIGNMENT","IMPLEMENTATION_AGENT_PROMPT.md","line 489; section Tracebox Full-Implementation Agent Prompt","DisableOnConflict is always degraded and non-certifying. It never satisfies the mandatory Crashpad gate. Test every coexistence mode and prove exactly one intended capture/fallback outcome without duplicate chaining.","native/; android/tracebox-jvm-crash/; android/tracebox-anr-exit/; rust/","evidence/; module tests; conformance/","HOST_UNIT_STATIC; applicable Android endpoint","NOT_STARTED",""
"ASN-L0493","ASSIGNMENT","IMPLEMENTATION_AGENT_PROMPT.md","line 493; section Tracebox Full-Implementation Agent Prompt","handler-generated pre-capture lifecycle journal;","native/; android/tracebox-jvm-crash/; android/tracebox-anr-exit/; rust/","evidence/; module tests; conformance/","HOST_UNIT_STATIC; applicable Android endpoint","NOT_STARTED",""
"ASN-L0494","ASSIGNMENT","IMPLEMENTATION_AGENT_PROMPT.md","line 494; section Tracebox Full-Implementation Agent Prompt","random internal raw-artifact ID;","native/; android/tracebox-jvm-crash/; android/tracebox-anr-exit/; rust/","evidence/; module tests; conformance/","HOST_UNIT_STATIC; applicable Android endpoint","NOT_STARTED",""
"ASN-L0495","ASSIGNMENT","IMPLEMENTATION_AGENT_PROMPT.md","line 495; section Tracebox Full-Implementation Agent Prompt","origin process instance and role;","native/; android/tracebox-jvm-crash/; android/tracebox-anr-exit/; rust/","evidence/; module tests; conformance/","HOST_UNIT_STATIC; applicable Android endpoint","NOT_STARTED",""
"ASN-L0496","ASSIGNMENT","IMPLEMENTATION_AGENT_PROMPT.md","line 496; section Tracebox Full-Implementation Agent Prompt","accepted policy epoch;","native/; android/tracebox-jvm-crash/; android/tracebox-anr-exit/; rust/","evidence/; module tests; conformance/","HOST_UNIT_STATIC; applicable Android endpoint","NOT_STARTED",""
"ASN-L0497","ASSIGNMENT","IMPLEMENTATION_AGENT_PROMPT.md","line 497; section Tracebox Full-Implementation Agent Prompt","out-of-band mapping to Crashpad report identity;","native/; android/tracebox-jvm-crash/; android/tracebox-anr-exit/; rust/","evidence/; module tests; conformance/","HOST_UNIT_STATIC; applicable Android endpoint","NOT_STARTED",""
"ASN-L0498","ASSIGNMENT","IMPLEMENTATION_AGENT_PROMPT.md","line 498; section Tracebox Full-Implementation Agent Prompt","no internal IDs in annotations, paths exposed to export, or custom streams;","native/; android/tracebox-jvm-crash/; android/tracebox-anr-exit/; rust/","evidence/; module tests; conformance/","HOST_UNIT_STATIC; applicable Android endpoint","NOT_STARTED",""
"ASN-L0499","ASSIGNMENT","IMPLEMENTATION_AGENT_PROMPT.md","line 499; section Tracebox Full-Implementation Agent Prompt","CE-only C2 storage;","native/; android/tracebox-jvm-crash/; android/tracebox-anr-exit/; rust/","evidence/; module tests; conformance/","HOST_UNIT_STATIC; applicable Android endpoint","NOT_STARTED",""
"ASN-L0500","ASSIGNMENT","IMPLEMENTATION_AGENT_PROMPT.md","line 500; section Tracebox Full-Implementation Agent Prompt","separate hard quota and TTL;","native/; android/tracebox-jvm-crash/; android/tracebox-anr-exit/; rust/","evidence/; module tests; conformance/","HOST_UNIT_STATIC; applicable Android endpoint","NOT_STARTED",""
"ASN-L0501","ASSIGNMENT","IMPLEMENTATION_AGENT_PROMPT.md","line 501; section Tracebox Full-Implementation Agent Prompt","profile-based creation/retention/export lifecycle;","native/; android/tracebox-jvm-crash/; android/tracebox-anr-exit/; rust/","evidence/; module tests; conformance/","HOST_UNIT_STATIC; applicable Android endpoint","NOT_STARTED",""
"ASN-L0502","ASSIGNMENT","IMPLEMENTATION_AGENT_PROMPT.md","line 502; section Tracebox Full-Implementation Agent Prompt","fixed extraction attempt/deadline;","native/; android/tracebox-jvm-crash/; android/tracebox-anr-exit/; rust/","evidence/; module tests; conformance/","HOST_UNIT_STATIC; applicable Android endpoint","NOT_STARTED",""
"ASN-L0503","ASSIGNMENT","IMPLEMENTATION_AGENT_PROMPT.md","line 503; section Tracebox Full-Implementation Agent Prompt","privacy/quota/deletion precedence;","native/; android/tracebox-jvm-crash/; android/tracebox-anr-exit/; rust/","evidence/; module tests; conformance/","HOST_UNIT_STATIC; applicable Android endpoint","NOT_STARTED",""
"ASN-L0504","ASSIGNMENT","IMPLEMENTATION_AGENT_PROMPT.md","line 504; section Tracebox Full-Implementation Agent Prompt","interrupted cleanup recovery.","native/; android/tracebox-jvm-crash/; android/tracebox-anr-exit/; rust/","evidence/; module tests; conformance/","HOST_UNIT_STATIC; applicable Android endpoint","NOT_STARTED",""
"ASN-L0508","ASSIGNMENT","IMPLEMENTATION_AGENT_PROMPT.md","line 508; section Tracebox Full-Implementation Agent Prompt","canonical ID-free summary body;","native/; android/tracebox-jvm-crash/; android/tracebox-anr-exit/; rust/","evidence/; module tests; conformance/","HOST_UNIT_STATIC; applicable Android endpoint","NOT_STARTED",""
"ASN-L0509","ASSIGNMENT","IMPLEMENTATION_AGENT_PROMPT.md","line 509; section Tracebox Full-Implementation Agent Prompt","bounded staging;","native/; android/tracebox-jvm-crash/; android/tracebox-anr-exit/; rust/","evidence/; module tests; conformance/","HOST_UNIT_STATIC; applicable Android endpoint","NOT_STARTED",""
"ASN-L0510","ASSIGNMENT","IMPLEMENTATION_AGENT_PROMPT.md","line 510; section Tracebox Full-Implementation Agent Prompt","body digest and length;","native/; android/tracebox-jvm-crash/; android/tracebox-anr-exit/; rust/","evidence/; module tests; conformance/","HOST_UNIT_STATIC; applicable Android endpoint","NOT_STARTED",""
"ASN-L0511","ASSIGNMENT","IMPLEMENTATION_AGENT_PROMPT.md","line 511; section Tracebox Full-Implementation Agent Prompt","summary ID bound to raw ID, extractor version, schema fingerprint, and body digest;","native/; android/tracebox-jvm-crash/; android/tracebox-anr-exit/; rust/","evidence/; module tests; conformance/","HOST_UNIT_STATIC; applicable Android endpoint","NOT_STARTED",""
"ASN-L0512","ASSIGNMENT","IMPLEMENTATION_AGENT_PROMPT.md","line 512; section Tracebox Full-Implementation Agent Prompt","durable tuple/ID journal before append;","native/; android/tracebox-jvm-crash/; android/tracebox-anr-exit/; rust/","evidence/; module tests; conformance/","HOST_UNIT_STATIC; applicable Android endpoint","NOT_STARTED",""
"ASN-L0513","ASSIGNMENT","IMPLEMENTATION_AGENT_PROMPT.md","line 513; section Tracebox Full-Implementation Agent Prompt","fixed internal identity/provenance envelope;","native/; android/tracebox-jvm-crash/; android/tracebox-anr-exit/; rust/","evidence/; module tests; conformance/","HOST_UNIT_STATIC; applicable Android endpoint","NOT_STARTED",""
"ASN-L0514","ASSIGNMENT","IMPLEMENTATION_AGENT_PROMPT.md","line 514; section Tracebox Full-Implementation Agent Prompt","origin process instance and role;","native/; android/tracebox-jvm-crash/; android/tracebox-anr-exit/; rust/","evidence/; module tests; conformance/","HOST_UNIT_STATIC; applicable Android endpoint","NOT_STARTED",""
"ASN-L0515","ASSIGNMENT","IMPLEMENTATION_AGENT_PROMPT.md","line 515; section Tracebox Full-Implementation Agent Prompt","idempotent spool replay;","native/; android/tracebox-jvm-crash/; android/tracebox-anr-exit/; rust/","evidence/; module tests; conformance/","HOST_UNIT_STATIC; applicable Android endpoint","NOT_STARTED",""
"ASN-L0516","ASSIGNMENT","IMPLEMENTATION_AGENT_PROMPT.md","line 516; section Tracebox Full-Implementation Agent Prompt","crash-safe append;","native/; android/tracebox-jvm-crash/; android/tracebox-anr-exit/; rust/","evidence/; module tests; conformance/","HOST_UNIT_STATIC; applicable Android endpoint","NOT_STARTED",""
"ASN-L0517","ASSIGNMENT","IMPLEMENTATION_AGENT_PROMPT.md","line 517; section Tracebox Full-Implementation Agent Prompt","policy-epoch revalidation and handler barrier;","native/; android/tracebox-jvm-crash/; android/tracebox-anr-exit/; rust/","evidence/; module tests; conformance/","HOST_UNIT_STATIC; applicable Android endpoint","NOT_STARTED",""
"ASN-L0518","ASSIGNMENT","IMPLEMENTATION_AGENT_PROMPT.md","line 518; section Tracebox Full-Implementation Agent Prompt","durable target import;","native/; android/tracebox-jvm-crash/; android/tracebox-anr-exit/; rust/","evidence/; module tests; conformance/","HOST_UNIT_STATIC; applicable Android endpoint","NOT_STARTED",""
"ASN-L0519","ASSIGNMENT","IMPLEMENTATION_AGENT_PROMPT.md","line 519; section Tracebox Full-Implementation Agent Prompt","durable acknowledgement;","native/; android/tracebox-jvm-crash/; android/tracebox-anr-exit/; rust/","evidence/; module tests; conformance/","HOST_UNIT_STATIC; applicable Android endpoint","NOT_STARTED",""
"ASN-L0520","ASSIGNMENT","IMPLEMENTATION_AGENT_PROMPT.md","line 520; section Tracebox Full-Implementation Agent Prompt","source retirement only after acknowledgement;","native/; android/tracebox-jvm-crash/; android/tracebox-anr-exit/; rust/","evidence/; module tests; conformance/","HOST_UNIT_STATIC; applicable Android endpoint","NOT_STARTED",""
"ASN-L0521","ASSIGNMENT","IMPLEMENTATION_AGENT_PROMPT.md","line 521; section Tracebox Full-Implementation Agent Prompt","summary-ID tombstones and bounded compaction.","native/; android/tracebox-jvm-crash/; android/tracebox-anr-exit/; rust/","evidence/; module tests; conformance/","HOST_UNIT_STATIC; applicable Android endpoint","NOT_STARTED",""
"ASN-L0525","ASSIGNMENT","IMPLEMENTATION_AGENT_PROMPT.md","line 525; section Tracebox Full-Implementation Agent Prompt","preallocated slots;","native/; android/tracebox-jvm-crash/; android/tracebox-anr-exit/; rust/","evidence/; module tests; conformance/","HOST_UNIT_STATIC; applicable Android endpoint","NOT_STARTED",""
"ASN-L0526","ASSIGNMENT","IMPLEMENTATION_AGENT_PROMPT.md","line 526; section Tracebox Full-Implementation Agent Prompt","preopened descriptor;","native/; android/tracebox-jvm-crash/; android/tracebox-anr-exit/; rust/","evidence/; module tests; conformance/","HOST_UNIT_STATIC; applicable Android endpoint","NOT_STARTED",""
"ASN-L0527","ASSIGNMENT","IMPLEMENTATION_AGENT_PROMPT.md","line 527; section Tracebox Full-Implementation Agent Prompt","async-signal-safe operations only;","native/; android/tracebox-jvm-crash/; android/tracebox-anr-exit/; rust/","evidence/; module tests; conformance/","HOST_UNIT_STATIC; applicable Android endpoint","NOT_STARTED",""
"ASN-L0528","ASSIGNMENT","IMPLEMENTATION_AGENT_PROMPT.md","line 528; section Tracebox Full-Implementation Agent Prompt","fixed C0 structural record;","native/; android/tracebox-jvm-crash/; android/tracebox-anr-exit/; rust/","evidence/; module tests; conformance/","HOST_UNIT_STATIC; applicable Android endpoint","NOT_STARTED",""
"ASN-L0529","ASSIGNMENT","IMPLEMENTATION_AGENT_PROMPT.md","line 529; section Tracebox Full-Implementation Agent Prompt","bounded C1 fields only after CE unlock with a valid capture-time policy token;","native/; android/tracebox-jvm-crash/; android/tracebox-anr-exit/; rust/","evidence/; module tests; conformance/","HOST_UNIT_STATIC; applicable Android endpoint","NOT_STARTED",""
"ASN-L0530","ASSIGNMENT","IMPLEMENTATION_AGENT_PROMPT.md","line 530; section Tracebox Full-Implementation Agent Prompt","C0-only output whenever CE state, coordinator state, or capture-time policy is unavailable or ambiguous;","native/; android/tracebox-jvm-crash/; android/tracebox-anr-exit/; rust/","evidence/; module tests; conformance/","HOST_UNIT_STATIC; applicable Android endpoint","NOT_STARTED",""
"ASN-L0531","ASSIGNMENT","IMPLEMENTATION_AGENT_PROMPT.md","line 531; section Tracebox Full-Implementation Agent Prompt","no stack bytes or general-purpose register file;","native/; android/tracebox-jvm-crash/; android/tracebox-anr-exit/; rust/","evidence/; module tests; conformance/","HOST_UNIT_STATIC; applicable Android endpoint","NOT_STARTED",""
"ASN-L0532","ASSIGNMENT","IMPLEMENTATION_AGENT_PROMPT.md","line 532; section Tracebox Full-Implementation Agent Prompt","alternate signal stack for registered threads;","native/; android/tracebox-jvm-crash/; android/tracebox-anr-exit/; rust/","evidence/; module tests; conformance/","HOST_UNIT_STATIC; applicable Android endpoint","NOT_STARTED",""
"ASN-L0533","ASSIGNMENT","IMPLEMENTATION_AGENT_PROMPT.md","line 533; section Tracebox Full-Implementation Agent Prompt","recursion guard;","native/; android/tracebox-jvm-crash/; android/tracebox-anr-exit/; rust/","evidence/; module tests; conformance/","HOST_UNIT_STATIC; applicable Android endpoint","NOT_STARTED",""
"ASN-L0534","ASSIGNMENT","IMPLEMENTATION_AGENT_PROMPT.md","line 534; section Tracebox Full-Implementation Agent Prompt","one bounded positional write;","native/; android/tracebox-jvm-crash/; android/tracebox-anr-exit/; rust/","evidence/; module tests; conformance/","HOST_UNIT_STATIC; applicable Android endpoint","NOT_STARTED",""
"ASN-L0535","ASSIGNMENT","IMPLEMENTATION_AGENT_PROMPT.md","line 535; section Tracebox Full-Implementation Agent Prompt","completion marker and checksum;","native/; android/tracebox-jvm-crash/; android/tracebox-anr-exit/; rust/","evidence/; module tests; conformance/","HOST_UNIT_STATIC; applicable Android endpoint","NOT_STARTED",""
"ASN-L0536","ASSIGNMENT","IMPLEMENTATION_AGENT_PROMPT.md","line 536; section Tracebox Full-Implementation Agent Prompt","safe re-raise/chaining.","native/; android/tracebox-jvm-crash/; android/tracebox-anr-exit/; rust/","evidence/; module tests; conformance/","HOST_UNIT_STATIC; applicable Android endpoint","NOT_STARTED",""
"ASN-L0540","ASSIGNMENT","IMPLEMENTATION_AGENT_PROMPT.md","line 540; section Tracebox Full-Implementation Agent Prompt","bounded class/method/frame data;","native/; android/tracebox-jvm-crash/; android/tracebox-anr-exit/; rust/","evidence/; module tests; conformance/","HOST_UNIT_STATIC; applicable Android endpoint","NOT_STARTED",""
"ASN-L0541","ASSIGNMENT","IMPLEMENTATION_AGENT_PROMPT.md","line 541; section Tracebox Full-Implementation Agent Prompt","throwable message excluded by default;","native/; android/tracebox-jvm-crash/; android/tracebox-anr-exit/; rust/","evidence/; module tests; conformance/","HOST_UNIT_STATIC; applicable Android endpoint","NOT_STARTED",""
"ASN-L0542","ASSIGNMENT","IMPLEMENTATION_AGENT_PROMPT.md","line 542; section Tracebox Full-Implementation Agent Prompt","cause-cycle and excessive-frame bounds;","native/; android/tracebox-jvm-crash/; android/tracebox-anr-exit/; rust/","evidence/; module tests; conformance/","HOST_UNIT_STATIC; applicable Android endpoint","NOT_STARTED",""
"ASN-L0543","ASSIGNMENT","IMPLEMENTATION_AGENT_PROMPT.md","line 543; section Tracebox Full-Implementation Agent Prompt","recursion guard;","native/; android/tracebox-jvm-crash/; android/tracebox-anr-exit/; rust/","evidence/; module tests; conformance/","HOST_UNIT_STATIC; applicable Android endpoint","NOT_STARTED",""
"ASN-L0544","ASSIGNMENT","IMPLEMENTATION_AGENT_PROMPT.md","line 544; section Tracebox Full-Implementation Agent Prompt","previous handler invoked exactly once.","native/; android/tracebox-jvm-crash/; android/tracebox-anr-exit/; rust/","evidence/; module tests; conformance/","HOST_UNIT_STATIC; applicable Android endpoint","NOT_STARTED",""
"ASN-L0548","ASSIGNMENT","IMPLEMENTATION_AGENT_PROMPT.md","line 548; section Tracebox Full-Implementation Agent Prompt","Result-based handled errors;","native/; android/tracebox-jvm-crash/; android/tracebox-anr-exit/; rust/","evidence/; module tests; conformance/","HOST_UNIT_STATIC; applicable Android endpoint","NOT_STARTED",""
"ASN-L0549","ASSIGNMENT","IMPLEMENTATION_AGENT_PROMPT.md","line 549; section Tracebox Full-Implementation Agent Prompt","bounded panic hook;","native/; android/tracebox-jvm-crash/; android/tracebox-anr-exit/; rust/","evidence/; module tests; conformance/","HOST_UNIT_STATIC; applicable Android endpoint","NOT_STARTED",""
"ASN-L0550","ASSIGNMENT","IMPLEMENTATION_AGENT_PROMPT.md","line 550; section Tracebox Full-Implementation Agent Prompt","catch_unwind only where unwinding is supported;","native/; android/tracebox-jvm-crash/; android/tracebox-anr-exit/; rust/","evidence/; module tests; conformance/","HOST_UNIT_STATIC; applicable Android endpoint","NOT_STARTED",""
"ASN-L0551","ASSIGNMENT","IMPLEMENTATION_AGENT_PROMPT.md","line 551; section Tracebox Full-Implementation Agent Prompt","abort/native faults use the common native path;","native/; android/tracebox-jvm-crash/; android/tracebox-anr-exit/; rust/","evidence/; module tests; conformance/","HOST_UNIT_STATIC; applicable Android endpoint","NOT_STARTED",""
"ASN-L0552","ASSIGNMENT","IMPLEMENTATION_AGENT_PROMPT.md","line 552; section Tracebox Full-Implementation Agent Prompt","never unwind across C/JNI/system boundaries.","native/; android/tracebox-jvm-crash/; android/tracebox-anr-exit/; rust/","evidence/; module tests; conformance/","HOST_UNIT_STATIC; applicable Android endpoint","NOT_STARTED",""
"ASN-L0556","ASSIGNMENT","IMPLEMENTATION_AGENT_PROMPT.md","line 556; section Tracebox Full-Implementation Agent Prompt","main-looper heartbeat only;","native/; android/tracebox-jvm-crash/; android/tracebox-anr-exit/; rust/","evidence/; module tests; conformance/","HOST_UNIT_STATIC; applicable Android endpoint","NOT_STARTED",""
"ASN-L0557","ASSIGNMENT","IMPLEMENTATION_AGENT_PROMPT.md","line 557; section Tracebox Full-Implementation Agent Prompt","one bounded watchdog thread;","native/; android/tracebox-jvm-crash/; android/tracebox-anr-exit/; rust/","evidence/; module tests; conformance/","HOST_UNIT_STATIC; applicable Android endpoint","NOT_STARTED",""
"ASN-L0558","ASSIGNMENT","IMPLEMENTATION_AGENT_PROMPT.md","line 558; section Tracebox Full-Implementation Agent Prompt","monotonic generation counters;","native/; android/tracebox-jvm-crash/; android/tracebox-anr-exit/; rust/","evidence/; module tests; conformance/","HOST_UNIT_STATIC; applicable Android endpoint","NOT_STARTED",""
"ASN-L0559","ASSIGNMENT","IMPLEMENTATION_AGENT_PROMPT.md","line 559; section Tracebox Full-Implementation Agent Prompt","observable lifecycle/component eligibility;","native/; android/tracebox-jvm-crash/; android/tracebox-anr-exit/; rust/","evidence/; module tests; conformance/","HOST_UNIT_STATIC; applicable Android endpoint","NOT_STARTED",""
"ASN-L0560","ASSIGNMENT","IMPLEMENTATION_AGENT_PROMPT.md","line 560; section Tracebox Full-Implementation Agent Prompt","no claim of exact Android cached-state knowledge;","native/; android/tracebox-jvm-crash/; android/tracebox-anr-exit/; rust/","evidence/; module tests; conformance/","HOST_UNIT_STATIC; applicable Android endpoint","NOT_STARTED",""
"ASN-L0561","ASSIGNMENT","IMPLEMENTATION_AGENT_PROMPT.md","line 561; section Tracebox Full-Implementation Agent Prompt","no heartbeat when no eligible component is active;","native/; android/tracebox-jvm-crash/; android/tracebox-anr-exit/; rust/","evidence/; module tests; conformance/","HOST_UNIT_STATIC; applicable Android endpoint","NOT_STARTED",""
"ASN-L0562","ASSIGNMENT","IMPLEMENTATION_AGENT_PROMPT.md","line 562; section Tracebox Full-Implementation Agent Prompt","debugger/startup/suspend/rate-limit suppression;","native/; android/tracebox-jvm-crash/; android/tracebox-anr-exit/; rust/","evidence/; module tests; conformance/","HOST_UNIT_STATIC; applicable Android endpoint","NOT_STARTED",""
"ASN-L0563","ASSIGNMENT","IMPLEMENTATION_AGENT_PROMPT.md","line 563; section Tracebox Full-Implementation Agent Prompt","bounded main-thread samples;","native/; android/tracebox-jvm-crash/; android/tracebox-anr-exit/; rust/","evidence/; module tests; conformance/","HOST_UNIT_STATIC; applicable Android endpoint","NOT_STARTED",""
"ASN-L0564","ASSIGNMENT","IMPLEMENTATION_AGENT_PROMPT.md","line 564; section Tracebox Full-Implementation Agent Prompt","at most one on-demand nonfatal handler request per rate window;","native/; android/tracebox-jvm-crash/; android/tracebox-anr-exit/; rust/","evidence/; module tests; conformance/","HOST_UNIT_STATIC; applicable Android endpoint","NOT_STARTED",""
"ASN-L0565","ASSIGNMENT","IMPLEMENTATION_AGENT_PROMPT.md","line 565; section Tracebox Full-Implementation Agent Prompt","explicit target-pause, timeout, and artifact-size bounds;","native/; android/tracebox-jvm-crash/; android/tracebox-anr-exit/; rust/","evidence/; module tests; conformance/","HOST_UNIT_STATIC; applicable Android endpoint","NOT_STARTED",""
"ASN-L0566","ASSIGNMENT","IMPLEMENTATION_AGENT_PROMPT.md","line 566; section Tracebox Full-Implementation Agent Prompt","candidate labels only.","native/; android/tracebox-jvm-crash/; android/tracebox-anr-exit/; rust/","evidence/; module tests; conformance/","HOST_UNIT_STATIC; applicable Android endpoint","NOT_STARTED",""
"ASN-L0568","ASSIGNMENT","IMPLEMENTATION_AGENT_PROMPT.md","line 568; section Tracebox Full-Implementation Agent Prompt","Do not claim the live watchdog covers:","native/; android/tracebox-jvm-crash/; android/tracebox-anr-exit/; rust/","evidence/; module tests; conformance/","HOST_UNIT_STATIC; applicable Android endpoint","NOT_STARTED",""
"ASN-L0570","ASSIGNMENT","IMPLEMENTATION_AGENT_PROMPT.md","line 570; section Tracebox Full-Implementation Agent Prompt","async receiver completion with a responsive main looper;","native/; android/tracebox-jvm-crash/; android/tracebox-anr-exit/; rust/","evidence/; module tests; conformance/","HOST_UNIT_STATIC; applicable Android endpoint","NOT_STARTED",""
"ASN-L0571","ASSIGNMENT","IMPLEMENTATION_AGENT_PROMPT.md","line 571; section Tracebox Full-Implementation Agent Prompt","provider/binder-pool timeouts;","native/; android/tracebox-jvm-crash/; android/tracebox-anr-exit/; rust/","evidence/; module tests; conformance/","HOST_UNIT_STATIC; applicable Android endpoint","NOT_STARTED",""
"ASN-L0572","ASSIGNMENT","IMPLEMENTATION_AGENT_PROMPT.md","line 572; section Tracebox Full-Implementation Agent Prompt","every system-server or scheduling failure.","native/; android/tracebox-jvm-crash/; android/tracebox-anr-exit/; rust/","evidence/; module tests; conformance/","HOST_UNIT_STATIC; applicable Android endpoint","NOT_STARTED",""
"ASN-L0576","ASSIGNMENT","IMPLEMENTATION_AGENT_PROMPT.md","line 576; section Tracebox Full-Implementation Agent Prompt","bounded full-history rescans;","native/; android/tracebox-jvm-crash/; android/tracebox-anr-exit/; rust/","evidence/; module tests; conformance/","HOST_UNIT_STATIC; applicable Android endpoint","NOT_STARTED",""
"ASN-L0577","ASSIGNMENT","IMPLEMENTATION_AGENT_PROMPT.md","line 577; section Tracebox Full-Implementation Agent Prompt","stable source key;","native/; android/tracebox-jvm-crash/; android/tracebox-anr-exit/; rust/","evidence/; module tests; conformance/","HOST_UNIT_STATIC; applicable Android endpoint","NOT_STARTED",""
"ASN-L0578","ASSIGNMENT","IMPLEMENTATION_AGENT_PROMPT.md","line 578; section Tracebox Full-Implementation Agent Prompt","exact installation-lifetime source tombstones;","native/; android/tracebox-jvm-crash/; android/tracebox-anr-exit/; rust/","evidence/; module tests; conformance/","HOST_UNIT_STATIC; applicable Android endpoint","NOT_STARTED",""
"ASN-L0579","ASSIGNMENT","IMPLEMENTATION_AGENT_PROMPT.md","line 579; section Tracebox Full-Implementation Agent Prompt","disable new raw import rather than evict tombstones on capacity exhaustion;","native/; android/tracebox-jvm-crash/; android/tracebox-anr-exit/; rust/","evidence/; module tests; conformance/","HOST_UNIT_STATIC; applicable Android endpoint","NOT_STARTED",""
"ASN-L0580","ASSIGNMENT","IMPLEMENTATION_AGENT_PROMPT.md","line 580; section Tracebox Full-Implementation Agent Prompt","source-keyed crash-safe import transaction;","native/; android/tracebox-jvm-crash/; android/tracebox-anr-exit/; rust/","evidence/; module tests; conformance/","HOST_UNIT_STATIC; applicable Android endpoint","NOT_STARTED",""
"ASN-L0581","ASSIGNMENT","IMPLEMENTATION_AGENT_PROMPT.md","line 581; section Tracebox Full-Implementation Agent Prompt","no cursor/watermark loss;","native/; android/tracebox-jvm-crash/; android/tracebox-anr-exit/; rust/","evidence/; module tests; conformance/","HOST_UNIT_STATIC; applicable Android endpoint","NOT_STARTED",""
"ASN-L0582","ASSIGNMENT","IMPLEMENTATION_AGENT_PROMPT.md","line 582; section Tracebox Full-Implementation Agent Prompt","OS raw import requires a valid capture-time process-state-summary token whose committed policy epoch allowed it;","native/; android/tracebox-jvm-crash/; android/tracebox-anr-exit/; rust/","evidence/; module tests; conformance/","HOST_UNIT_STATIC; applicable Android endpoint","NOT_STARTED",""
"ASN-L0583","ASSIGNMENT","IMPLEMENTATION_AGENT_PROMPT.md","line 583; section Tracebox Full-Implementation Agent Prompt","current policy must also allow import;","native/; android/tracebox-jvm-crash/; android/tracebox-anr-exit/; rust/","evidence/; module tests; conformance/","HOST_UNIT_STATIC; applicable Android endpoint","NOT_STARTED",""
"ASN-L0584","ASSIGNMENT","IMPLEMENTATION_AGENT_PROMPT.md","line 584; section Tracebox Full-Implementation Agent Prompt","unmatched/ambiguous exits never import raw C2;","native/; android/tracebox-jvm-crash/; android/tracebox-anr-exit/; rust/","evidence/; module tests; conformance/","HOST_UNIT_STATIC; applicable Android endpoint","NOT_STARTED",""
"ASN-L0585","ASSIGNMENT","IMPLEMENTATION_AGENT_PROMPT.md","line 585; section Tracebox Full-Implementation Agent Prompt","watchdog candidate and OS-confirmed exit remain separate records;","native/; android/tracebox-jvm-crash/; android/tracebox-anr-exit/; rust/","evidence/; module tests; conformance/","HOST_UNIT_STATIC; applicable Android endpoint","NOT_STARTED",""
"ASN-L0586","ASSIGNMENT","IMPLEMENTATION_AGENT_PROMPT.md","line 586; section Tracebox Full-Implementation Agent Prompt","confidence-scored links only;","native/; android/tracebox-jvm-crash/; android/tracebox-anr-exit/; rust/","evidence/; module tests; conformance/","HOST_UNIT_STATIC; applicable Android endpoint","NOT_STARTED",""
"ASN-L0587","ASSIGNMENT","IMPLEMENTATION_AGENT_PROMPT.md","line 587; section Tracebox Full-Implementation Agent Prompt","API 37 AnrInfo adapter;","native/; android/tracebox-jvm-crash/; android/tracebox-anr-exit/; rust/","evidence/; module tests; conformance/","API30_API37_X86_64_AND_ALL_AVAILABLE_ARM64; page-size cells where available","NOT_STARTED",""
"ASN-L0588","ASSIGNMENT","IMPLEMENTATION_AGENT_PROMPT.md","line 588; section Tracebox Full-Implementation Agent Prompt","API 31+ native tombstone adapter;","native/; android/tracebox-jvm-crash/; android/tracebox-anr-exit/; rust/","evidence/; module tests; conformance/","HOST_UNIT_STATIC; applicable Android endpoint","NOT_STARTED",""
"ASN-L0589","ASSIGNMENT","IMPLEMENTATION_AGENT_PROMPT.md","line 589; section Tracebox Full-Implementation Agent Prompt","missing/overwritten streams handled explicitly.","native/; android/tracebox-jvm-crash/; android/tracebox-anr-exit/; rust/","evidence/; module tests; conformance/","HOST_UNIT_STATIC; applicable Android endpoint","NOT_STARTED",""
"ASN-L0597","ASSIGNMENT","IMPLEMENTATION_AGENT_PROMPT.md","line 597; section Tracebox Full-Implementation Agent Prompt","deterministic CBOR manifest;","android/tracebox-export/; android/tracebox-export-ui/","evidence/; module tests; conformance/","HOST_UNIT_STATIC; applicable Android endpoint","NOT_STARTED",""
"ASN-L0598","ASSIGNMENT","IMPLEMENTATION_AGENT_PROMPT.md","line 598; section Tracebox Full-Implementation Agent Prompt","bounded protobuf-compatible records;","android/tracebox-export/; android/tracebox-export-ui/","evidence/; module tests; conformance/","HOST_UNIT_STATIC; applicable Android endpoint","NOT_STARTED",""
"ASN-L0599","ASSIGNMENT","IMPLEMENTATION_AGENT_PROMPT.md","line 599; section Tracebox Full-Implementation Agent Prompt","constrained ZIP;","android/tracebox-export/; android/tracebox-export-ui/","evidence/; module tests; conformance/","HOST_UNIT_STATIC; applicable Android endpoint","NOT_STARTED",""
"ASN-L0600","ASSIGNMENT","IMPLEMENTATION_AGENT_PROMPT.md","line 600; section Tracebox Full-Implementation Agent Prompt","default maximum plaintext ZIP size of 64 MiB;","android/tracebox-export/; android/tracebox-export-ui/","evidence/; module tests; conformance/","HOST_UNIT_STATIC; applicable Android endpoint","NOT_STARTED",""
"ASN-L0601","ASSIGNMENT","IMPLEMENTATION_AGENT_PROMPT.md","line 601; section Tracebox Full-Implementation Agent Prompt","configurable maximum no greater than the hard 128 MiB limit;","android/tracebox-export/; android/tracebox-export-ui/","evidence/; module tests; conformance/","HOST_UNIT_STATIC; applicable Android endpoint","NOT_STARTED",""
"ASN-L0602","ASSIGNMENT","IMPLEMENTATION_AGENT_PROMPT.md","line 602; section Tracebox Full-Implementation Agent Prompt","maximum 128 entries;","android/tracebox-export/; android/tracebox-export-ui/","evidence/; module tests; conformance/","HOST_UNIT_STATIC; applicable Android endpoint","NOT_STARTED",""
"ASN-L0603","ASSIGNMENT","IMPLEMENTATION_AGENT_PROMPT.md","line 603; section Tracebox Full-Implementation Agent Prompt","no ZIP64;","android/tracebox-export/; android/tracebox-export-ui/","evidence/; module tests; conformance/","HOST_UNIT_STATIC; applicable Android endpoint","NOT_STARTED",""
"ASN-L0604","ASSIGNMENT","IMPLEMENTATION_AGENT_PROMPT.md","line 604; section Tracebox Full-Implementation Agent Prompt","no nesting;","android/tracebox-export/; android/tracebox-export-ui/","evidence/; module tests; conformance/","HOST_UNIT_STATIC; applicable Android endpoint","NOT_STARTED",""
"ASN-L0605","ASSIGNMENT","IMPLEMENTATION_AGENT_PROMPT.md","line 605; section Tracebox Full-Implementation Agent Prompt","no symlinks/devices;","android/tracebox-export/; android/tracebox-export-ui/","evidence/; module tests; conformance/","HOST_UNIT_STATIC; applicable Android endpoint","NOT_STARTED",""
"ASN-L0606","ASSIGNMENT","IMPLEMENTATION_AGENT_PROMPT.md","line 606; section Tracebox Full-Implementation Agent Prompt","no comments or unknown extras;","android/tracebox-export/; android/tracebox-export-ui/","evidence/; module tests; conformance/","HOST_UNIT_STATIC; applicable Android endpoint","NOT_STARTED",""
"ASN-L0607","ASSIGNMENT","IMPLEMENTATION_AGENT_PROMPT.md","line 607; section Tracebox Full-Implementation Agent Prompt","no absolute paths, drive prefixes, backslashes, NULs, duplicates, or ..;","android/tracebox-export/; android/tracebox-export-ui/","evidence/; module tests; conformance/","HOST_UNIT_STATIC; applicable Android endpoint","NOT_STARTED",""
"ASN-L0608","ASSIGNMENT","IMPLEMENTATION_AGENT_PROMPT.md","line 608; section Tracebox Full-Implementation Agent Prompt","no arbitrary attachments;","android/tracebox-export/; android/tracebox-export-ui/","evidence/; module tests; conformance/","HOST_UNIT_STATIC; applicable Android endpoint","NOT_STARTED",""
"ASN-L0609","ASSIGNMENT","IMPLEMENTATION_AGENT_PROMPT.md","line 609; section Tracebox Full-Implementation Agent Prompt","no in-ZIP encryption;","android/tracebox-export/; android/tracebox-export-ui/","evidence/; module tests; conformance/","HOST_UNIT_STATIC; applicable Android endpoint","NOT_STARTED",""
"ASN-L0610","ASSIGNMENT","IMPLEMENTATION_AGENT_PROMPT.md","line 610; section Tracebox Full-Implementation Agent Prompt","deterministic timestamps and entry order.","android/tracebox-export/; android/tracebox-export-ui/","evidence/; module tests; conformance/","HOST_UNIT_STATIC; applicable Android endpoint","NOT_STARTED",""
"ASN-L0614","ASSIGNMENT","IMPLEMENTATION_AGENT_PROMPT.md","line 614; section Tracebox Full-Implementation Agent Prompt","Freeze source cutoffs and policy epoch.","android/tracebox-export/; android/tracebox-export-ui/","evidence/; module tests; conformance/","HOST_UNIT_STATIC; applicable Android endpoint","NOT_STARTED",""
"ASN-L0615","ASSIGNMENT","IMPLEMENTATION_AGENT_PROMPT.md","line 615; section Tracebox Full-Implementation Agent Prompt","Strip internal identities.","android/tracebox-export/; android/tracebox-export-ui/","evidence/; module tests; conformance/","HOST_UNIT_STATIC; applicable Android endpoint","NOT_STARTED",""
"ASN-L0616","ASSIGNMENT","IMPLEMENTATION_AGENT_PROMPT.md","line 616; section Tracebox Full-Implementation Agent Prompt","Assign deterministic package-local process, segment, artifact, and record IDs.","android/tracebox-export/; android/tracebox-export-ui/","evidence/; module tests; conformance/","HOST_UNIT_STATIC; applicable Android endpoint","NOT_STARTED",""
"ASN-L0617","ASSIGNMENT","IMPLEMENTATION_AGENT_PROMPT.md","line 617; section Tracebox Full-Implementation Agent Prompt","Transform and redact. Exclude corrupt ordinary records only with a deterministic omission entry in the manifest and disclosure.","android/tracebox-export/; android/tracebox-export-ui/","evidence/; module tests; conformance/","HOST_FUZZ_SMOKE; nightly/certification duration per frozen protocol","NOT_STARTED",""
"ASN-L0618","ASSIGNMENT","IMPLEMENTATION_AGENT_PROMPT.md","line 618; section Tracebox Full-Implementation Agent Prompt","Scan selected raw artifacts for known internal-ID binary/text encodings. If a selected raw artifact matches, fail snapshot preparation with a typed error; do not silently omit it or create an approval token.","android/tracebox-export/; android/tracebox-export-ui/","evidence/; module tests; conformance/","HOST_UNIT_STATIC; applicable Android endpoint","NOT_STARTED",""
"ASN-L0619","ASSIGNMENT","IMPLEMENTATION_AGENT_PROMPT.md","line 619; section Tracebox Full-Implementation Agent Prompt","Materialize immutable entry bodies.","android/tracebox-export/; android/tracebox-export-ui/","evidence/; module tests; conformance/","HOST_UNIT_STATIC; applicable Android endpoint","NOT_STARTED",""
"ASN-L0620","ASSIGNMENT","IMPLEMENTATION_AGENT_PROMPT.md","line 620; section Tracebox Full-Implementation Agent Prompt","Build deterministic manifest.","android/tracebox-export/; android/tracebox-export-ui/","evidence/; module tests; conformance/","HOST_UNIT_STATIC; applicable Android endpoint","NOT_STARTED",""
"ASN-L0621","ASSIGNMENT","IMPLEMENTATION_AGENT_PROMPT.md","line 621; section Tracebox Full-Implementation Agent Prompt","Materialize the complete plaintext ZIP.","android/tracebox-export/; android/tracebox-export-ui/","evidence/; module tests; conformance/","HOST_UNIT_STATIC; applicable Android endpoint","NOT_STARTED",""
"ASN-L0622","ASSIGNMENT","IMPLEMENTATION_AGENT_PROMPT.md","line 622; section Tracebox Full-Implementation Agent Prompt","Compute plaintext digest.","android/tracebox-export/; android/tracebox-export-ui/","evidence/; module tests; conformance/","HOST_UNIT_STATIC; applicable Android endpoint","NOT_STARTED",""
"ASN-L0623","ASSIGNMENT","IMPLEMENTATION_AGENT_PROMPT.md","line 623; section Tracebox Full-Implementation Agent Prompt","Render disclosure by decoding that exact ZIP.","android/tracebox-export/; android/tracebox-export-ui/","evidence/; module tests; conformance/","HOST_UNIT_STATIC; applicable Android endpoint","NOT_STARTED",""
"ASN-L0627","ASSIGNMENT","IMPLEMENTATION_AGENT_PROMPT.md","line 627; section Tracebox Full-Implementation Agent Prompt","CE noBackup storage;","android/tracebox-export/; android/tracebox-export-ui/","evidence/; module tests; conformance/","HOST_UNIT_STATIC; applicable Android endpoint","NOT_STARTED",""
"ASN-L0628","ASSIGNMENT","IMPLEMENTATION_AGENT_PROMPT.md","line 628; section Tracebox Full-Implementation Agent Prompt","hard staging quota;","android/tracebox-export/; android/tracebox-export-ui/","evidence/; module tests; conformance/","HOST_UNIT_STATIC; applicable Android endpoint","NOT_STARTED",""
"ASN-L0629","ASSIGNMENT","IMPLEMENTATION_AGENT_PROMPT.md","line 629; section Tracebox Full-Implementation Agent Prompt","maximum privacy class of included content;","android/tracebox-export/; android/tracebox-export-ui/","evidence/; module tests; conformance/","HOST_UNIT_STATIC; applicable Android endpoint","NOT_STARTED",""
"ASN-L0630","ASSIGNMENT","IMPLEMENTATION_AGENT_PROMPT.md","line 630; section Tracebox Full-Implementation Agent Prompt","crash-recoverable lifecycle;","android/tracebox-export/; android/tracebox-export-ui/","evidence/; module tests; conformance/","HOST_UNIT_STATIC; applicable Android endpoint","NOT_STARTED",""
"ASN-L0631","ASSIGNMENT","IMPLEMENTATION_AGENT_PROMPT.md","line 631; section Tracebox Full-Implementation Agent Prompt","tightening/deletion/expiry invalidation;","android/tracebox-export/; android/tracebox-export-ui/","evidence/; module tests; conformance/","HOST_UNIT_STATIC; applicable Android endpoint","NOT_STARTED",""
"ASN-L0632","ASSIGNMENT","IMPLEMENTATION_AGENT_PROMPT.md","line 632; section Tracebox Full-Implementation Agent Prompt","one active prepared snapshot by default.","android/tracebox-export/; android/tracebox-export-ui/","evidence/; module tests; conformance/","HOST_UNIT_STATIC; applicable Android endpoint","NOT_STARTED",""
"ASN-L0636","ASSIGNMENT","IMPLEMENTATION_AGENT_PROMPT.md","line 636; section Tracebox Full-Implementation Agent Prompt","provide a Tracebox-owned non-exported disclosure Activity;","android/tracebox-export/; android/tracebox-export-ui/","evidence/; module tests; conformance/","HOST_UNIT_STATIC; applicable Android endpoint","NOT_STARTED",""
"ASN-L0637","ASSIGNMENT","IMPLEMENTATION_AGENT_PROMPT.md","line 637; section Tracebox Full-Implementation Agent Prompt","render actual post-transformation content;","android/tracebox-export/; android/tracebox-export-ui/","evidence/; module tests; conformance/","HOST_UNIT_STATIC; applicable Android endpoint","NOT_STARTED",""
"ASN-L0638","ASSIGNMENT","IMPLEMENTATION_AGENT_PROMPT.md","line 638; section Tracebox Full-Implementation Agent Prompt","prominently identify raw artifacts and C2;","android/tracebox-export/; android/tracebox-export-ui/","evidence/; module tests; conformance/","HOST_UNIT_STATIC; applicable Android endpoint","NOT_STARTED",""
"ASN-L0639","ASSIGNMENT","IMPLEMENTATION_AGENT_PROMPT.md","line 639; section Tracebox Full-Implementation Agent Prompt","create an opaque digest-bound approval token;","android/tracebox-export/; android/tracebox-export-ui/","evidence/; module tests; conformance/","HOST_UNIT_STATIC; applicable Android endpoint","NOT_STARTED",""
"ASN-L0640","ASSIGNMENT","IMPLEMENTATION_AGENT_PROMPT.md","line 640; section Tracebox Full-Implementation Agent Prompt","require a fresh explicit user confirmation gesture after the exact package disclosure has fully rendered;","android/tracebox-export/; android/tracebox-export-ui/","evidence/; module tests; conformance/","HOST_UNIT_STATIC; applicable Android endpoint","NOT_STARTED",""
"ASN-L0641","ASSIGNMENT","IMPLEMENTATION_AGENT_PROMPT.md","line 641; section Tracebox Full-Implementation Agent Prompt","bind approval to plaintext digest, policy epoch, protection mode, and recipients;","android/tracebox-export/; android/tracebox-export-ui/","evidence/; module tests; conformance/","HOST_UNIT_STATIC; applicable Android endpoint","NOT_STARTED",""
"ASN-L0642","ASSIGNMENT","IMPLEMENTATION_AGENT_PROMPT.md","line 642; section Tracebox Full-Implementation Agent Prompt","forbid automatic approval, timeout approval, pre-confirmation, or lifecycle-restored approval;","android/tracebox-export/; android/tracebox-export-ui/","evidence/; module tests; conformance/","HOST_UNIT_STATIC; applicable Android endpoint","NOT_STARTED",""
"ASN-L0643","ASSIGNMENT","IMPLEMENTATION_AGENT_PROMPT.md","line 643; section Tracebox Full-Implementation Agent Prompt","no production headless approval constructor;","android/tracebox-export/; android/tracebox-export-ui/","evidence/; module tests; conformance/","HOST_UNIT_STATIC; applicable Android endpoint","NOT_STARTED",""
"ASN-L0644","ASSIGNMENT","IMPLEMENTATION_AGENT_PROMPT.md","line 644; section Tracebox Full-Implementation Agent Prompt","testing bypass only in tracebox-testing.","android/tracebox-export/; android/tracebox-export-ui/","evidence/; module tests; conformance/","HOST_UNIT_STATIC; applicable Android endpoint","NOT_STARTED",""
"ASN-L0648","ASSIGNMENT","IMPLEMENTATION_AGENT_PROMPT.md","line 648; section Tracebox Full-Implementation Agent Prompt","approved bytes cannot change;","android/tracebox-export/; android/tracebox-export-ui/","evidence/; module tests; conformance/","HOST_UNIT_STATIC; applicable Android endpoint","NOT_STARTED",""
"ASN-L0649","ASSIGNMENT","IMPLEMENTATION_AGENT_PROMPT.md","line 649; section Tracebox Full-Implementation Agent Prompt","exact copy or whole-file encryption only;","android/tracebox-export/; android/tracebox-export-ui/","evidence/; module tests; conformance/","HOST_UNIT_STATIC; applicable Android endpoint","NOT_STARTED",""
"ASN-L0650","ASSIGNMENT","IMPLEMENTATION_AGENT_PROMPT.md","line 650; section Tracebox Full-Implementation Agent Prompt","mismatch fails;","android/tracebox-export/; android/tracebox-export-ui/","evidence/; module tests; conformance/","HOST_UNIT_STATIC; applicable Android endpoint","NOT_STARTED",""
"ASN-L0651","ASSIGNMENT","IMPLEMENTATION_AGENT_PROMPT.md","line 651; section Tracebox Full-Implementation Agent Prompt","failure/cancellation never yields a shareable artifact.","android/tracebox-export/; android/tracebox-export-ui/","evidence/; module tests; conformance/","HOST_UNIT_STATIC; applicable Android endpoint","NOT_STARTED",""
"ASN-L0655","ASSIGNMENT","IMPLEMENTATION_AGENT_PROMPT.md","line 655; section Tracebox Full-Implementation Agent Prompt","plaintext digest;","android/tracebox-export/; android/tracebox-export-ui/","evidence/; module tests; conformance/","HOST_UNIT_STATIC; applicable Android endpoint","NOT_STARTED",""
"ASN-L0656","ASSIGNMENT","IMPLEMENTATION_AGENT_PROMPT.md","line 656; section Tracebox Full-Implementation Agent Prompt","output digest/size;","android/tracebox-export/; android/tracebox-export-ui/","evidence/; module tests; conformance/","HOST_UNIT_STATIC; applicable Android endpoint","NOT_STARTED",""
"ASN-L0657","ASSIGNMENT","IMPLEMENTATION_AGENT_PROMPT.md","line 657; section Tracebox Full-Implementation Agent Prompt","protection mode and recipients;","android/tracebox-export/; android/tracebox-export-ui/","evidence/; module tests; conformance/","HOST_UNIT_STATIC; applicable Android endpoint","NOT_STARTED",""
"ASN-L0658","ASSIGNMENT","IMPLEMENTATION_AGENT_PROMPT.md","line 658; section Tracebox Full-Implementation Agent Prompt","save result;","android/tracebox-export/; android/tracebox-export-ui/","evidence/; module tests; conformance/","HOST_UNIT_STATIC; applicable Android endpoint","NOT_STARTED",""
"ASN-L0659","ASSIGNMENT","IMPLEMENTATION_AGENT_PROMPT.md","line 659; section Tracebox Full-Implementation Agent Prompt","share states only as observable: NOT_STARTED, CHOOSER_OPENED, TARGET_SELECTED, DELIVERY_UNKNOWN;","android/tracebox-export/; android/tracebox-export-ui/","evidence/; module tests; conformance/","HOST_UNIT_STATIC; applicable Android endpoint","NOT_STARTED",""
"ASN-L0660","ASSIGNMENT","IMPLEMENTATION_AGENT_PROMPT.md","line 660; section Tracebox Full-Implementation Agent Prompt","never claim successful share delivery.","android/tracebox-export/; android/tracebox-export-ui/","evidence/; module tests; conformance/","HOST_UNIT_STATIC; applicable Android endpoint","NOT_STARTED",""
"ASN-L0664","ASSIGNMENT","IMPLEMENTATION_AGENT_PROMPT.md","line 664; section Tracebox Full-Implementation Agent Prompt","narrow staging path;","android/tracebox-export/; android/tracebox-export-ui/","evidence/; module tests; conformance/","HOST_UNIT_STATIC; applicable Android endpoint","NOT_STARTED",""
"ASN-L0665","ASSIGNMENT","IMPLEMENTATION_AGENT_PROMPT.md","line 665; section Tracebox Full-Implementation Agent Prompt","read-only transient grants;","android/tracebox-export/; android/tracebox-export-ui/","evidence/; module tests; conformance/","HOST_UNIT_STATIC; applicable Android endpoint","NOT_STARTED",""
"ASN-L0666","ASSIGNMENT","IMPLEMENTATION_AGENT_PROMPT.md","line 666; section Tracebox Full-Implementation Agent Prompt","ClipData;","android/tracebox-export/; android/tracebox-export-ui/","evidence/; module tests; conformance/","HOST_UNIT_STATIC; applicable Android endpoint","NOT_STARTED",""
"ASN-L0667","ASSIGNMENT","IMPLEMENTATION_AGENT_PROMPT.md","line 667; section Tracebox Full-Implementation Agent Prompt","Sharesheet;","android/tracebox-export/; android/tracebox-export-ui/","evidence/; module tests; conformance/","HOST_UNIT_STATIC; applicable Android endpoint","NOT_STARTED",""
"ASN-L0668","ASSIGNMENT","IMPLEMENTATION_AGENT_PROMPT.md","line 668; section Tracebox Full-Implementation Agent Prompt","bounded staging lease/TTL.","android/tracebox-export/; android/tracebox-export-ui/","evidence/; module tests; conformance/","HOST_UNIT_STATIC; applicable Android endpoint","NOT_STARTED",""
"ASN-L0672","ASSIGNMENT","IMPLEMENTATION_AGENT_PROMPT.md","line 672; section Tracebox Full-Implementation Agent Prompt","finalize internally first;","android/tracebox-export/; android/tracebox-export-ui/","evidence/; module tests; conformance/","HOST_UNIT_STATIC; applicable Android endpoint","NOT_STARTED",""
"ASN-L0673","ASSIGNMENT","IMPLEMENTATION_AGENT_PROMPT.md","line 673; section Tracebox Full-Implementation Agent Prompt","background cancellable copy;","android/tracebox-export/; android/tracebox-export-ui/","evidence/; module tests; conformance/","HOST_UNIT_STATIC; applicable Android endpoint","NOT_STARTED",""
"ASN-L0674","ASSIGNMENT","IMPLEMENTATION_AGENT_PROMPT.md","line 674; section Tracebox Full-Implementation Agent Prompt","partial-copy warning;","android/tracebox-export/; android/tracebox-export-ui/","evidence/; module tests; conformance/","HOST_UNIT_STATIC; applicable Android endpoint","NOT_STARTED",""
"ASN-L0675","ASSIGNMENT","IMPLEMENTATION_AGENT_PROMPT.md","line 675; section Tracebox Full-Implementation Agent Prompt","no claim that external providers are atomic or offline.","android/tracebox-export/; android/tracebox-export-ui/","evidence/; module tests; conformance/","HOST_UNIT_STATIC; applicable Android endpoint","NOT_STARTED",""
"ASN-L0683","ASSIGNMENT","IMPLEMENTATION_AGENT_PROMPT.md","line 683; section Tracebox Full-Implementation Agent Prompt","inspect;","rust/tbdiag-cli/; tooling/tracebox-gradle-plugin/; conformance/","evidence/; module tests; conformance/","HOST_UNIT_STATIC; applicable Android endpoint","NOT_STARTED",""
"ASN-L0684","ASSIGNMENT","IMPLEMENTATION_AGENT_PROMPT.md","line 684; section Tracebox Full-Implementation Agent Prompt","validate;","rust/tbdiag-cli/; tooling/tracebox-gradle-plugin/; conformance/","evidence/; module tests; conformance/","HOST_UNIT_STATIC; applicable Android endpoint","NOT_STARTED",""
"ASN-L0685","ASSIGNMENT","IMPLEMENTATION_AGENT_PROMPT.md","line 685; section Tracebox Full-Implementation Agent Prompt","decode;","rust/tbdiag-cli/; tooling/tracebox-gradle-plugin/; conformance/","evidence/; module tests; conformance/","HOST_UNIT_STATIC; applicable Android endpoint","NOT_STARTED",""
"ASN-L0686","ASSIGNMENT","IMPLEMENTATION_AGENT_PROMPT.md","line 686; section Tracebox Full-Implementation Agent Prompt","filter;","rust/tbdiag-cli/; tooling/tracebox-gradle-plugin/; conformance/","evidence/; module tests; conformance/","HOST_UNIT_STATIC; applicable Android endpoint","NOT_STARTED",""
"ASN-L0687","ASSIGNMENT","IMPLEMENTATION_AGENT_PROMPT.md","line 687; section Tracebox Full-Implementation Agent Prompt","retrace;","rust/tbdiag-cli/; tooling/tracebox-gradle-plugin/; conformance/","evidence/; module tests; conformance/","HOST_UNIT_STATIC; applicable Android endpoint","NOT_STARTED",""
"ASN-L0688","ASSIGNMENT","IMPLEMENTATION_AGENT_PROMPT.md","line 688; section Tracebox Full-Implementation Agent Prompt","symbolize;","rust/tbdiag-cli/; tooling/tracebox-gradle-plugin/; conformance/","evidence/; module tests; conformance/","HOST_UNIT_STATIC; applicable Android endpoint","NOT_STARTED",""
"ASN-L0689","ASSIGNMENT","IMPLEMENTATION_AGENT_PROMPT.md","line 689; section Tracebox Full-Implementation Agent Prompt","decrypt and key-management commands only inside the separately authorized experimental age milestone.","rust/tbdiag-cli/; tooling/tracebox-gradle-plugin/; conformance/","evidence/; module tests; conformance/","HOST_UNIT_STATIC; applicable Android endpoint","NOT_STARTED",""
"ASN-L0693","ASSIGNMENT","IMPLEMENTATION_AGENT_PROMPT.md","line 693; section Tracebox Full-Implementation Agent Prompt","streaming and memory-safe;","rust/tbdiag-cli/; tooling/tracebox-gradle-plugin/; conformance/","evidence/; module tests; conformance/","HOST_UNIT_STATIC; applicable Android endpoint","NOT_STARTED",""
"ASN-L0694","ASSIGNMENT","IMPLEMENTATION_AGENT_PROMPT.md","line 694; section Tracebox Full-Implementation Agent Prompt","strict limits before allocation;","rust/tbdiag-cli/; tooling/tracebox-gradle-plugin/; conformance/","evidence/; module tests; conformance/","HOST_UNIT_STATIC; applicable Android endpoint","NOT_STARTED",""
"ASN-L0695","ASSIGNMENT","IMPLEMENTATION_AGENT_PROMPT.md","line 695; section Tracebox Full-Implementation Agent Prompt","no default extraction;","rust/tbdiag-cli/; tooling/tracebox-gradle-plugin/; conformance/","evidence/; module tests; conformance/","HOST_UNIT_STATIC; applicable Android endpoint","NOT_STARTED",""
"ASN-L0696","ASSIGNMENT","IMPLEMENTATION_AGENT_PROMPT.md","line 696; section Tracebox Full-Implementation Agent Prompt","no plugins;","rust/tbdiag-cli/; tooling/tracebox-gradle-plugin/; conformance/","evidence/; module tests; conformance/","HOST_UNIT_STATIC; applicable Android endpoint","NOT_STARTED",""
"ASN-L0697","ASSIGNMENT","IMPLEMENTATION_AGENT_PROMPT.md","line 697; section Tracebox Full-Implementation Agent Prompt","no network;","rust/tbdiag-cli/; tooling/tracebox-gradle-plugin/; conformance/","evidence/; module tests; conformance/","HOST_STATIC; API30_API37_RUNTIME; blocked-egress controls","NOT_STARTED",""
"ASN-L0698","ASSIGNMENT","IMPLEMENTATION_AGENT_PROMPT.md","line 698; section Tracebox Full-Implementation Agent Prompt","decompression ratio and output caps;","rust/tbdiag-cli/; tooling/tracebox-gradle-plugin/; conformance/","evidence/; module tests; conformance/","HOST_UNIT_STATIC; applicable Android endpoint","NOT_STARTED",""
"ASN-L0699","ASSIGNMENT","IMPLEMENTATION_AGENT_PROMPT.md","line 699; section Tracebox Full-Implementation Agent Prompt","CPU, memory, file-count, and nesting limits;","rust/tbdiag-cli/; tooling/tracebox-gradle-plugin/; conformance/","evidence/; module tests; conformance/","HOST_UNIT_STATIC; applicable Android endpoint","NOT_STARTED",""
"ASN-L0700","ASSIGNMENT","IMPLEMENTATION_AGENT_PROMPT.md","line 700; section Tracebox Full-Implementation Agent Prompt","fuzz every parser and boundary.","rust/tbdiag-cli/; tooling/tracebox-gradle-plugin/; conformance/","evidence/; module tests; conformance/","HOST_FUZZ_SMOKE; nightly/certification duration per frozen protocol","NOT_STARTED",""
"ASN-L0704","ASSIGNMENT","IMPLEMENTATION_AGENT_PROMPT.md","line 704; section Tracebox Full-Implementation Agent Prompt","public AGP APIs only;","rust/tbdiag-cli/; tooling/tracebox-gradle-plugin/; conformance/","evidence/; module tests; conformance/","HOST_UNIT_STATIC; applicable Android endpoint","NOT_STARTED",""
"ASN-L0705","ASSIGNMENT","IMPLEMENTATION_AGENT_PROMPT.md","line 705; section Tracebox Full-Implementation Agent Prompt","schema generation and lint;","rust/tbdiag-cli/; tooling/tracebox-gradle-plugin/; conformance/","evidence/; module tests; conformance/","HOST_UNIT_STATIC; applicable Android endpoint","NOT_STARTED",""
"ASN-L0706","ASSIGNMENT","IMPLEMENTATION_AGENT_PROMPT.md","line 706; section Tracebox Full-Implementation Agent Prompt","build identity;","rust/tbdiag-cli/; tooling/tracebox-gradle-plugin/; conformance/","evidence/; module tests; conformance/","HOST_UNIT_STATIC; applicable Android endpoint","NOT_STARTED",""
"ASN-L0707","ASSIGNMENT","IMPLEMENTATION_AGENT_PROMPT.md","line 707; section Tracebox Full-Implementation Agent Prompt","R8 mapping ID/hash;","rust/tbdiag-cli/; tooling/tracebox-gradle-plugin/; conformance/","evidence/; module tests; conformance/","HOST_UNIT_STATIC; applicable Android endpoint","NOT_STARTED",""
"ASN-L0708","ASSIGNMENT","IMPLEMENTATION_AGENT_PROMPT.md","line 708; section Tracebox Full-Implementation Agent Prompt","ELF build IDs;","rust/tbdiag-cli/; tooling/tracebox-gradle-plugin/; conformance/","evidence/; module tests; conformance/","HOST_UNIT_STATIC; applicable Android endpoint","NOT_STARTED",""
"ASN-L0709","ASSIGNMENT","IMPLEMENTATION_AGENT_PROMPT.md","line 709; section Tracebox Full-Implementation Agent Prompt","native/Rust symbol catalog;","rust/tbdiag-cli/; tooling/tracebox-gradle-plugin/; conformance/","evidence/; module tests; conformance/","HOST_UNIT_STATIC; applicable Android endpoint","NOT_STARTED",""
"ASN-L0710","ASSIGNMENT","IMPLEMENTATION_AGENT_PROMPT.md","line 710; section Tracebox Full-Implementation Agent Prompt","dependency lock verification;","rust/tbdiag-cli/; tooling/tracebox-gradle-plugin/; conformance/","evidence/; module tests; conformance/","HOST_UNIT_STATIC; applicable Android endpoint","NOT_STARTED",""
"ASN-L0711","ASSIGNMENT","IMPLEMENTATION_AGENT_PROMPT.md","line 711; section Tracebox Full-Implementation Agent Prompt","merged manifest inspection;","rust/tbdiag-cli/; tooling/tracebox-gradle-plugin/; conformance/","evidence/; module tests; conformance/","HOST_UNIT_STATIC; applicable Android endpoint","NOT_STARTED",""
"ASN-L0712","ASSIGNMENT","IMPLEMENTATION_AGENT_PROMPT.md","line 712; section Tracebox Full-Implementation Agent Prompt","forbidden permission/dependency checks;","rust/tbdiag-cli/; tooling/tracebox-gradle-plugin/; conformance/","evidence/; module tests; conformance/","HOST_UNIT_STATIC; applicable Android endpoint","NOT_STARTED",""
"ASN-L0713","ASSIGNMENT","IMPLEMENTATION_AGENT_PROMPT.md","line 713; section Tracebox Full-Implementation Agent Prompt","release certification tasks.","rust/tbdiag-cli/; tooling/tracebox-gradle-plugin/; conformance/","evidence/; module tests; conformance/","HOST_UNIT_STATIC; applicable Android endpoint","NOT_STARTED",""
"ASN-L0717","ASSIGNMENT","IMPLEMENTATION_AGENT_PROMPT.md","line 717; section Tracebox Full-Implementation Agent Prompt","exact mapping/build/ABI/hash match;","rust/tbdiag-cli/; tooling/tracebox-gradle-plugin/; conformance/","evidence/; module tests; conformance/","HOST_UNIT_STATIC; applicable Android endpoint","NOT_STARTED",""
"ASN-L0718","ASSIGNMENT","IMPLEMENTATION_AGENT_PROMPT.md","line 718; section Tracebox Full-Implementation Agent Prompt","R8 inline and optimized frames;","rust/tbdiag-cli/; tooling/tracebox-gradle-plugin/; conformance/","evidence/; module tests; conformance/","HOST_UNIT_STATIC; applicable Android endpoint","NOT_STARTED",""
"ASN-L0719","ASSIGNMENT","IMPLEMENTATION_AGENT_PROMPT.md","line 719; section Tracebox Full-Implementation Agent Prompt","stripped/unstripped ELF validation;","rust/tbdiag-cli/; tooling/tracebox-gradle-plugin/; conformance/","evidence/; module tests; conformance/","HOST_UNIT_STATIC; applicable Android endpoint","NOT_STARTED",""
"ASN-L0720","ASSIGNMENT","IMPLEMENTATION_AGENT_PROMPT.md","line 720; section Tracebox Full-Implementation Agent Prompt","mixed Rust/C++ stacks;","rust/tbdiag-cli/; tooling/tracebox-gradle-plugin/; conformance/","evidence/; module tests; conformance/","HOST_UNIT_STATIC; applicable Android endpoint","NOT_STARTED",""
"ASN-L0721","ASSIGNMENT","IMPLEMENTATION_AGENT_PROMPT.md","line 721; section Tracebox Full-Implementation Agent Prompt","hard mismatch error;","rust/tbdiag-cli/; tooling/tracebox-gradle-plugin/; conformance/","evidence/; module tests; conformance/","HOST_UNIT_STATIC; applicable Android endpoint","NOT_STARTED",""
"ASN-L0722","ASSIGNMENT","IMPLEMENTATION_AGENT_PROMPT.md","line 722; section Tracebox Full-Implementation Agent Prompt","raw addresses preserved;","rust/tbdiag-cli/; tooling/tracebox-gradle-plugin/; conformance/","evidence/; module tests; conformance/","HOST_UNIT_STATIC; applicable Android endpoint","NOT_STARTED",""
"ASN-L0723","ASSIGNMENT","IMPLEMENTATION_AGENT_PROMPT.md","line 723; section Tracebox Full-Implementation Agent Prompt","no best-effort guessed symbols.","rust/tbdiag-cli/; tooling/tracebox-gradle-plugin/; conformance/","evidence/; module tests; conformance/","HOST_UNIT_STATIC; applicable Android endpoint","NOT_STARTED",""
"ASN-L0727","ASSIGNMENT","IMPLEMENTATION_AGENT_PROMPT.md","line 727; section Tracebox Full-Implementation Agent Prompt","dependency allowlist;","rust/tbdiag-cli/; tooling/tracebox-gradle-plugin/; conformance/","evidence/; module tests; conformance/","HOST_UNIT_STATIC; applicable Android endpoint","NOT_STARTED",""
"ASN-L0728","ASSIGNMENT","IMPLEMENTATION_AGENT_PROMPT.md","line 728; section Tracebox Full-Implementation Agent Prompt","Gradle dependency lock and verification metadata;","rust/tbdiag-cli/; tooling/tracebox-gradle-plugin/; conformance/","evidence/; module tests; conformance/","HOST_UNIT_STATIC; applicable Android endpoint","NOT_STARTED",""
"ASN-L0729","ASSIGNMENT","IMPLEMENTATION_AGENT_PROMPT.md","line 729; section Tracebox Full-Implementation Agent Prompt","merged AAR/APK/AAB manifest scans;","rust/tbdiag-cli/; tooling/tracebox-gradle-plugin/; conformance/","evidence/; module tests; conformance/","HOST_UNIT_STATIC; applicable Android endpoint","NOT_STARTED",""
"ASN-L0730","ASSIGNMENT","IMPLEMENTATION_AGENT_PROMPT.md","line 730; section Tracebox Full-Implementation Agent Prompt","DEX reference scans;","rust/tbdiag-cli/; tooling/tracebox-gradle-plugin/; conformance/","evidence/; module tests; conformance/","HOST_UNIT_STATIC; applicable Android endpoint","NOT_STARTED",""
"ASN-L0731","ASSIGNMENT","IMPLEMENTATION_AGENT_PROMPT.md","line 731; section Tracebox Full-Implementation Agent Prompt","native import/string scans;","rust/tbdiag-cli/; tooling/tracebox-gradle-plugin/; conformance/","evidence/; module tests; conformance/","HOST_UNIT_STATIC; applicable Android endpoint","NOT_STARTED",""
"ASN-L0732","ASSIGNMENT","IMPLEMENTATION_AGENT_PROMPT.md","line 732; section Tracebox Full-Implementation Agent Prompt","CLI crate graph scans and blocked-egress execution of every CLI command;","rust/tbdiag-cli/; tooling/tracebox-gradle-plugin/; conformance/","evidence/; module tests; conformance/","HOST_UNIT_STATIC; applicable Android endpoint","NOT_STARTED",""
"ASN-L0733","ASSIGNMENT","IMPLEMENTATION_AGENT_PROMPT.md","line 733; section Tracebox Full-Implementation Agent Prompt","blocked-egress emulator/device runs;","rust/tbdiag-cli/; tooling/tracebox-gradle-plugin/; conformance/","evidence/; module tests; conformance/","API30_API37_X86_64_AND_ALL_AVAILABLE_ARM64; page-size cells where available","NOT_STARTED",""
"ASN-L0734","ASSIGNMENT","IMPLEMENTATION_AGENT_PROMPT.md","line 734; section Tracebox Full-Implementation Agent Prompt","working network control probe;","rust/tbdiag-cli/; tooling/tracebox-gradle-plugin/; conformance/","evidence/; module tests; conformance/","HOST_STATIC; API30_API37_RUNTIME; blocked-egress controls","NOT_STARTED",""
"ASN-L0735","ASSIGNMENT","IMPLEMENTATION_AGENT_PROMPT.md","line 735; section Tracebox Full-Implementation Agent Prompt","host fixture without INTERNET;","rust/tbdiag-cli/; tooling/tracebox-gradle-plugin/; conformance/","evidence/; module tests; conformance/","HOST_STATIC; API30_API37_RUNTIME; blocked-egress controls","NOT_STARTED",""
"ASN-L0736","ASSIGNMENT","IMPLEMENTATION_AGENT_PROMPT.md","line 736; section Tracebox Full-Implementation Agent Prompt","host fixture with host-owned INTERNET;","rust/tbdiag-cli/; tooling/tracebox-gradle-plugin/; conformance/","evidence/; module tests; conformance/","HOST_STATIC; API30_API37_RUNTIME; blocked-egress controls","NOT_STARTED",""
"ASN-L0737","ASSIGNMENT","IMPLEMENTATION_AGENT_PROMPT.md","line 737; section Tracebox Full-Implementation Agent Prompt","packet, DNS, socket, process, and UID attribution through every reachable runtime and CLI path, including initialization, Direct Boot, recovery, malformed input, deletion, conflicts, crash, ANR, package, save, and share preparation;","rust/tbdiag-cli/; tooling/tracebox-gradle-plugin/; conformance/","evidence/; module tests; conformance/","HOST_UNIT_STATIC; applicable Android endpoint","NOT_STARTED",""
"ASN-L0738","ASSIGNMENT","IMPLEMENTATION_AGENT_PROMPT.md","line 738; section Tracebox Full-Implementation Agent Prompt","concurrent positive controls proving the observation system detects real network traffic.","rust/tbdiag-cli/; tooling/tracebox-gradle-plugin/; conformance/","evidence/; module tests; conformance/","HOST_STATIC; API30_API37_RUNTIME; blocked-egress controls","NOT_STARTED",""
"ASN-L0740","ASSIGNMENT","IMPLEMENTATION_AGENT_PROMPT.md","line 740; section Tracebox Full-Implementation Agent Prompt","The final claim must remain:","rust/tbdiag-cli/; tooling/tracebox-gradle-plugin/; conformance/","evidence/; module tests; conformance/","HOST_UNIT_STATIC; applicable Android endpoint","NOT_STARTED",""
"ASN-L0744","ASSIGNMENT","IMPLEMENTATION_AGENT_PROMPT.md","line 744; section Tracebox Full-Implementation Agent Prompt","In that claim, exporter means a remote/network transport exporter; it does not prohibit the required local user-initiated file export.","rust/tbdiag-cli/; tooling/tracebox-gradle-plugin/; conformance/","evidence/; module tests; conformance/","HOST_STATIC; API30_API37_RUNTIME; blocked-egress controls","NOT_STARTED",""
"ASN-L0746","ASSIGNMENT","IMPLEMENTATION_AGENT_PROMPT.md","line 746; section Tracebox Full-Implementation Agent Prompt","Do not claim the host app, share target, or SAF provider is offline.","rust/tbdiag-cli/; tooling/tracebox-gradle-plugin/; conformance/","evidence/; module tests; conformance/","HOST_UNIT_STATIC; applicable Android endpoint","NOT_STARTED",""
"ASN-L0754","ASSIGNMENT","IMPLEMENTATION_AGENT_PROMPT.md","line 754; section Tracebox Full-Implementation Agent Prompt","no-internet;","See implementation ledger and architecture module map","evidence/; module tests; conformance/","HOST_STATIC; API30_API37_RUNTIME; blocked-egress controls","NOT_STARTED",""
"ASN-L0755","ASSIGNMENT","IMPLEMENTATION_AGENT_PROMPT.md","line 755; section Tracebox Full-Implementation Agent Prompt","host-with-internet;","See implementation ledger and architecture module map","evidence/; module tests; conformance/","HOST_STATIC; API30_API37_RUNTIME; blocked-egress controls","NOT_STARTED",""
"ASN-L0756","ASSIGNMENT","IMPLEMENTATION_AGENT_PROMPT.md","line 756; section Tracebox Full-Implementation Agent Prompt","multiprocess;","See implementation ledger and architecture module map","evidence/; module tests; conformance/","HOST_UNIT_STATIC; applicable Android endpoint","NOT_STARTED",""
"ASN-L0757","ASSIGNMENT","IMPLEMENTATION_AGENT_PROMPT.md","line 757; section Tracebox Full-Implementation Agent Prompt","crash-lab;","See implementation ledger and architecture module map","evidence/; module tests; conformance/","HOST_UNIT_STATIC; applicable Android endpoint","NOT_STARTED",""
"ASN-L0758","ASSIGNMENT","IMPLEMENTATION_AGENT_PROMPT.md","line 758; section Tracebox Full-Implementation Agent Prompt","handler-conflict;","See implementation ledger and architecture module map","evidence/; module tests; conformance/","HOST_UNIT_STATIC; applicable Android endpoint","NOT_STARTED",""
"ASN-L0759","ASSIGNMENT","IMPLEMENTATION_AGENT_PROMPT.md","line 759; section Tracebox Full-Implementation Agent Prompt","anr-lab;","See implementation ledger and architecture module map","evidence/; module tests; conformance/","HOST_UNIT_STATIC; applicable Android endpoint","NOT_STARTED",""
"ASN-L0760","ASSIGNMENT","IMPLEMENTATION_AGENT_PROMPT.md","line 760; section Tracebox Full-Implementation Agent Prompt","responsive-main-anr;","See implementation ledger and architecture module map","evidence/; module tests; conformance/","HOST_UNIT_STATIC; applicable Android endpoint","NOT_STARTED",""
"ASN-L0761","ASSIGNMENT","IMPLEMENTATION_AGENT_PROMPT.md","line 761; section Tracebox Full-Implementation Agent Prompt","direct-boot;","See implementation ledger and architecture module map","evidence/; module tests; conformance/","HOST_UNIT_STATIC; applicable Android endpoint","NOT_STARTED",""
"ASN-L0762","ASSIGNMENT","IMPLEMENTATION_AGENT_PROMPT.md","line 762; section Tracebox Full-Implementation Agent Prompt","deletion-lab;","See implementation ledger and architecture module map","evidence/; module tests; conformance/","HOST_UNIT_STATIC; applicable Android endpoint","NOT_STARTED",""
"ASN-L0763","ASSIGNMENT","IMPLEMENTATION_AGENT_PROMPT.md","line 763; section Tracebox Full-Implementation Agent Prompt","release-r8;","See implementation ledger and architecture module map","evidence/; module tests; conformance/","HOST_UNIT_STATIC; applicable Android endpoint","NOT_STARTED",""
"ASN-L0764","ASSIGNMENT","IMPLEMENTATION_AGENT_PROMPT.md","line 764; section Tracebox Full-Implementation Agent Prompt","malicious-package.","See implementation ledger and architecture module map","evidence/; module tests; conformance/","HOST_FUZZ_SMOKE; nightly/certification duration per frozen protocol","NOT_STARTED",""
"ASN-L0768","ASSIGNMENT","IMPLEMENTATION_AGENT_PROMPT.md","line 768; section Tracebox Full-Implementation Agent Prompt","API 30, 31, 32, 33, 34, 35, 36, and 37;","See implementation ledger and architecture module map","evidence/; module tests; conformance/","API30_API37_X86_64_AND_ALL_AVAILABLE_ARM64; page-size cells where available","NOT_STARTED",""
"ASN-L0769","ASSIGNMENT","IMPLEMENTATION_AGENT_PROMPT.md","line 769; section Tracebox Full-Implementation Agent Prompt","API 37.1 advisory preview lane;","See implementation ledger and architecture module map","evidence/; module tests; conformance/","API30_API37_X86_64_AND_ALL_AVAILABLE_ARM64; page-size cells where available","NOT_STARTED",""
"ASN-L0770","ASSIGNMENT","IMPLEMENTATION_AGENT_PROMPT.md","line 770; section Tracebox Full-Implementation Agent Prompt","x86_64 emulator coverage for every required API level;","See implementation ledger and architecture module map","evidence/; module tests; conformance/","API30_API37_X86_64_AND_ALL_AVAILABLE_ARM64; page-size cells where available","NOT_STARTED",""
"ASN-L0771","ASSIGNMENT","IMPLEMENTATION_AGENT_PROMPT.md","line 771; section Tracebox Full-Implementation Agent Prompt","arm64-v8a physical coverage for every required API level from 30 through 37;","See implementation ledger and architecture module map","evidence/; module tests; conformance/","API30_API37_X86_64_AND_ALL_AVAILABLE_ARM64; page-size cells where available","NOT_STARTED",""
"ASN-L0772","ASSIGNMENT","IMPLEMENTATION_AGENT_PROMPT.md","line 772; section Tracebox Full-Implementation Agent Prompt","4 KiB and 16 KiB page qualification on supported representative cells;","See implementation ledger and architecture module map","evidence/; module tests; conformance/","API30_API37_X86_64_AND_ALL_AVAILABLE_ARM64; page-size cells where available","NOT_STARTED",""
"ASN-L0773","ASSIGNMENT","IMPLEMENTATION_AGENT_PROMPT.md","line 773; section Tracebox Full-Implementation Agent Prompt","Pixel and at least two materially different OEM families using a Phase 0 accepted pairwise matrix;","See implementation ledger and architecture module map","evidence/; module tests; conformance/","HOST_UNIT_STATIC; applicable Android endpoint","NOT_STARTED",""
"ASN-L0774","ASSIGNMENT","IMPLEMENTATION_AGENT_PROMPT.md","line 774; section Tracebox Full-Implementation Agent Prompt","debug, minified release, and debuggable release fixtures.","See implementation ledger and architecture module map","evidence/; module tests; conformance/","HOST_UNIT_STATIC; applicable Android endpoint","NOT_STARTED",""
"ASN-L0776","ASSIGNMENT","IMPLEMENTATION_AGENT_PROMPT.md","line 776; section Tracebox Full-Implementation Agent Prompt","API 37.1 is advisory: failure or unavailability does not block foundation certification and is reported separately.","See implementation ledger and architecture module map","evidence/; module tests; conformance/","API30_API37_X86_64_AND_ALL_AVAILABLE_ARM64; page-size cells where available","NOT_STARTED",""
"ASN-L0780","ASSIGNMENT","IMPLEMENTATION_AGENT_PROMPT.md","line 780; section Tracebox Full-Implementation Agent Prompt","truncate every byte boundary of headers, frames, records, journals, and central directories; include encrypted chunks only for an authorized encryption milestone;","See implementation ledger and architecture module map","evidence/; module tests; conformance/","HOST_FUZZ_SMOKE; nightly/certification duration per frozen protocol","NOT_STARTED",""
"ASN-L0781","ASSIGNMENT","IMPLEMENTATION_AGENT_PROMPT.md","line 781; section Tracebox Full-Implementation Agent Prompt","flip lengths, IDs, sequence, CRC, digest, tag, path, and count fields;","See implementation ledger and architecture module map","evidence/; module tests; conformance/","HOST_UNIT_STATIC; applicable Android endpoint","NOT_STARTED",""
"ASN-L0782","ASSIGNMENT","IMPLEMENTATION_AGENT_PROMPT.md","line 782; section Tracebox Full-Implementation Agent Prompt","kill processes at every append, summary, acknowledgement, import, deletion, snapshot, ZIP, and SAF transition;","See implementation ledger and architecture module map","evidence/; module tests; conformance/","HOST_UNIT_STATIC; applicable Android endpoint","NOT_STARTED",""
"ASN-L0783","ASSIGNMENT","IMPLEMENTATION_AGENT_PROMPT.md","line 783; section Tracebox Full-Implementation Agent Prompt","full disk, read-only disk, short writes, failed fsync, and failed rename;","See implementation ledger and architecture module map","evidence/; module tests; conformance/","HOST_UNIT_STATIC; applicable Android endpoint","NOT_STARTED",""
"ASN-L0784","ASSIGNMENT","IMPLEMENTATION_AGENT_PROMPT.md","line 784; section Tracebox Full-Implementation Agent Prompt","for foundation, verify no production Keystore dependency exists;","See implementation ledger and architecture module map","evidence/; module tests; conformance/","HOST_UNIT_STATIC; applicable Android endpoint","NOT_STARTED",""
"ASN-L0785","ASSIGNMENT","IMPLEMENTATION_AGENT_PROMPT.md","line 785; section Tracebox Full-Implementation Agent Prompt","test unavailable Keystore only inside a separately authorized encryption milestone;","See implementation ledger and architecture module map","evidence/; module tests; conformance/","HOST_UNIT_STATIC; applicable Android endpoint","NOT_STARTED",""
"ASN-L0786","ASSIGNMENT","IMPLEMENTATION_AGENT_PROMPT.md","line 786; section Tracebox Full-Implementation Agent Prompt","handler cold/running/killed/restarted/hung;","See implementation ledger and architecture module map","evidence/; module tests; conformance/","HOST_UNIT_STATIC; applicable Android endpoint","NOT_STARTED",""
"ASN-L0787","ASSIGNMENT","IMPLEMENTATION_AGENT_PROMPT.md","line 787; section Tracebox Full-Implementation Agent Prompt","primary process absent;","See implementation ledger and architecture module map","evidence/; module tests; conformance/","HOST_UNIT_STATIC; applicable Android endpoint","NOT_STARTED",""
"ASN-L0788","ASSIGNMENT","IMPLEMENTATION_AGENT_PROMPT.md","line 788; section Tracebox Full-Implementation Agent Prompt","process restart churn and PID reuse;","See implementation ledger and architecture module map","evidence/; module tests; conformance/","HOST_UNIT_STATIC; applicable Android endpoint","NOT_STARTED",""
"ASN-L0789","ASSIGNMENT","IMPLEMENTATION_AGENT_PROMPT.md","line 789; section Tracebox Full-Implementation Agent Prompt","coordinator death/restart;","See implementation ledger and architecture module map","evidence/; module tests; conformance/","HOST_UNIT_STATIC; applicable Android endpoint","NOT_STARTED",""
"ASN-L0790","ASSIGNMENT","IMPLEMENTATION_AGENT_PROMPT.md","line 790; section Tracebox Full-Implementation Agent Prompt","participant registration at every policy-transition boundary;","See implementation ledger and architecture module map","evidence/; module tests; conformance/","HOST_UNIT_STATIC; applicable Android endpoint","NOT_STARTED",""
"ASN-L0791","ASSIGNMENT","IMPLEMENTATION_AGENT_PROMPT.md","line 791; section Tracebox Full-Implementation Agent Prompt","reboot at every Direct Boot mirror transition;","See implementation ledger and architecture module map","evidence/; module tests; conformance/","HOST_UNIT_STATIC; applicable Android endpoint","NOT_STARTED",""
"ASN-L0792","ASSIGNMENT","IMPLEMENTATION_AGENT_PROMPT.md","line 792; section Tracebox Full-Implementation Agent Prompt","equal-timestamp, reordered, paginated, and late-visible ApplicationExitInfo rows;","See implementation ledger and architecture module map","evidence/; module tests; conformance/","HOST_UNIT_STATIC; applicable Android endpoint","NOT_STARTED",""
"ASN-L0793","ASSIGNMENT","IMPLEMENTATION_AGENT_PROMPT.md","line 793; section Tracebox Full-Implementation Agent Prompt","parser fuzzing with persistent regression corpora.","See implementation ledger and architecture module map","evidence/; module tests; conformance/","HOST_FUZZ_SMOKE; nightly/certification duration per frozen protocol","NOT_STARTED",""
"ASN-L0795","ASSIGNMENT","IMPLEMENTATION_AGENT_PROMPT.md","line 795; section Tracebox Full-Implementation Agent Prompt","Create an invariant traceability table containing every architecture invariant, its source section, classification as automated or external, test identifier, required matrix, and result. A non-automatable classification requires a written rationale.","See implementation ledger and architecture module map","evidence/; module tests; conformance/","HOST_UNIT_STATIC; applicable Android endpoint","NOT_STARTED",""
"ASN-L0797","ASSIGNMENT","IMPLEMENTATION_AGENT_PROMPT.md","line 797; section Tracebox Full-Implementation Agent Prompt","Do not disable, quarantine, or skip a failing test in an available required lane merely to achieve green status. Tests requiring unavailable external hardware remain UNAVAILABLE_EXTERNAL with an explicit reason and are never counted as passing.","See implementation ledger and architecture module map","evidence/; module tests; conformance/","HOST_UNIT_STATIC; applicable Android endpoint","NOT_STARTED",""
"ASN-L0805","ASSIGNMENT","IMPLEMENTATION_AGENT_PROMPT.md","line 805; section Tracebox Full-Implementation Agent Prompt","no ordinary main-thread disk I/O;","See implementation ledger and architecture module map","evidence/; module tests; conformance/","HOST_UNIT_STATIC; applicable Android endpoint","NOT_STARTED",""
"ASN-L0806","ASSIGNMENT","IMPLEMENTATION_AGENT_PROMPT.md","line 806; section Tracebox Full-Implementation Agent Prompt","no handler polling;","See implementation ledger and architecture module map","evidence/; module tests; conformance/","HOST_UNIT_STATIC; applicable Android endpoint","NOT_STARTED",""
"ASN-L0807","ASSIGNMENT","IMPLEMENTATION_AGENT_PROMPT.md","line 807; section Tracebox Full-Implementation Agent Prompt","no wakelock;","See implementation ledger and architecture module map","evidence/; module tests; conformance/","HOST_UNIT_STATIC; applicable Android endpoint","NOT_STARTED",""
"ASN-L0808","ASSIGNMENT","IMPLEMENTATION_AGENT_PROMPT.md","line 808; section Tracebox Full-Implementation Agent Prompt","no healthy-state handler timer wakeup;","See implementation ledger and architecture module map","evidence/; module tests; conformance/","HOST_UNIT_STATIC; applicable Android endpoint","NOT_STARTED",""
"ASN-L0809","ASSIGNMENT","IMPLEMENTATION_AGENT_PROMPT.md","line 809; section Tracebox Full-Implementation Agent Prompt","no unbounded queue or retry;","See implementation ledger and architecture module map","evidence/; module tests; conformance/","HOST_UNIT_STATIC; applicable Android endpoint","NOT_STARTED",""
"ASN-L0810","ASSIGNMENT","IMPLEMENTATION_AGENT_PROMPT.md","line 810; section Tracebox Full-Implementation Agent Prompt","no crash-time SQLite, compression, encryption, networking, or complex JNI;","See implementation ledger and architecture module map","evidence/; module tests; conformance/","HOST_STATIC; API30_API37_RUNTIME; blocked-egress controls","NOT_STARTED",""
"ASN-L0811","ASSIGNMENT","IMPLEMENTATION_AGENT_PROMPT.md","line 811; section Tracebox Full-Implementation Agent Prompt","no heartbeat without an observable eligible component;","See implementation ledger and architecture module map","evidence/; module tests; conformance/","HOST_UNIT_STATIC; applicable Android endpoint","NOT_STARTED",""
"ASN-L0812","ASSIGNMENT","IMPLEMENTATION_AGENT_PROMPT.md","line 812; section Tracebox Full-Implementation Agent Prompt","hard role and UID-wide storage bounds.","See implementation ledger and architecture module map","evidence/; module tests; conformance/","HOST_UNIT_STATIC; applicable Android endpoint","NOT_STARTED",""
"ASN-L0816","ASSIGNMENT","IMPLEMENTATION_AGENT_PROMPT.md","line 816; section Tracebox Full-Implementation Agent Prompt","each app process;","See implementation ledger and architecture module map","evidence/; module tests; conformance/","HOST_UNIT_STATIC; applicable Android endpoint","NOT_STARTED",""
"ASN-L0817","ASSIGNMENT","IMPLEMENTATION_AGENT_PROMPT.md","line 817; section Tracebox Full-Implementation Agent Prompt","handler process;","See implementation ledger and architecture module map","evidence/; module tests; conformance/","HOST_UNIT_STATIC; applicable Android endpoint","NOT_STARTED",""
"ASN-L0818","ASSIGNMENT","IMPLEMENTATION_AGENT_PROMPT.md","line 818; section Tracebox Full-Implementation Agent Prompt","aggregate UID.","See implementation ledger and architecture module map","evidence/; module tests; conformance/","HOST_UNIT_STATIC; applicable Android endpoint","NOT_STARTED",""
"ASN-L0822","ASSIGNMENT","IMPLEMENTATION_AGENT_PROMPT.md","line 822; section Tracebox Full-Implementation Agent Prompt","PSS/RSS/private dirty;","See implementation ledger and architecture module map","evidence/; module tests; conformance/","HOST_UNIT_STATIC; applicable Android endpoint","NOT_STARTED",""
"ASN-L0823","ASSIGNMENT","IMPLEMENTATION_AGENT_PROMPT.md","line 823; section Tracebox Full-Implementation Agent Prompt","CPU and scheduling wakeups;","See implementation ledger and architecture module map","evidence/; module tests; conformance/","HOST_UNIT_STATIC; applicable Android endpoint","NOT_STARTED",""
"ASN-L0824","ASSIGNMENT","IMPLEMENTATION_AGENT_PROMPT.md","line 824; section Tracebox Full-Implementation Agent Prompt","allocations and retained heap;","See implementation ledger and architecture module map","evidence/; module tests; conformance/","HOST_UNIT_STATIC; applicable Android endpoint","NOT_STARTED",""
"ASN-L0825","ASSIGNMENT","IMPLEMENTATION_AGENT_PROMPT.md","line 825; section Tracebox Full-Implementation Agent Prompt","I/O and fsync latency;","See implementation ledger and architecture module map","evidence/; module tests; conformance/","HOST_UNIT_STATIC; applicable Android endpoint","NOT_STARTED",""
"ASN-L0826","ASSIGNMENT","IMPLEMENTATION_AGENT_PROMPT.md","line 826; section Tracebox Full-Implementation Agent Prompt","app startup;","See implementation ledger and architecture module map","evidence/; module tests; conformance/","HOST_UNIT_STATIC; applicable Android endpoint","NOT_STARTED",""
"ASN-L0827","ASSIGNMENT","IMPLEMENTATION_AGENT_PROMPT.md","line 827; section Tracebox Full-Implementation Agent Prompt","time to Durable;","See implementation ledger and architecture module map","evidence/; module tests; conformance/","HOST_UNIT_STATIC; applicable Android endpoint","NOT_STARTED",""
"ASN-L0828","ASSIGNMENT","IMPLEMENTATION_AGENT_PROMPT.md","line 828; section Tracebox Full-Implementation Agent Prompt","heartbeat cost;","See implementation ledger and architecture module map","evidence/; module tests; conformance/","HOST_UNIT_STATIC; applicable Android endpoint","NOT_STARTED",""
"ASN-L0829","ASSIGNMENT","IMPLEMENTATION_AGENT_PROMPT.md","line 829; section Tracebox Full-Implementation Agent Prompt","candidate capture cost and target pause;","See implementation ledger and architecture module map","evidence/; module tests; conformance/","HOST_UNIT_STATIC; applicable Android endpoint","NOT_STARTED",""
"ASN-L0830","ASSIGNMENT","IMPLEMENTATION_AGENT_PROMPT.md","line 830; section Tracebox Full-Implementation Agent Prompt","crash-to-durable-artifact latency;","See implementation ledger and architecture module map","evidence/; module tests; conformance/","HOST_UNIT_STATIC; applicable Android endpoint","NOT_STARTED",""
"ASN-L0831","ASSIGNMENT","IMPLEMENTATION_AGENT_PROMPT.md","line 831; section Tracebox Full-Implementation Agent Prompt","package throughput and working memory;","See implementation ledger and architecture module map","evidence/; module tests; conformance/","HOST_UNIT_STATIC; applicable Android endpoint","NOT_STARTED",""
"ASN-L0832","ASSIGNMENT","IMPLEMENTATION_AGENT_PROMPT.md","line 832; section Tracebox Full-Implementation Agent Prompt","native compressed size per ABI;","See implementation ledger and architecture module map","evidence/; module tests; conformance/","HOST_UNIT_STATIC; applicable Android endpoint","NOT_STARTED",""
"ASN-L0833","ASSIGNMENT","IMPLEMENTATION_AGENT_PROMPT.md","line 833; section Tracebox Full-Implementation Agent Prompt","battery/energy in foreground, background, idle, and crash-loop scenarios.","See implementation ledger and architecture module map","evidence/; module tests; conformance/","HOST_UNIT_STATIC; applicable Android endpoint","NOT_STARTED",""
"ASN-L0837","ASSIGNMENT","IMPLEMENTATION_AGENT_PROMPT.md","line 837; section Tracebox Full-Implementation Agent Prompt","Use the design's current budgets as thresholds until Phase 0 freezes measured certification thresholds. Measurements may justify a Proposed ADR, but the agent cannot relax an accepted threshold. Architectural invariants are never relaxable through measurement.","See implementation ledger and architecture module map","evidence/; module tests; conformance/","HOST_UNIT_STATIC; applicable Android endpoint","NOT_STARTED",""
"ASN-L0843","ASSIGNMENT","IMPLEMENTATION_AGENT_PROMPT.md","line 843; section Tracebox Full-Implementation Agent Prompt","Prefer correctness and explicit failure over fallback-shaped success.","See implementation ledger and architecture module map","evidence/; module tests; conformance/","HOST_UNIT_STATIC; applicable Android endpoint","NOT_STARTED",""
"ASN-L0844","ASSIGNMENT","IMPLEMENTATION_AGENT_PROMPT.md","line 844; section Tracebox Full-Implementation Agent Prompt","Use strict types and generated contracts.","See implementation ledger and architecture module map","evidence/; module tests; conformance/","HOST_UNIT_STATIC; applicable Android endpoint","NOT_STARTED",""
"ASN-L0845","ASSIGNMENT","IMPLEMENTATION_AGENT_PROMPT.md","line 845; section Tracebox Full-Implementation Agent Prompt","Do not use broad catches or silent early returns.","See implementation ledger and architecture module map","evidence/; module tests; conformance/","HOST_UNIT_STATIC; applicable Android endpoint","NOT_STARTED",""
"ASN-L0846","ASSIGNMENT","IMPLEMENTATION_AGENT_PROMPT.md","line 846; section Tracebox Full-Implementation Agent Prompt","Do not use arbitrary reflection in the runtime.","See implementation ledger and architecture module map","evidence/; module tests; conformance/","HOST_UNIT_STATIC; applicable Android endpoint","NOT_STARTED",""
"ASN-L0847","ASSIGNMENT","IMPLEMENTATION_AGENT_PROMPT.md","line 847; section Tracebox Full-Implementation Agent Prompt","Keep the crash path allocation-free and signal-safe where specified.","See implementation ledger and architecture module map","evidence/; module tests; conformance/","HOST_UNIT_STATIC; applicable Android endpoint","NOT_STARTED",""
"ASN-L0848","ASSIGNMENT","IMPLEMENTATION_AGENT_PROMPT.md","line 848; section Tracebox Full-Implementation Agent Prompt","Keep parsers bounded before allocation.","See implementation ledger and architecture module map","evidence/; module tests; conformance/","HOST_UNIT_STATIC; applicable Android endpoint","NOT_STARTED",""
"ASN-L0849","ASSIGNMENT","IMPLEMENTATION_AGENT_PROMPT.md","line 849; section Tracebox Full-Implementation Agent Prompt","Reuse shared schema/identity/format logic; do not duplicate contracts.","See implementation ledger and architecture module map","evidence/; module tests; conformance/","HOST_UNIT_STATIC; applicable Android endpoint","NOT_STARTED",""
"ASN-L0850","ASSIGNMENT","IMPLEMENTATION_AGENT_PROMPT.md","line 850; section Tracebox Full-Implementation Agent Prompt","Comments explain only non-obvious invariants.","See implementation ledger and architecture module map","evidence/; module tests; conformance/","HOST_UNIT_STATIC; applicable Android endpoint","NOT_STARTED",""
"ASN-L0851","ASSIGNMENT","IMPLEMENTATION_AGENT_PROMPT.md","line 851; section Tracebox Full-Implementation Agent Prompt","Document every public API and supported failure mode.","See implementation ledger and architecture module map","evidence/; module tests; conformance/","HOST_UNIT_STATIC; applicable Android endpoint","NOT_STARTED",""
"ASN-L0852","ASSIGNMENT","IMPLEMENTATION_AGENT_PROMPT.md","line 852; section Tracebox Full-Implementation Agent Prompt","Keep experimental modules isolated from foundation dependencies.","See implementation ledger and architecture module map","evidence/; module tests; conformance/","HOST_UNIT_STATIC; applicable Android endpoint","NOT_STARTED",""
"ASN-L0853","ASSIGNMENT","IMPLEMENTATION_AGENT_PROMPT.md","line 853; section Tracebox Full-Implementation Agent Prompt","Pin third-party source and preserve license/notice obligations.","See implementation ledger and architecture module map","evidence/; module tests; conformance/","HOST_UNIT_STATIC; applicable Android endpoint","NOT_STARTED",""
"ASN-L0861","ASSIGNMENT","IMPLEMENTATION_AGENT_PROMPT.md","line 861; section Tracebox Full-Implementation Agent Prompt","Run targeted tests, builds, static checks, fuzz smoke tests, and benchmarks.","See implementation ledger and architecture module map","evidence/; module tests; conformance/","HOST_FUZZ_SMOKE; nightly/certification duration per frozen protocol","NOT_STARTED",""
"ASN-L0862","ASSIGNMENT","IMPLEMENTATION_AGENT_PROMPT.md","line 862; section Tracebox Full-Implementation Agent Prompt","Create a coherent candidate commit for the completed dependency gate.","See implementation ledger and architecture module map","evidence/; module tests; conformance/","HOST_UNIT_STATIC; applicable Android endpoint","NOT_STARTED",""
"ASN-L0863","ASSIGNMENT","IMPLEMENTATION_AGENT_PROMPT.md","line 863; section Tracebox Full-Implementation Agent Prompt","Review that immutable commit SHA and its complete diff with GPT-5.6 Sol.","See implementation ledger and architecture module map","evidence/; module tests; conformance/","HOST_UNIT_STATIC; applicable Android endpoint","NOT_STARTED",""
"ASN-L0864","ASSIGNMENT","IMPLEMENTATION_AGENT_PROMPT.md","line 864; section Tracebox Full-Implementation Agent Prompt","Fix every blocker, critical, and major finding in additional commits; never amend reviewed history.","See implementation ledger and architecture module map","evidence/; module tests; conformance/","HOST_UNIT_STATIC; applicable Android endpoint","NOT_STARTED",""
"ASN-L0865","ASSIGNMENT","IMPLEMENTATION_AGENT_PROMPT.md","line 865; section Tracebox Full-Implementation Agent Prompt","Re-run verification.","See implementation ledger and architecture module map","evidence/; module tests; conformance/","HOST_UNIT_STATIC; applicable Android endpoint","NOT_STARTED",""
"ASN-L0866","ASSIGNMENT","IMPLEMENTATION_AGENT_PROMPT.md","line 866; section Tracebox Full-Implementation Agent Prompt","Review the new immutable HEAD until explicitly APPROVED.","See implementation ledger and architecture module map","evidence/; module tests; conformance/","HOST_UNIT_STATIC; applicable Android endpoint","NOT_STARTED",""
"ASN-L0867","ASSIGNMENT","IMPLEMENTATION_AGENT_PROMPT.md","line 867; section Tracebox Full-Implementation Agent Prompt","Preserve the external SHA-bound review artifact in session-persistent storage. Do not modify the reviewed commit or in-tree statuses merely to record approval.","See implementation ledger and architecture module map","evidence/; module tests; conformance/","HOST_UNIT_STATIC; applicable Android endpoint","NOT_STARTED",""
"ASN-L0869","ASSIGNMENT","IMPLEMENTATION_AGENT_PROMPT.md","line 869; section Tracebox Full-Implementation Agent Prompt","After three unsuccessful review/fix cycles, perform blocker analysis and report the repeated findings, but continue fixing and re-reviewing while a concrete safe fix remains. Stop only when the blocker-handling stop conditions apply or the user explicitly decides.","See implementation ledger and architecture module map","evidence/; module tests; conformance/","HOST_UNIT_STATIC; applicable Android endpoint","NOT_STARTED",""
"ASN-L0873","ASSIGNMENT","IMPLEMENTATION_AGENT_PROMPT.md","line 873; section Tracebox Full-Implementation Agent Prompt","run the full available test matrix;","See implementation ledger and architecture module map","evidence/; module tests; conformance/","HOST_UNIT_STATIC; applicable Android endpoint","NOT_STARTED",""
"ASN-L0874","ASSIGNMENT","IMPLEMENTATION_AGENT_PROMPT.md","line 874; section Tracebox Full-Implementation Agent Prompt","run all architecture/privacy/no-network fitness functions;","See implementation ledger and architecture module map","evidence/; module tests; conformance/","HOST_STATIC; API30_API37_RUNTIME; blocked-egress controls","NOT_STARTED",""
"ASN-L0875","ASSIGNMENT","IMPLEMENTATION_AGENT_PROMPT.md","line 875; section Tracebox Full-Implementation Agent Prompt","run release builds for every supported ABI;","See implementation ledger and architecture module map","evidence/; module tests; conformance/","HOST_UNIT_STATIC; applicable Android endpoint","NOT_STARTED",""
"ASN-L0876","ASSIGNMENT","IMPLEMENTATION_AGENT_PROMPT.md","line 876; section Tracebox Full-Implementation Agent Prompt","run CLI tests and parser fuzz smoke suites;","See implementation ledger and architecture module map","evidence/; module tests; conformance/","HOST_FUZZ_SMOKE; nightly/certification duration per frozen protocol","NOT_STARTED",""
"ASN-L0877","ASSIGNMENT","IMPLEMENTATION_AGENT_PROMPT.md","line 877; section Tracebox Full-Implementation Agent Prompt","verify generated artifacts are reproducible;","See implementation ledger and architecture module map","evidence/; module tests; conformance/","HOST_UNIT_STATIC; applicable Android endpoint","NOT_STARTED",""
"ASN-L0878","ASSIGNMENT","IMPLEMENTATION_AGENT_PROMPT.md","line 878; section Tracebox Full-Implementation Agent Prompt","verify documentation matches behavior;","See implementation ledger and architecture module map","evidence/; module tests; conformance/","HOST_UNIT_STATIC; applicable Android endpoint","NOT_STARTED",""
"ASN-L0879","ASSIGNMENT","IMPLEMENTATION_AGENT_PROMPT.md","line 879; section Tracebox Full-Implementation Agent Prompt","review the complete baseline-to-final-HEAD diff, final tree, generated artifacts, and certification evidence with GPT-5.6 Sol;","See implementation ledger and architecture module map","evidence/; module tests; conformance/","HOST_UNIT_STATIC; applicable Android endpoint","NOT_STARTED",""
"ASN-L0880","ASSIGNMENT","IMPLEMENTATION_AGENT_PROMPT.md","line 880; section Tracebox Full-Implementation Agent Prompt","obtain an explicit APPROVED verdict for that complete final scope.","See implementation ledger and architecture module map","evidence/; module tests; conformance/","HOST_UNIT_STATIC; applicable Android endpoint","NOT_STARTED",""
"ASN-L0881","ASSIGNMENT","IMPLEMENTATION_AGENT_PROMPT.md","line 881; section Tracebox Full-Implementation Agent Prompt","after final approval, do not modify code, repository documentation, generated artifacts, or other reviewed-tree content;","See implementation ledger and architecture module map","evidence/; module tests; conformance/","HOST_UNIT_STATIC; applicable Android endpoint","NOT_STARTED",""
"ASN-L0882","ASSIGNMENT","IMPLEMENTATION_AGENT_PROMPT.md","line 882; section Tracebox Full-Implementation Agent Prompt","store the final approval attestation outside the reviewed tree and reference it in the handoff.","See implementation ledger and architecture module map","evidence/; module tests; conformance/","HOST_UNIT_STATIC; applicable Android endpoint","NOT_STARTED",""
"ASN-L0884","ASSIGNMENT","IMPLEMENTATION_AGENT_PROMPT.md","line 884; section Tracebox Full-Implementation Agent Prompt","Do not merge.","See implementation ledger and architecture module map","evidence/; module tests; conformance/","HOST_UNIT_STATIC; applicable Android endpoint","NOT_STARTED",""
"ASN-L0890","ASSIGNMENT","IMPLEMENTATION_AGENT_PROMPT.md","line 890; section Tracebox Full-Implementation Agent Prompt","Do not stop at the first failed approach.","See implementation ledger and architecture module map","evidence/; module tests; conformance/","HOST_UNIT_STATIC; applicable Android endpoint","NOT_STARTED",""
"ASN-L0894","ASSIGNMENT","IMPLEMENTATION_AGENT_PROMPT.md","line 894; section Tracebox Full-Implementation Agent Prompt","Reproduce and preserve evidence.","See implementation ledger and architecture module map","evidence/; module tests; conformance/","HOST_UNIT_STATIC; applicable Android endpoint","NOT_STARTED",""
"ASN-L0895","ASSIGNMENT","IMPLEMENTATION_AGENT_PROMPT.md","line 895; section Tracebox Full-Implementation Agent Prompt","Identify whether the problem is implementation, platform, dependency, architecture, or environment.","See implementation ledger and architecture module map","evidence/; module tests; conformance/","HOST_UNIT_STATIC; applicable Android endpoint","NOT_STARTED",""
"ASN-L0896","ASSIGNMENT","IMPLEMENTATION_AGENT_PROMPT.md","line 896; section Tracebox Full-Implementation Agent Prompt","Try up to three materially different reasonable implementations.","See implementation ledger and architecture module map","evidence/; module tests; conformance/","HOST_UNIT_STATIC; applicable Android endpoint","NOT_STARTED",""
"ASN-L0897","ASSIGNMENT","IMPLEMENTATION_AGENT_PROMPT.md","line 897; section Tracebox Full-Implementation Agent Prompt","Reconcile actual system state before retrying side-effecting operations.","See implementation ledger and architecture module map","evidence/; module tests; conformance/","HOST_UNIT_STATIC; applicable Android endpoint","NOT_STARTED",""
"ASN-L0898","ASSIGNMENT","IMPLEMENTATION_AGENT_PROMPT.md","line 898; section Tracebox Full-Implementation Agent Prompt","Do not blindly retry after timeouts or ambiguous errors.","See implementation ledger and architecture module map","evidence/; module tests; conformance/","HOST_UNIT_STATIC; applicable Android endpoint","NOT_STARTED",""
"ASN-L0899","ASSIGNMENT","IMPLEMENTATION_AGENT_PROMPT.md","line 899; section Tracebox Full-Implementation Agent Prompt","Do not weaken mandatory requirements without a product decision.","See implementation ledger and architecture module map","evidence/; module tests; conformance/","HOST_UNIT_STATIC; applicable Android endpoint","NOT_STARTED",""
"ASN-L0900","ASSIGNMENT","IMPLEMENTATION_AGENT_PROMPT.md","line 900; section Tracebox Full-Implementation Agent Prompt","If external physical devices, OEM access, or independent cryptographic review are unavailable:","See implementation ledger and architecture module map","evidence/; module tests; conformance/","API30_API37_X86_64_AND_ALL_AVAILABLE_ARM64; page-size cells where available","NOT_STARTED",""
"ASN-L0901","ASSIGNMENT","IMPLEMENTATION_AGENT_PROMPT.md","line 901; section Tracebox Full-Implementation Agent Prompt","complete all code, harnesses, and automated gates possible;","See implementation ledger and architecture module map","evidence/; module tests; conformance/","HOST_UNIT_STATIC; applicable Android endpoint","NOT_STARTED",""
"ASN-L0902","ASSIGNMENT","IMPLEMENTATION_AGENT_PROMPT.md","line 902; section Tracebox Full-Implementation Agent Prompt","mark the unsupported certification item UNAVAILABLE_EXTERNAL;","See implementation ledger and architecture module map","evidence/; module tests; conformance/","HOST_UNIT_STATIC; applicable Android endpoint","NOT_STARTED",""
"ASN-L0903","ASSIGNMENT","IMPLEMENTATION_AGENT_PROMPT.md","line 903; section Tracebox Full-Implementation Agent Prompt","do not claim foundation certification or production crypto approval.","See implementation ledger and architecture module map","evidence/; module tests; conformance/","HOST_UNIT_STATIC; applicable Android endpoint","NOT_STARTED",""
"ASN-L0907","ASSIGNMENT","IMPLEMENTATION_AGENT_PROMPT.md","line 907; section Tracebox Full-Implementation Agent Prompt","the authoritative documents or intended repository base are missing or ambiguous;","See implementation ledger and architecture module map","evidence/; module tests; conformance/","HOST_UNIT_STATIC; applicable Android endpoint","NOT_STARTED",""
"ASN-L0908","ASSIGNMENT","IMPLEMENTATION_AGENT_PROMPT.md","line 908; section Tracebox Full-Implementation Agent Prompt","a mandatory feasibility gate fails after three materially different approaches;","See implementation ledger and architecture module map","evidence/; module tests; conformance/","HOST_UNIT_STATIC; applicable Android endpoint","NOT_STARTED",""
"ASN-L0909","ASSIGNMENT","IMPLEMENTATION_AGENT_PROMPT.md","line 909; section Tracebox Full-Implementation Agent Prompt","continuing requires weakening privacy, offline operation, hard bounds, Crashpad, live ANR, or evidence semantics;","See implementation ledger and architecture module map","evidence/; module tests; conformance/","HOST_UNIT_STATIC; applicable Android endpoint","NOT_STARTED",""
"ASN-L0910","ASSIGNMENT","IMPLEMENTATION_AGENT_PROMPT.md","line 910; section Tracebox Full-Implementation Agent Prompt","a change requires user acceptance under the ADR rules;","See implementation ledger and architecture module map","evidence/; module tests; conformance/","HOST_UNIT_STATIC; applicable Android endpoint","NOT_STARTED",""
"ASN-L0911","ASSIGNMENT","IMPLEMENTATION_AGENT_PROMPT.md","line 911; section Tracebox Full-Implementation Agent Prompt","a required dependency has unresolved license, provenance, verification, or security concerns;","See implementation ledger and architecture module map","evidence/; module tests; conformance/","HOST_UNIT_STATIC; applicable Android endpoint","NOT_STARTED",""
"ASN-L0912","ASSIGNMENT","IMPLEMENTATION_AGENT_PROMPT.md","line 912; section Tracebox Full-Implementation Agent Prompt","unrelated user changes cannot be safely isolated;","See implementation ledger and architecture module map","evidence/; module tests; conformance/","HOST_UNIT_STATIC; applicable Android endpoint","NOT_STARTED",""
"ASN-L0913","ASSIGNMENT","IMPLEMENTATION_AGENT_PROMPT.md","line 913; section Tracebox Full-Implementation Agent Prompt","benchmark or test infrastructure cannot produce trustworthy results;","See implementation ledger and architecture module map","evidence/; module tests; conformance/","HOST_UNIT_STATIC; applicable Android endpoint","NOT_STARTED",""
"ASN-L0914","ASSIGNMENT","IMPLEMENTATION_AGENT_PROMPT.md","line 914; section Tracebox Full-Implementation Agent Prompt","a review gate remains unapproved after blocker analysis and no concrete safe fix remains;","See implementation ledger and architecture module map","evidence/; module tests; conformance/","HOST_UNIT_STATIC; applicable Android endpoint","NOT_STARTED",""
"ASN-L0915","ASSIGNMENT","IMPLEMENTATION_AGENT_PROMPT.md","line 915; section Tracebox Full-Implementation Agent Prompt","repeated nondeterministic failures prevent a trustworthy pass/fail conclusion.","See implementation ledger and architecture module map","evidence/; module tests; conformance/","HOST_UNIT_STATIC; applicable Android endpoint","NOT_STARTED",""
"ASN-L0925","ASSIGNMENT","IMPLEMENTATION_AGENT_PROMPT.md","line 925; section Tracebox Full-Implementation Agent Prompt","FOUNDATION_CERTIFIED: implementation, automated qualification, required device/OEM matrix, and all external foundation certification are complete.","See implementation ledger and architecture module map","evidence/; module tests; conformance/","HOST_UNIT_STATIC; applicable Android endpoint","NOT_STARTED",""
"ASN-L0926","ASSIGNMENT","IMPLEMENTATION_AGENT_PROMPT.md","line 926; section Tracebox Full-Implementation Agent Prompt","IMPLEMENTATION_COMPLETE_CERTIFICATION_BLOCKED: implementation and all available automated qualification are complete, but one or more named external certification lanes are UNAVAILABLE_EXTERNAL.","See implementation ledger and architecture module map","evidence/; module tests; conformance/","HOST_UNIT_STATIC; applicable Android endpoint","NOT_STARTED",""
"ASN-L0927","ASSIGNMENT","IMPLEMENTATION_AGENT_PROMPT.md","line 927; section Tracebox Full-Implementation Agent Prompt","PRODUCT_DECISION_BLOCKED: dependent work cannot proceed without an explicit user decision.","See implementation ledger and architecture module map","evidence/; module tests; conformance/","HOST_UNIT_STATIC; applicable Android endpoint","NOT_STARTED",""
"ASN-L0928","ASSIGNMENT","IMPLEMENTATION_AGENT_PROMPT.md","line 928; section Tracebox Full-Implementation Agent Prompt","INCOMPLETE: mandatory implementation or an available required certification lane remains failing after the required investigation and retry process, or the user explicitly stops the work.","See implementation ledger and architecture module map","evidence/; module tests; conformance/","HOST_UNIT_STATIC; applicable Android endpoint","NOT_STARTED",""
"ASN-L0936","ASSIGNMENT","IMPLEMENTATION_AGENT_PROMPT.md","line 936; section Tracebox Full-Implementation Agent Prompt","PASS: executed successfully with complete evidence;","See implementation ledger and architecture module map","evidence/; module tests; conformance/","HOST_UNIT_STATIC; applicable Android endpoint","NOT_STARTED",""
"ASN-L0937","ASSIGNMENT","IMPLEMENTATION_AGENT_PROMPT.md","line 937; section Tracebox Full-Implementation Agent Prompt","FAIL: executed on available infrastructure and failed;","See implementation ledger and architecture module map","evidence/; module tests; conformance/","HOST_UNIT_STATIC; applicable Android endpoint","NOT_STARTED",""
"ASN-L0938","ASSIGNMENT","IMPLEMENTATION_AGENT_PROMPT.md","line 938; section Tracebox Full-Implementation Agent Prompt","UNAVAILABLE_EXTERNAL: cannot execute because specifically named hardware, OEM access, or independent external reviewer is unavailable.","See implementation ledger and architecture module map","evidence/; module tests; conformance/","HOST_UNIT_STATIC; applicable Android endpoint","NOT_STARTED",""
"ASN-L0944","ASSIGNMENT","IMPLEMENTATION_AGENT_PROMPT.md","line 944; section Tracebox Full-Implementation Agent Prompt","all foundation work packages are implemented, not stubbed;","See implementation ledger and architecture module map","evidence/; module tests; conformance/","HOST_UNIT_STATIC; applicable Android endpoint","NOT_STARTED",""
"ASN-L0945","ASSIGNMENT","IMPLEMENTATION_AGENT_PROMPT.md","line 945; section Tracebox Full-Implementation Agent Prompt","Crashpad separate-process capture passes the declared supported matrix;","See implementation ledger and architecture module map","evidence/; module tests; conformance/","HOST_UNIT_STATIC; applicable Android endpoint","NOT_STARTED",""
"ASN-L0946","ASSIGNMENT","IMPLEMENTATION_AGENT_PROMPT.md","line 946; section Tracebox Full-Implementation Agent Prompt","emergency fallback works when Crashpad does not;","See implementation ledger and architecture module map","evidence/; module tests; conformance/","HOST_UNIT_STATIC; applicable Android endpoint","NOT_STARTED",""
"ASN-L0947","ASSIGNMENT","IMPLEMENTATION_AGENT_PROMPT.md","line 947; section Tracebox Full-Implementation Agent Prompt","JVM and Rust fault paths are complete;","See implementation ledger and architecture module map","evidence/; module tests; conformance/","HOST_UNIT_STATIC; applicable Android endpoint","NOT_STARTED",""
"ASN-L0948","ASSIGNMENT","IMPLEMENTATION_AGENT_PROMPT.md","line 948; section Tracebox Full-Implementation Agent Prompt","live ANR monitoring meets overhead and false-positive gates;","See implementation ledger and architecture module map","evidence/; module tests; conformance/","HOST_UNIT_STATIC; applicable Android endpoint","NOT_STARTED",""
"ASN-L0949","ASSIGNMENT","IMPLEMENTATION_AGENT_PROMPT.md","line 949; section Tracebox Full-Implementation Agent Prompt","ApplicationExitInfo reconciliation is idempotent and policy-safe;","See implementation ledger and architecture module map","evidence/; module tests; conformance/","HOST_UNIT_STATIC; applicable Android endpoint","NOT_STARTED",""
"ASN-L0950","ASSIGNMENT","IMPLEMENTATION_AGENT_PROMPT.md","line 950; section Tracebox Full-Implementation Agent Prompt","privacy, identity, quota, deletion, and policy barriers pass fault injection;","See implementation ledger and architecture module map","evidence/; module tests; conformance/","HOST_UNIT_STATIC; applicable Android endpoint","NOT_STARTED",""
"ASN-L0951","ASSIGNMENT","IMPLEMENTATION_AGENT_PROMPT.md","line 951; section Tracebox Full-Implementation Agent Prompt",".tbdiag preview bytes equal approved package bytes;","See implementation ledger and architecture module map","evidence/; module tests; conformance/","HOST_UNIT_STATIC; applicable Android endpoint","NOT_STARTED",""
"ASN-L0952","ASSIGNMENT","IMPLEMENTATION_AGENT_PROMPT.md","line 952; section Tracebox Full-Implementation Agent Prompt","raw artifacts cannot enter Standard packages;","See implementation ledger and architecture module map","evidence/; module tests; conformance/","HOST_UNIT_STATIC; applicable Android endpoint","NOT_STARTED",""
"ASN-L0953","ASSIGNMENT","IMPLEMENTATION_AGENT_PROMPT.md","line 953; section Tracebox Full-Implementation Agent Prompt","the Tracebox-owned approval flow is enforced;","See implementation ledger and architecture module map","evidence/; module tests; conformance/","HOST_UNIT_STATIC; applicable Android endpoint","NOT_STARTED",""
"ASN-L0954","ASSIGNMENT","IMPLEMENTATION_AGENT_PROMPT.md","line 954; section Tracebox Full-Implementation Agent Prompt","offline validation/retrace/symbolication work with exact artifact matching;","See implementation ledger and architecture module map","evidence/; module tests; conformance/","HOST_UNIT_STATIC; applicable Android endpoint","NOT_STARTED",""
"ASN-L0955","ASSIGNMENT","IMPLEMENTATION_AGENT_PROMPT.md","line 955; section Tracebox Full-Implementation Agent Prompt","all no-network gates pass;","See implementation ledger and architecture module map","evidence/; module tests; conformance/","HOST_STATIC; API30_API37_RUNTIME; blocked-egress controls","NOT_STARTED",""
"ASN-L0956","ASSIGNMENT","IMPLEMENTATION_AGENT_PROMPT.md","line 956; section Tracebox Full-Implementation Agent Prompt","performance measurements are recorded;","See implementation ledger and architecture module map","evidence/; module tests; conformance/","HOST_UNIT_STATIC; applicable Android endpoint","NOT_STARTED",""
"ASN-L0957","ASSIGNMENT","IMPLEMENTATION_AGENT_PROMPT.md","line 957; section Tracebox Full-Implementation Agent Prompt","every applicable frozen performance and resource threshold passes with recorded evidence;","See implementation ledger and architecture module map","evidence/; module tests; conformance/","HOST_UNIT_STATIC; applicable Android endpoint","NOT_STARTED",""
"ASN-L0958","ASSIGNMENT","IMPLEMENTATION_AGENT_PROMPT.md","line 958; section Tracebox Full-Implementation Agent Prompt","all required documentation and ADRs are current;","See implementation ledger and architecture module map","evidence/; module tests; conformance/","HOST_UNIT_STATIC; applicable Android endpoint","NOT_STARTED",""
"ASN-L0959","ASSIGNMENT","IMPLEMENTATION_AGENT_PROMPT.md","line 959; section Tracebox Full-Implementation Agent Prompt","the final review result is APPROVED;","See implementation ledger and architecture module map","evidence/; module tests; conformance/","HOST_UNIT_STATIC; applicable Android endpoint","NOT_STARTED",""
"ASN-L0960","ASSIGNMENT","IMPLEMENTATION_AGENT_PROMPT.md","line 960; section Tracebox Full-Implementation Agent Prompt","the branch is clean and ready for human review.","See implementation ledger and architecture module map","evidence/; module tests; conformance/","HOST_UNIT_STATIC; applicable Android endpoint","NOT_STARTED",""
"ASN-L0966","ASSIGNMENT","IMPLEMENTATION_AGENT_PROMPT.md","line 966; section Tracebox Full-Implementation Agent Prompt","implementation complete;","See implementation ledger and architecture module map","evidence/; module tests; conformance/","HOST_UNIT_STATIC; applicable Android endpoint","NOT_STARTED",""
"ASN-L0967","ASSIGNMENT","IMPLEMENTATION_AGENT_PROMPT.md","line 967; section Tracebox Full-Implementation Agent Prompt","automated verification complete;","See implementation ledger and architecture module map","evidence/; module tests; conformance/","HOST_UNIT_STATIC; applicable Android endpoint","NOT_STARTED",""
"ASN-L0968","ASSIGNMENT","IMPLEMENTATION_AGENT_PROMPT.md","line 968; section Tracebox Full-Implementation Agent Prompt","external certification blocked.","See implementation ledger and architecture module map","evidence/; module tests; conformance/","HOST_UNIT_STATIC; applicable Android endpoint","NOT_STARTED",""
"ASN-L0970","ASSIGNMENT","IMPLEMENTATION_AGENT_PROMPT.md","line 970; section Tracebox Full-Implementation Agent Prompt","Never label the whole assignment complete while a mandatory implementation requirement remains missing.","See implementation ledger and architecture module map","evidence/; module tests; conformance/","HOST_UNIT_STATIC; applicable Android endpoint","NOT_STARTED",""
"ASN-L0980","ASSIGNMENT","IMPLEMENTATION_AGENT_PROMPT.md","line 980; section Tracebox Full-Implementation Agent Prompt","Implemented capabilities.","See implementation ledger and architecture module map","evidence/; module tests; conformance/","HOST_UNIT_STATIC; applicable Android endpoint","NOT_STARTED",""
"ASN-L0981","ASSIGNMENT","IMPLEMENTATION_AGENT_PROMPT.md","line 981; section Tracebox Full-Implementation Agent Prompt","Repository branch/worktree and commit list.","See implementation ledger and architecture module map","evidence/; module tests; conformance/","HOST_UNIT_STATIC; applicable Android endpoint","NOT_STARTED",""
"ASN-L0982","ASSIGNMENT","IMPLEMENTATION_AGENT_PROMPT.md","line 982; section Tracebox Full-Implementation Agent Prompt","Module and artifact inventory.","See implementation ledger and architecture module map","evidence/; module tests; conformance/","HOST_UNIT_STATIC; applicable Android endpoint","NOT_STARTED",""
"ASN-L0983","ASSIGNMENT","IMPLEMENTATION_AGENT_PROMPT.md","line 983; section Tracebox Full-Implementation Agent Prompt","Test/build/fuzz/benchmark results.","See implementation ledger and architecture module map","evidence/; module tests; conformance/","HOST_FUZZ_SMOKE; nightly/certification duration per frozen protocol","NOT_STARTED",""
"ASN-L0984","ASSIGNMENT","IMPLEMENTATION_AGENT_PROMPT.md","line 984; section Tracebox Full-Implementation Agent Prompt","Supported API/ABI/device matrix actually verified.","See implementation ledger and architecture module map","evidence/; module tests; conformance/","HOST_UNIT_STATIC; applicable Android endpoint","NOT_STARTED",""
"ASN-L0985","ASSIGNMENT","IMPLEMENTATION_AGENT_PROMPT.md","line 985; section Tracebox Full-Implementation Agent Prompt","Resource measurements.","See implementation ledger and architecture module map","evidence/; module tests; conformance/","HOST_UNIT_STATIC; applicable Android endpoint","NOT_STARTED",""
"ASN-L0986","ASSIGNMENT","IMPLEMENTATION_AGENT_PROMPT.md","line 986; section Tracebox Full-Implementation Agent Prompt","Privacy and no-network evidence.","See implementation ledger and architecture module map","evidence/; module tests; conformance/","HOST_STATIC; API30_API37_RUNTIME; blocked-egress controls","NOT_STARTED",""
"ASN-L0987","ASSIGNMENT","IMPLEMENTATION_AGENT_PROMPT.md","line 987; section Tracebox Full-Implementation Agent Prompt","Review history, immutable reviewed commit SHAs, and final approval state.","See implementation ledger and architecture module map","evidence/; module tests; conformance/","HOST_UNIT_STATIC; applicable Android endpoint","NOT_STARTED",""
"ASN-L0988","ASSIGNMENT","IMPLEMENTATION_AGENT_PROMPT.md","line 988; section Tracebox Full-Implementation Agent Prompt","Remaining externally blocked certification items.","See implementation ledger and architecture module map","evidence/; module tests; conformance/","HOST_UNIT_STATIC; applicable Android endpoint","NOT_STARTED",""
"ASN-L0989","ASSIGNMENT","IMPLEMENTATION_AGENT_PROMPT.md","line 989; section Tracebox Full-Implementation Agent Prompt","Any Proposed ADRs or deliberate deviations awaiting user acceptance, with reasons.","See implementation ledger and architecture module map","evidence/; module tests; conformance/","HOST_UNIT_STATIC; applicable Android endpoint","NOT_STARTED",""
"ASN-L0991","ASSIGNMENT","IMPLEMENTATION_AGENT_PROMPT.md","line 991; section Tracebox Full-Implementation Agent Prompt","Do not provide a generic recap. Provide evidence and exact paths/commands.","See implementation ledger and architecture module map","evidence/; module tests; conformance/","HOST_UNIT_STATIC; applicable Android endpoint","NOT_STARTED",""
"PLAN-L0012","PLAN","docs\implementation-plan.md","line 12; section 1. Delivery strategy","**S:** localized, low uncertainty;","See implementation ledger and architecture module map","evidence/; module tests; conformance/","HOST_UNIT_STATIC; applicable Android endpoint","NOT_STARTED",""
"PLAN-L0013","PLAN","docs\implementation-plan.md","line 13; section 1. Delivery strategy","**M:** multiple components or meaningful testing;","See implementation ledger and architecture module map","evidence/; module tests; conformance/","HOST_UNIT_STATIC; applicable Android endpoint","NOT_STARTED",""
"PLAN-L0014","PLAN","docs\implementation-plan.md","line 14; section 1. Delivery strategy","**L:** cross-module or native/platform complexity;","See implementation ledger and architecture module map","evidence/; module tests; conformance/","HOST_UNIT_STATIC; applicable Android endpoint","NOT_STARTED",""
"PLAN-L0015","PLAN","docs\implementation-plan.md","line 15; section 1. Delivery strategy","**XL:** major uncertainty, security exposure, or certification burden.","See implementation ledger and architecture module map","evidence/; module tests; conformance/","HOST_UNIT_STATIC; applicable Android endpoint","NOT_STARTED",""
"PLAN-L0036","PLAN","docs\implementation-plan.md","line 36; section Phase 0: Decisions and feasibility","F0.1 | Freeze terminology and invariants | — | Threat model, privacy classes, evidence grades, readiness states approved | Block coding | S","See implementation ledger and architecture module map","evidence/; module tests; conformance/","HOST_UNIT_STATIC; applicable Android endpoint","IN_PROGRESS",""
"PLAN-L0037","PLAN","docs\implementation-plan.md","line 37; section Phase 0: Decisions and feasibility","F0.2 | Pin toolchains and dependencies | F0.1 | Gradle, AGP, Kotlin, JDK, NDK, CMake, Rust, Crashpad revisions locked and verified | Reviewed lock update only | M","See implementation ledger and architecture module map","evidence/; module tests; conformance/","HOST_UNIT_STATIC; applicable Android endpoint","NOT_STARTED",""
"PLAN-L0038","PLAN","docs\implementation-plan.md","line 38; section Phase 0: Decisions and feasibility","F0.3 | Crashpad privacy spike | F0.1-F0.2 | Raw stream inventory, structural-summary prototype, seeded-secret results | Revise raw-artifact policy | XL","See implementation ledger and architecture module map","evidence/; module tests; conformance/","HOST_UNIT_STATIC; applicable Android endpoint","NOT_STARTED",""
"PLAN-L0039","PLAN","docs\implementation-plan.md","line 39; section Phase 0: Decisions and feasibility","F0.4 | Android handler spike | F0.2 | Multi-client handler works on API 30/37, 4/16 KiB, restart/death behavior measured | Block foundation; narrowing requires a superseding ADR | XL","See implementation ledger and architecture module map","evidence/; module tests; conformance/","API30_API37_X86_64_AND_ALL_AVAILABLE_ARM64; page-size cells where available","NOT_STARTED",""
"PLAN-L0040","PLAN","docs\implementation-plan.md","line 40; section Phase 0: Decisions and feasibility","F0.5 | Emergency fallback spike | F0.2 | Fixed signal record survives startup/IPC failure and stack overflow on registered threads; unregistered behavior documented | Re-raise without capture | L","See implementation ledger and architecture module map","evidence/; module tests; conformance/","HOST_UNIT_STATIC; applicable Android endpoint","NOT_STARTED",""
"PLAN-L0041","PLAN","docs\implementation-plan.md","line 41; section Phase 0: Decisions and feasibility","F0.6 | Live ANR spike | F0.3-F0.4 | Healthy overhead, candidate capture, nonfatal request, lifecycle adaptation, maximum target pause, timeout/cancellation, and raw-artifact size measured | Local-only candidate plus exit reconciliation | L","See implementation ledger and architecture module map","evidence/; module tests; conformance/","HOST_UNIT_STATIC; applicable Android endpoint","NOT_STARTED",""
"PLAN-L0042","PLAN","docs\implementation-plan.md","line 42; section Phase 0: Decisions and feasibility","F0.7 | Baseline artifact and PSS measurement | F0.3-F0.6 | Per-ABI size, handler PSS/CPU/wakeups, app overhead recorded | Update provisional budgets by ADR | M","See implementation ledger and architecture module map","evidence/; module tests; conformance/","HOST_UNIT_STATIC; applicable Android endpoint","NOT_STARTED",""
"PLAN-L0044","PLAN","docs\implementation-plan.md","line 44; section Phase 0: Decisions and feasibility","**Phase gate:** Crashpad and ANR feasibility must pass before foundation API commitments are finalized.","See implementation ledger and architecture module map","evidence/; module tests; conformance/","HOST_UNIT_STATIC; applicable Android endpoint","NOT_STARTED",""
"PLAN-L0050","PLAN","docs\implementation-plan.md","line 50; section Phase 1: Contracts and generation","C1.1 | Formal privacy/event schema | F0.1, F0.3 | Stable IDs, bounds, C0/C1/C2, Prohibited, evolution rules | L","See implementation ledger and architecture module map","evidence/; module tests; conformance/","HOST_UNIT_STATIC; applicable Android endpoint","NOT_STARTED",""
"PLAN-L0051","PLAN","docs\implementation-plan.md","line 51; section Phase 1: Contracts and generation","C1.2 | Schema model and compiler | C1.1 | Kotlin/C/C++/Rust/protobuf/docs generation and golden tests | XL","See implementation ledger and architecture module map","evidence/; module tests; conformance/","HOST_UNIT_STATIC; applicable Android endpoint","NOT_STARTED",""
"PLAN-L0052","PLAN","docs\implementation-plan.md","line 52; section Phase 1: Contracts and generation","C1.3 | Kotlin public API | C1.2 | Generated-only recording surface; no generic maps/strings | M","See implementation ledger and architecture module map","evidence/; module tests; conformance/","HOST_UNIT_STATIC; applicable Android endpoint","NOT_STARTED",""
"PLAN-L0053","PLAN","docs\implementation-plan.md","line 53; section Phase 1: Contracts and generation","C1.4 | Versioned C ABI | C1.2 | Size-prefixed structs and compatibility tests | M","See implementation ledger and architecture module map","evidence/; module tests; conformance/","HOST_UNIT_STATIC; applicable Android endpoint","NOT_STARTED",""
"PLAN-L0054","PLAN","docs\implementation-plan.md","line 54; section Phase 1: Contracts and generation","C1.5 | Rust bindings/wrapper | C1.4 | Generated `-sys`, safe wrapper, boundary panic containment | M","See implementation ledger and architecture module map","evidence/; module tests; conformance/","HOST_UNIT_STATIC; applicable Android endpoint","NOT_STARTED",""
"PLAN-L0055","PLAN","docs\implementation-plan.md","line 55; section Phase 1: Contracts and generation","C1.6 | Identity and build contract | F0.2, C1.2 | Internal identity table including boot session and OS correlation token; persist-before-use/export replacement rules; schema/build/R8/ELF catalog | M","See implementation ledger and architecture module map","evidence/; module tests; conformance/","HOST_UNIT_STATIC; applicable Android endpoint","NOT_STARTED",""
"PLAN-L0061","PLAN","docs\implementation-plan.md","line 61; section Phase 2: Runtime and persistence","R2.1 | Lifecycle/readiness runtime | C1.3 | Explicit install, provider fallback, four readiness states | M","See implementation ledger and architecture module map","evidence/; module tests; conformance/","HOST_UNIT_STATIC; applicable Android endpoint","NOT_STARTED",""
"PLAN-L0062","PLAN","docs\implementation-plan.md","line 62; section Phase 2: Runtime and persistence","R2.2 | Policy epoch protocol and local gate | F0.4, C1.1, R2.1 | Epoch-tagged records, enqueue/append revalidation, stale-writer rejection, queue-barrier protocol | L","See implementation ledger and architecture module map","evidence/; module tests; conformance/","HOST_UNIT_STATIC; applicable Android endpoint","NOT_STARTED",""
"PLAN-L0063","PLAN","docs\implementation-plan.md","line 63; section Phase 2: Runtime and persistence","R2.3 | Bounded queues, barrier, and health codes | R2.2 | Fixed capacity, priority drops, disallowed queued-record purge before acknowledgement, recursion-free counters | M","See implementation ledger and architecture module map","evidence/; module tests; conformance/","HOST_UNIT_STATIC; applicable Android endpoint","NOT_STARTED",""
"PLAN-L0064","PLAN","docs\implementation-plan.md","line 64; section Phase 2: Runtime and persistence","R2.4 | Segment framing/recovery | C1.2, C1.6 | Valid-prefix recovery and immutable sealing | L","See implementation ledger and architecture module map","evidence/; module tests; conformance/","HOST_UNIT_STATIC; applicable Android endpoint","NOT_STARTED",""
"PLAN-L0065","PLAN","docs\implementation-plan.md","line 65; section Phase 2: Runtime and persistence","R2.5 | Role and UID-wide quotas/retention | R2.4 | Hard total bound covers data, summary staging, journals, indexes, atomic temp files, file-count limits, and reserved one-segment compaction workspace | L","See implementation ledger and architecture module map","evidence/; module tests; conformance/","HOST_UNIT_STATIC; applicable Android endpoint","NOT_STARTED",""
"PLAN-L0066","PLAN","docs\implementation-plan.md","line 66; section Phase 2: Runtime and persistence","R2.6 | Lazy metadata summaries/index | R2.4-R2.5 | Package planning works without DB; index rebuild proven | M","See implementation ledger and architecture module map","evidence/; module tests; conformance/","HOST_UNIT_STATIC; applicable Android endpoint","NOT_STARTED",""
"PLAN-L0067","PLAN","docs\implementation-plan.md","line 67; section Phase 2: Runtime and persistence","R2.7 | Direct Boot C0 module | C1.1, R2.2, R2.4 | C1/C2 rejected; two-phase pending/active DE deny mirror survives crashes, reboot, unlock, and delayed loosening | M","See implementation ledger and architecture module map","evidence/; module tests; conformance/","HOST_UNIT_STATIC; applicable Android endpoint","NOT_STARTED",""
"PLAN-L0068","PLAN","docs\implementation-plan.md","line 68; section Phase 2: Runtime and persistence","R2.8 | Crash-recoverable deletion engine | R2.2-R2.7 | Deletion journal, quiesce/invalidate/delete states, mixed-segment policy, pending-failure recovery | L","See implementation ledger and architecture module map","evidence/; module tests; conformance/","HOST_UNIT_STATIC; applicable Android endpoint","NOT_STARTED",""
"PLAN-L0074","PLAN","docs\implementation-plan.md","line 74; section Phase 3: Failure capture","X3.1 | Handler service and IPC | F0.4, C1.4, R2.1 | One handler, bounded requests, death notification, no polling | XL","See implementation ledger and architecture module map","evidence/; module tests; conformance/","HOST_UNIT_STATIC; applicable Android endpoint","IN_PROGRESS",""
"PLAN-L0075","PLAN","docs\implementation-plan.md","line 75; section Phase 3: Failure capture","X3.2 | Production global policy coordinator | R2.2-R2.3, R2.8, X3.1 | Control page, census/leases, fail-closed death, transition-fenced registration, client/token barriers, global deletion orchestration, partial-failure reporting | L","See implementation ledger and architecture module map","evidence/; module tests; conformance/","HOST_UNIT_STATIC; applicable Android endpoint","IN_PROGRESS",""
"PLAN-L0076","PLAN","docs\implementation-plan.md","line 76; section Phase 3: Failure capture","X3.3 | Capture-only Crashpad integration | F0.3, C1.1, C1.6, R2.5, R2.8, X3.1-X3.2 | Handler-generated pre-capture journal binds artifact ID, origin process/role, and epoch; unverifiable Tracebox orphans deleted; uploader removed; lifecycle/quota/TTL/cleanup | XL","android/tracebox-storage/FailureCaptureStore.kt; android/tracebox-storage/SegmentStore.kt","evidence/phase3/host-incremental-failure-capture.json; android/tracebox-storage tests","HOST_UNIT_STATIC; API30_API37_RUNTIME; blocked-egress controls","IN_PROGRESS",""
"PLAN-L0077","PLAN","docs\implementation-plan.md","line 77; section Phase 3: Failure capture","X3.4 | Structural summary derivation and spool | X3.3, C1.2, C1.6, R2.5, R2.8 | Canonical ID-free body staged/digested; envelope preserves origin process/role; upgrade-safe replay, epoch barrier, crash-safe import/retirement, bounded compaction | L","See implementation ledger and architecture module map","evidence/; module tests; conformance/","HOST_UNIT_STATIC; applicable Android endpoint","IN_PROGRESS",""
"PLAN-L0078","PLAN","docs\implementation-plan.md","line 78; section Phase 3: Failure capture","X3.5 | Emergency writer production path | F0.5, R2.5 | Async-signal-safe audit and full fault corpus | L","See implementation ledger and architecture module map","evidence/; module tests; conformance/","HOST_UNIT_STATIC; applicable Android endpoint","IN_PROGRESS",""
"PLAN-L0079","PLAN","docs\implementation-plan.md","line 79; section Phase 3: Failure capture","X3.6 | Crash dispatch/coexistence state machine | X3.3-X3.5 | Exactly one valid primary/fallback result; explicit conflict mode | L","android/tracebox-core/HandlerCoordination.kt","evidence/phase3/review-fix-host-validation.json; android/tracebox-core tests","HOST_UNIT_STATIC; applicable Android endpoint","IN_PROGRESS",""
"PLAN-L0080","PLAN","docs\implementation-plan.md","line 80; section Phase 3: Failure capture","X3.7 | JVM uncaught exception capture | C1.2, R2.5 | Bounded stacks, no message by default, exact handler chaining | M","See implementation ledger and architecture module map","evidence/; module tests; conformance/","HOST_UNIT_STATIC; applicable Android endpoint","IN_PROGRESS",""
"PLAN-L0081","PLAN","docs\implementation-plan.md","line 81; section Phase 3: Failure capture","X3.8 | Rust panic/fault integration | C1.5, X3.6 | Result, unwind, abort, JNI/C boundary tests | M","See implementation ledger and architecture module map","evidence/phase3/review-fix-host-validation.json; cargo workspace tests","HOST_UNIT_STATIC; applicable Android endpoint","IN_PROGRESS",""
"PLAN-L0082","PLAN","docs\implementation-plan.md","line 82; section Phase 3: Failure capture","X3.9 | Live ANR watchdog | F0.6, X3.3, R2.1, R2.5 | Adaptive heartbeat, suppression, bounded candidate capture, on-demand raw snapshot lifecycle, target-pause and timeout gates | L","android/tracebox-anr-exit/AnrWatchdog.kt; android/tracebox-anr-exit/AnrStateMachine.kt","evidence/phase3/review-fix-host-validation.json; android/tracebox-anr-exit tests","HOST_UNIT_STATIC; applicable Android endpoint","IN_PROGRESS",""
"PLAN-L0083","PLAN","docs\implementation-plan.md","line 83; section Phase 3: Failure capture","X3.10 | Exit reconciliation | C1.6, R2.4-R2.5, R2.8, X3.6-X3.9 | Capture-time policy token gates raw import; full rescans use installation-lifetime exact source tombstones and crash-safe import; tombstone exhaustion disables raw import rather than evicting | L","android/tracebox-anr-exit/ExitReconciliation.kt","evidence/phase3/review-fix-host-validation.json; android/tracebox-anr-exit tests","HOST_UNIT_STATIC; applicable Android endpoint","IN_PROGRESS",""
"PLAN-L0091","PLAN","docs\implementation-plan.md","line 91; section Phase 4: Package and user workflow","P4.1 | Snapshot selection and transformation | X3.2, R2.4-R2.5, R2.8, X3.10 | Freeze cutoffs/policy, strip internal identities, reject raw artifacts matching known ID encodings, assign package-local IDs, transform/redact, enforce staging quota, materialize entry blobs | XL","android/tracebox-export/; android/tracebox-export-ui/; rust/tbdiag-format/","evidence/; module tests; conformance/","HOST_UNIT_STATIC; applicable Android endpoint","NOT_STARTED",""
"PLAN-L0092","PLAN","docs\implementation-plan.md","line 92; section Phase 4: Package and user workflow","P4.2 | Deterministic CBOR manifest | P4.1 | Manifest derived from exact entry blobs; cross-language canonical golden vectors | L","android/tracebox-export/; android/tracebox-export-ui/; rust/tbdiag-format/","evidence/; module tests; conformance/","HOST_UNIT_STATIC; applicable Android endpoint","NOT_STARTED",""
"PLAN-L0093","PLAN","docs\implementation-plan.md","line 93; section Phase 4: Package and user workflow","P4.3 | Constrained deterministic ZIP materialization | P4.1-P4.2 | Final plaintext `.tbdiag` bytes and digest; all v1 bounds and malicious corpus pass | L","android/tracebox-export/; android/tracebox-export-ui/; rust/tbdiag-format/","evidence/; module tests; conformance/","HOST_FUZZ_SMOKE; nightly/certification duration per frozen protocol","NOT_STARTED",""
"PLAN-L0094","PLAN","docs\implementation-plan.md","line 94; section Phase 4: Package and user workflow","P4.4 | Disclosure UI and approval | P4.3 | Tracebox-owned activity decodes exact package and creates opaque digest-bound approval | L","android/tracebox-export/; android/tracebox-export-ui/; rust/tbdiag-format/","evidence/; module tests; conformance/","HOST_UNIT_STATIC; applicable Android endpoint","NOT_STARTED",""
"PLAN-L0095","PLAN","docs\implementation-plan.md","line 95; section Phase 4: Package and user workflow","P4.5 | FileProvider and Sharesheet | P4.4 | Narrow read-only grant; chooser and observable handoff states recorded | M","android/tracebox-export/; android/tracebox-export-ui/; rust/tbdiag-format/","evidence/; module tests; conformance/","HOST_UNIT_STATIC; applicable Android endpoint","NOT_STARTED",""
"PLAN-L0096","PLAN","docs\implementation-plan.md","line 96; section Phase 4: Package and user workflow","P4.6 | SAF save | P4.4 | Internal finalization, cancellable background copy, partial warning | M","android/tracebox-export/; android/tracebox-export-ui/; rust/tbdiag-format/","evidence/; module tests; conformance/","HOST_UNIT_STATIC; applicable Android endpoint","NOT_STARTED",""
"PLAN-L0097","PLAN","docs\implementation-plan.md","line 97; section Phase 4: Package and user workflow","P4.7 | Final receipt integration | P4.5-P4.6 | Accurate generation, save, handoff, cancellation, and unknown-delivery outcomes | M","android/tracebox-export/; android/tracebox-export-ui/; rust/tbdiag-format/","evidence/; module tests; conformance/","HOST_UNIT_STATIC; applicable Android endpoint","NOT_STARTED",""
"PLAN-L0103","PLAN","docs\implementation-plan.md","line 103; section Phase 5: Tooling and certification","T5.1 | Bounded Rust parser/validator | P4.2-P4.3 | Fuzzed streaming parser and malicious corpus | XL","See implementation ledger and architecture module map","evidence/; module tests; conformance/","HOST_FUZZ_SMOKE; nightly/certification duration per frozen protocol","NOT_STARTED",""
"PLAN-L0104","PLAN","docs\implementation-plan.md","line 104; section Phase 5: Tooling and certification","T5.2 | Gradle build/symbol plugin | C1.6 | R8, ELF, schema, provenance, manifest and dependency checks | XL","See implementation ledger and architecture module map","evidence/; module tests; conformance/","HOST_UNIT_STATIC; applicable Android endpoint","NOT_STARTED",""
"PLAN-L0105","PLAN","docs\implementation-plan.md","line 105; section Phase 5: Tooling and certification","T5.3 | Offline retrace/symbolication | T5.1-T5.2 | Exact identity matching; mixed Rust/C++ stacks | L","See implementation ledger and architecture module map","evidence/; module tests; conformance/","HOST_UNIT_STATIC; applicable Android endpoint","NOT_STARTED",""
"PLAN-L0106","PLAN","docs\implementation-plan.md","line 106; section Phase 5: Tooling and certification","T5.4 | No-network conformance | All foundation modules | Static, manifest, native and runtime proof | L","See implementation ledger and architecture module map","evidence/; module tests; conformance/","HOST_STATIC; API30_API37_RUNTIME; blocked-egress controls","NOT_STARTED",""
"PLAN-L0107","PLAN","docs\implementation-plan.md","line 107; section Phase 5: Tooling and certification","T5.5 | Performance/battery qualification | R2.x-X3.x-P4.x | Device baselines and invariant checks | L","See implementation ledger and architecture module map","evidence/; module tests; conformance/","HOST_UNIT_STATIC; applicable Android endpoint","NOT_STARTED",""
"PLAN-L0108","PLAN","docs\implementation-plan.md","line 108; section Phase 5: Tooling and certification","T5.6 | Foundation release certification | All previous | Full declared platform matrix passes | XL","See implementation ledger and architecture module map","evidence/; module tests; conformance/","API30_31_32_33_34_35_36_37_X86_64; available ARM64; 4K/16K; required build types","NOT_STARTED",""
"PLAN-L0114","PLAN","docs\implementation-plan.md","line 114; section Phase 6: Gated extensions","E6.1 | C1/C2 segment AEAD | Stable storage | Keystore reliability, nonce, migration, fail-closed matrix | XL","See implementation ledger and architecture module map","evidence/; module tests; conformance/","HOST_UNIT_STATIC; applicable Android endpoint","NOT_STARTED",""
"PLAN-L0115","PLAN","docs\implementation-plan.md","line 115; section Phase 6: Gated extensions","E6.2 | Age X25519 | Stable package | CCTV, age/rage interop, fuzzing, Android qualification, review | XL","See implementation ledger and architecture module map","evidence/; module tests; conformance/","HOST_FUZZ_SMOKE; nightly/certification duration per frozen protocol","NOT_STARTED",""
"PLAN-L0116","PLAN","docs\implementation-plan.md","line 116; section Phase 6: Gated extensions","E6.3 | Metrics and traces | Stable schema/performance | Cardinality, privacy, priority, and overhead proofs | XL","See implementation ledger and architecture module map","evidence/; module tests; conformance/","HOST_UNIT_STATIC; applicable Android endpoint","NOT_STARTED",""
"PLAN-L0122","PLAN","docs\implementation-plan.md","line 122; section 4. Parallel execution lanes","**Schema lane:** C1.1-C1.6.","See implementation ledger and architecture module map","evidence/; module tests; conformance/","HOST_UNIT_STATIC; applicable Android endpoint","NOT_STARTED",""
"PLAN-L0123","PLAN","docs\implementation-plan.md","line 123; section 4. Parallel execution lanes","**Native lane:** X3.1-X3.5 prototypes hardened against the frozen ABI.","See implementation ledger and architecture module map","evidence/; module tests; conformance/","HOST_UNIT_STATIC; applicable Android endpoint","NOT_STARTED",""
"PLAN-L0124","PLAN","docs\implementation-plan.md","line 124; section 4. Parallel execution lanes","**Runtime lane:** R2.1-R2.7.","See implementation ledger and architecture module map","evidence/; module tests; conformance/","HOST_UNIT_STATIC; applicable Android endpoint","NOT_STARTED",""
"PLAN-L0125","PLAN","docs\implementation-plan.md","line 125; section 4. Parallel execution lanes","**Tooling lane:** initial Rust parser and symbol-catalog scaffolding.","See implementation ledger and architecture module map","evidence/; module tests; conformance/","HOST_UNIT_STATIC; applicable Android endpoint","NOT_STARTED",""
"PLAN-L0126","PLAN","docs\implementation-plan.md","line 126; section 4. Parallel execution lanes","**QA lane:** device farm, crash lab, performance harness, and network observation fixtures.","See implementation ledger and architecture module map","evidence/; module tests; conformance/","HOST_STATIC; API30_API37_RUNTIME; blocked-egress controls","NOT_STARTED",""
"PLAN-L0130","PLAN","docs\implementation-plan.md","line 130; section 5. Required test applications","## 5. Required test applications","See implementation ledger and architecture module map","evidence/; module tests; conformance/","HOST_UNIT_STATIC; applicable Android endpoint","NOT_STARTED",""
"PLAN-L0134","PLAN","docs\implementation-plan.md","line 134; section 5. Required test applications","`no-internet` | Prove merged manifest and runtime remain offline","See implementation ledger and architecture module map","evidence/; module tests; conformance/","HOST_STATIC; API30_API37_RUNTIME; blocked-egress controls","NOT_STARTED",""
"PLAN-L0135","PLAN","docs\implementation-plan.md","line 135; section 5. Required test applications","`host-with-internet` | Prove Tracebox does not use host networking capability","See implementation ledger and architecture module map","evidence/; module tests; conformance/","HOST_STATIC; API30_API37_RUNTIME; blocked-egress controls","NOT_STARTED",""
"PLAN-L0136","PLAN","docs\implementation-plan.md","line 136; section 5. Required test applications","`multiprocess` | Writers, handler clients, quotas, and reconciliation","See implementation ledger and architecture module map","evidence/; module tests; conformance/","HOST_UNIT_STATIC; applicable Android endpoint","NOT_STARTED",""
"PLAN-L0137","PLAN","docs\implementation-plan.md","line 137; section 5. Required test applications","`crash-lab` | Managed, C++, Rust, recursive, OOM, stack overflow","See implementation ledger and architecture module map","evidence/; module tests; conformance/","HOST_UNIT_STATIC; applicable Android endpoint","NOT_STARTED",""
"PLAN-L0138","PLAN","docs\implementation-plan.md","line 138; section 5. Required test applications","`handler-conflict` | Exclusive, chaining, and disable-on-conflict","See implementation ledger and architecture module map","evidence/; module tests; conformance/","HOST_UNIT_STATIC; applicable Android endpoint","NOT_STARTED",""
"PLAN-L0139","PLAN","docs\implementation-plan.md","line 139; section 5. Required test applications","`anr-lab` | Deadlock, busy loop, binder wait, starvation, lifecycle states","See implementation ledger and architecture module map","evidence/; module tests; conformance/","HOST_UNIT_STATIC; applicable Android endpoint","NOT_STARTED",""
"PLAN-L0140","PLAN","docs\implementation-plan.md","line 140; section 5. Required test applications","`responsive-main-anr` | OS ANRs that occur while the main looper remains responsive","See implementation ledger and architecture module map","evidence/; module tests; conformance/","HOST_UNIT_STATIC; applicable Android endpoint","NOT_STARTED",""
"PLAN-L0141","PLAN","docs\implementation-plan.md","line 141; section 5. Required test applications","`direct-boot` | C0-only pre-unlock behavior","See implementation ledger and architecture module map","evidence/; module tests; conformance/","HOST_UNIT_STATIC; applicable Android endpoint","NOT_STARTED",""
"PLAN-L0142","PLAN","docs\implementation-plan.md","line 142; section 5. Required test applications","`deletion-lab` | Process death and I/O failure at every deletion-journal transition","See implementation ledger and architecture module map","evidence/; module tests; conformance/","HOST_UNIT_STATIC; applicable Android endpoint","NOT_STARTED",""
"PLAN-L0143","PLAN","docs\implementation-plan.md","line 143; section 5. Required test applications","`release-r8` | Mapping IDs, inlining, obfuscation and symbol catalog","See implementation ledger and architecture module map","evidence/; module tests; conformance/","HOST_UNIT_STATIC; applicable Android endpoint","NOT_STARTED",""
"PLAN-L0144","PLAN","docs\implementation-plan.md","line 144; section 5. Required test applications","`malicious-package` | Parser and archive security corpus","See implementation ledger and architecture module map","evidence/; module tests; conformance/","HOST_FUZZ_SMOKE; nightly/certification duration per frozen protocol","NOT_STARTED",""
"PLAN-L0150","PLAN","docs\implementation-plan.md","line 150; section Invariants","zero healthy-state handler polling;","See implementation ledger and architecture module map","evidence/; module tests; conformance/","HOST_UNIT_STATIC; applicable Android endpoint","NOT_STARTED",""
"PLAN-L0151","PLAN","docs\implementation-plan.md","line 151; section Invariants","zero ANR heartbeat when no observable eligible component is active;","See implementation ledger and architecture module map","evidence/; module tests; conformance/","HOST_UNIT_STATIC; applicable Android endpoint","NOT_STARTED",""
"PLAN-L0152","PLAN","docs\implementation-plan.md","line 152; section Invariants","zero main-thread ordinary disk I/O;","See implementation ledger and architecture module map","evidence/; module tests; conformance/","HOST_UNIT_STATIC; applicable Android endpoint","NOT_STARTED",""
"PLAN-L0153","PLAN","docs\implementation-plan.md","line 153; section Invariants","bounded crash and ANR work;","See implementation ledger and architecture module map","evidence/; module tests; conformance/","HOST_UNIT_STATIC; applicable Android endpoint","NOT_STARTED",""
"PLAN-L0154","PLAN","docs\implementation-plan.md","line 154; section Invariants","no unbounded retries or queues;","See implementation ledger and architecture module map","evidence/; module tests; conformance/","HOST_UNIT_STATIC; applicable Android endpoint","NOT_STARTED",""
"PLAN-L0155","PLAN","docs\implementation-plan.md","line 155; section Invariants","hard process-role and UID-wide quota enforcement.","See implementation ledger and architecture module map","evidence/; module tests; conformance/","HOST_UNIT_STATIC; applicable Android endpoint","NOT_STARTED",""
"PLAN-L0161","PLAN","docs\implementation-plan.md","line 161; section Measurements","PSS/RSS and private dirty memory;","See implementation ledger and architecture module map","evidence/; module tests; conformance/","HOST_UNIT_STATIC; applicable Android endpoint","NOT_STARTED",""
"PLAN-L0162","PLAN","docs\implementation-plan.md","line 162; section Measurements","CPU time and scheduling wakeups;","See implementation ledger and architecture module map","evidence/; module tests; conformance/","HOST_UNIT_STATIC; applicable Android endpoint","NOT_STARTED",""
"PLAN-L0163","PLAN","docs\implementation-plan.md","line 163; section Measurements","allocation count and retained heap;","See implementation ledger and architecture module map","evidence/; module tests; conformance/","HOST_UNIT_STATIC; applicable Android endpoint","NOT_STARTED",""
"PLAN-L0164","PLAN","docs\implementation-plan.md","line 164; section Measurements","disk bytes and fsync latency;","See implementation ledger and architecture module map","evidence/; module tests; conformance/","HOST_UNIT_STATIC; applicable Android endpoint","NOT_STARTED",""
"PLAN-L0165","PLAN","docs\implementation-plan.md","line 165; section Measurements","crash-to-artifact latency;","See implementation ledger and architecture module map","evidence/; module tests; conformance/","HOST_UNIT_STATIC; applicable Android endpoint","NOT_STARTED",""
"PLAN-L0166","PLAN","docs\implementation-plan.md","line 166; section Measurements","ANR heartbeat and candidate overhead;","See implementation ledger and architecture module map","evidence/; module tests; conformance/","HOST_UNIT_STATIC; applicable Android endpoint","NOT_STARTED",""
"PLAN-L0167","PLAN","docs\implementation-plan.md","line 167; section Measurements","package throughput and working memory;","See implementation ledger and architecture module map","evidence/; module tests; conformance/","HOST_UNIT_STATIC; applicable Android endpoint","NOT_STARTED",""
"PLAN-L0168","PLAN","docs\implementation-plan.md","line 168; section Measurements","APK/AAB and per-ABI native size;","See implementation ledger and architecture module map","evidence/; module tests; conformance/","HOST_UNIT_STATIC; applicable Android endpoint","NOT_STARTED",""
"PLAN-L0169","PLAN","docs\implementation-plan.md","line 169; section Measurements","energy during foreground, background, cached, and crash-loop scenarios.","See implementation ledger and architecture module map","evidence/; module tests; conformance/","HOST_UNIT_STATIC; applicable Android endpoint","NOT_STARTED",""
"PLAN-L0175","PLAN","docs\implementation-plan.md","line 175; section 7. ADR sequence","Product boundary, threat model, and offline guarantee.","See implementation ledger and architecture module map","evidence/; module tests; conformance/","HOST_UNIT_STATIC; applicable Android endpoint","NOT_STARTED",""
"PLAN-L0176","PLAN","docs\implementation-plan.md","line 176; section 7. ADR sequence","Privacy taxonomy and generated schema.","See implementation ledger and architecture module map","evidence/; module tests; conformance/","HOST_UNIT_STATIC; applicable Android endpoint","NOT_STARTED",""
"PLAN-L0177","PLAN","docs\implementation-plan.md","line 177; section 7. ADR sequence","Crashpad raw-artifact privacy model.","See implementation ledger and architecture module map","evidence/; module tests; conformance/","HOST_UNIT_STATIC; applicable Android endpoint","NOT_STARTED",""
"PLAN-L0178","PLAN","docs\implementation-plan.md","line 178; section 7. ADR sequence","Separate handler process and IPC.","See implementation ledger and architecture module map","evidence/; module tests; conformance/","HOST_UNIT_STATIC; applicable Android endpoint","NOT_STARTED",""
"PLAN-L0179","PLAN","docs\implementation-plan.md","line 179; section 7. ADR sequence","Emergency fallback and handler coexistence.","See implementation ledger and architecture module map","evidence/; module tests; conformance/","HOST_UNIT_STATIC; applicable Android endpoint","NOT_STARTED",""
"PLAN-L0180","PLAN","docs\implementation-plan.md","line 180; section 7. ADR sequence","Readiness and lifecycle semantics.","See implementation ledger and architecture module map","evidence/; module tests; conformance/","HOST_UNIT_STATIC; applicable Android endpoint","NOT_STARTED",""
"PLAN-L0181","PLAN","docs\implementation-plan.md","line 181; section 7. ADR sequence","Global policy epoch and acknowledgement semantics.","See implementation ledger and architecture module map","evidence/; module tests; conformance/","HOST_UNIT_STATIC; applicable Android endpoint","NOT_STARTED",""
"PLAN-L0182","PLAN","docs\implementation-plan.md","line 182; section 7. ADR sequence","Kotlin/C/Rust compatibility contracts.","See implementation ledger and architecture module map","evidence/; module tests; conformance/","HOST_UNIT_STATIC; applicable Android endpoint","NOT_STARTED",""
"PLAN-L0183","PLAN","docs\implementation-plan.md","line 183; section 7. ADR sequence","Segment storage and quota model.","See implementation ledger and architecture module map","evidence/; module tests; conformance/","HOST_UNIT_STATIC; applicable Android endpoint","NOT_STARTED",""
"PLAN-L0184","PLAN","docs\implementation-plan.md","line 184; section 7. ADR sequence","Live ANR evidence and exit reconciliation.","See implementation ledger and architecture module map","evidence/; module tests; conformance/","HOST_UNIT_STATIC; applicable Android endpoint","NOT_STARTED",""
"PLAN-L0185","PLAN","docs\implementation-plan.md","line 185; section 7. ADR sequence","Snapshot, disclosure, approval, and receipt.","See implementation ledger and architecture module map","evidence/; module tests; conformance/","HOST_UNIT_STATIC; applicable Android endpoint","NOT_STARTED",""
"PLAN-L0186","PLAN","docs\implementation-plan.md","line 186; section 7. ADR sequence","`.tbdiag` package format.","See implementation ledger and architecture module map","evidence/; module tests; conformance/","HOST_UNIT_STATIC; applicable Android endpoint","NOT_STARTED",""
"PLAN-L0187","PLAN","docs\implementation-plan.md","line 187; section 7. ADR sequence","Build identity and symbolication.","See implementation ledger and architecture module map","evidence/; module tests; conformance/","HOST_UNIT_STATIC; applicable Android endpoint","NOT_STARTED",""
"PLAN-L0188","PLAN","docs\implementation-plan.md","line 188; section 7. ADR sequence","Performance governance.","See implementation ledger and architecture module map","evidence/; module tests; conformance/","HOST_UNIT_STATIC; applicable Android endpoint","NOT_STARTED",""
"PLAN-L0189","PLAN","docs\implementation-plan.md","line 189; section 7. ADR sequence","Application-layer at-rest encryption after qualification.","See implementation ledger and architecture module map","evidence/; module tests; conformance/","HOST_UNIT_STATIC; applicable Android endpoint","NOT_STARTED",""
"PLAN-L0190","PLAN","docs\implementation-plan.md","line 190; section 7. ADR sequence","Age recipient encryption after review.","See implementation ledger and architecture module map","evidence/; module tests; conformance/","HOST_UNIT_STATIC; applicable Android endpoint","NOT_STARTED",""
"PLAN-L0194","PLAN","docs\implementation-plan.md","line 194; section 8. Definition of foundation complete","Foundation is complete only when:","See implementation ledger and architecture module map","evidence/; module tests; conformance/","HOST_UNIT_STATIC; applicable Android endpoint","NOT_STARTED",""
"PLAN-L0196","PLAN","docs\implementation-plan.md","line 196; section 8. Definition of foundation complete","Crashpad and emergency capture pass the supported device/fault matrix.","See implementation ledger and architecture module map","evidence/; module tests; conformance/","HOST_UNIT_STATIC; applicable Android endpoint","NOT_STARTED",""
"PLAN-L0197","PLAN","docs\implementation-plan.md","line 197; section 8. Definition of foundation complete","Live ANR overhead and false-positive gates pass.","See implementation ledger and architecture module map","evidence/; module tests; conformance/","HOST_UNIT_STATIC; applicable Android endpoint","NOT_STARTED",""
"PLAN-L0198","PLAN","docs\implementation-plan.md","line 198; section 8. Definition of foundation complete","All generated privacy invariants pass.","See implementation ledger and architecture module map","evidence/; module tests; conformance/","HOST_UNIT_STATIC; applicable Android endpoint","NOT_STARTED",""
"PLAN-L0199","PLAN","docs\implementation-plan.md","line 199; section 8. Definition of foundation complete","Segments recover correctly under fault injection.","See implementation ledger and architecture module map","evidence/; module tests; conformance/","HOST_UNIT_STATIC; applicable Android endpoint","NOT_STARTED",""
"PLAN-L0200","PLAN","docs\implementation-plan.md","line 200; section 8. Definition of foundation complete","Handler summary persistence/import survives handler or client death without deleting the only raw evidence.","See implementation ledger and architecture module map","evidence/; module tests; conformance/","HOST_UNIT_STATIC; applicable Android endpoint","NOT_STARTED",""
"PLAN-L0201","PLAN","docs\implementation-plan.md","line 201; section 8. Definition of foundation complete","Summary replay repairs every append/journal/delete crash boundary without duplicate authoritative records.","See implementation ledger and architecture module map","evidence/; module tests; conformance/","HOST_UNIT_STATIC; applicable Android endpoint","NOT_STARTED",""
"PLAN-L0202","PLAN","docs\implementation-plan.md","line 202; section 8. Definition of foundation complete","Recovery after extractor/schema upgrade reuses the pre-append frozen summary derivation tuple.","See implementation ledger and architecture module map","evidence/; module tests; conformance/","HOST_UNIT_STATIC; applicable Android endpoint","NOT_STARTED",""
"PLAN-L0203","PLAN","docs\implementation-plan.md","line 203; section 8. Definition of foundation complete","Recovery after journal commit appends the exact staged canonical summary bytes and verifies their digest.","See implementation ledger and architecture module map","evidence/; module tests; conformance/","HOST_UNIT_STATIC; applicable Android endpoint","NOT_STARTED",""
"PLAN-L0204","PLAN","docs\implementation-plan.md","line 204; section 8. Definition of foundation complete","Import acknowledgement cannot retire the source before the target summary is durably recoverable.","See implementation ledger and architecture module map","evidence/; module tests; conformance/","HOST_UNIT_STATIC; applicable Android endpoint","NOT_STARTED",""
"PLAN-L0205","PLAN","docs\implementation-plan.md","line 205; section 8. Definition of foundation complete","Selective deletion removes an in-scope summary ID from both spool and imported stores before reporting completion.","See implementation ledger and architecture module map","evidence/; module tests; conformance/","HOST_UNIT_STATIC; applicable Android endpoint","NOT_STARTED",""
"PLAN-L0206","PLAN","docs\implementation-plan.md","line 206; section 8. Definition of foundation complete","Full-quota compaction stays within the reserved workspace and permits forward progress.","See implementation ledger and architecture module map","evidence/; module tests; conformance/","HOST_UNIT_STATIC; applicable Android endpoint","NOT_STARTED",""
"PLAN-L0207","PLAN","docs\implementation-plan.md","line 207; section 8. Definition of foundation complete","No Tracebox internal ID is intentionally encoded in package metadata, paths, generated records, annotations, or custom streams; raw artifacts matching known encodings are rejected.","See implementation ledger and architecture module map","evidence/; module tests; conformance/","HOST_UNIT_STATIC; applicable Android endpoint","NOT_STARTED",""
"PLAN-L0208","PLAN","docs\implementation-plan.md","line 208; section 8. Definition of foundation complete","Policy loosening cannot import an older OS artifact whose capture-time token did not permit raw import.","See implementation ledger and architecture module map","evidence/; module tests; conformance/","HOST_UNIT_STATIC; applicable Android endpoint","NOT_STARTED",""
"PLAN-L0209","PLAN","docs\implementation-plan.md","line 209; section 8. Definition of foundation complete","OS import recovery at every copy/journal/promote/ledger boundary produces at most one local artifact.","See implementation ledger and architecture module map","evidence/; module tests; conformance/","HOST_UNIT_STATIC; applicable Android endpoint","NOT_STARTED",""
"PLAN-L0210","PLAN","docs\implementation-plan.md","line 210; section 8. Definition of foundation complete","Equal-timestamp, reordered, paginated, and late-visible OS records are processed without cursor loss.","See implementation ledger and architecture module map","evidence/; module tests; conformance/","HOST_UNIT_STATIC; applicable Android endpoint","NOT_STARTED",""
"PLAN-L0211","PLAN","docs\implementation-plan.md","line 211; section 8. Definition of foundation complete","Process registration at every tightening/loosening boundary cannot escape the target epoch or token acknowledgement set.","See implementation ledger and architecture module map","evidence/; module tests; conformance/","HOST_UNIT_STATIC; applicable Android endpoint","NOT_STARTED",""
"PLAN-L0212","PLAN","docs\implementation-plan.md","line 212; section 8. Definition of foundation complete","Disabled never reports success with any accessible library-owned data remaining.","See implementation ledger and architecture module map","evidence/; module tests; conformance/","HOST_UNIT_STATIC; applicable Android endpoint","NOT_STARTED",""
"PLAN-L0213","PLAN","docs\implementation-plan.md","line 213; section 8. Definition of foundation complete","Selective deletion never reports success with accessible in-scope data remaining.","See implementation ledger and architecture module map","evidence/; module tests; conformance/","HOST_UNIT_STATIC; applicable Android endpoint","NOT_STARTED",""
"PLAN-L0214","PLAN","docs\implementation-plan.md","line 214; section 8. Definition of foundation complete","Exact preview/package digest equality is proven.","See implementation ledger and architecture module map","evidence/; module tests; conformance/","HOST_UNIT_STATIC; applicable Android endpoint","NOT_STARTED",""
"PLAN-L0215","PLAN","docs\implementation-plan.md","line 215; section 8. Definition of foundation complete","Offline retracing and symbolication reject mismatched artifacts.","See implementation ledger and architecture module map","evidence/; module tests; conformance/","HOST_UNIT_STATIC; applicable Android endpoint","NOT_STARTED",""
"PLAN-L0216","PLAN","docs\implementation-plan.md","line 216; section 8. Definition of foundation complete","No-network conformance passes for every published module combination.","See implementation ledger and architecture module map","evidence/; module tests; conformance/","HOST_STATIC; API30_API37_RUNTIME; blocked-egress controls","NOT_STARTED",""
"PLAN-L0217","PLAN","docs\implementation-plan.md","line 217; section 8. Definition of foundation complete","Resource budgets are backed by physical-device measurements.","See implementation ledger and architecture module map","evidence/; module tests; conformance/","API30_API37_X86_64_AND_ALL_AVAILABLE_ARM64; page-size cells where available","NOT_STARTED",""
"PLAN-L0218","PLAN","docs\implementation-plan.md","line 218; section 8. Definition of foundation complete","Unsupported devices or configurations are explicitly documented.","See implementation ledger and architecture module map","evidence/; module tests; conformance/","HOST_UNIT_STATIC; applicable Android endpoint","NOT_STARTED",""
"WP-C1.1","PLAN_WORK_PACKAGE","docs\implementation-plan.md","work package C1.1","Formal privacy/event schema: Stable bounded privacy-classified schema","See dependency-aware ledger row and mapped module paths","evidence/; package-specific tests/benchmarks","Matrix defined by package and certification protocol","PASS",""
"WP-C1.2","PLAN_WORK_PACKAGE","docs\implementation-plan.md","work package C1.2","Schema model and compiler: Kotlin/C/C++/Rust/protobuf/docs generation and golden tests","See dependency-aware ledger row and mapped module paths","evidence/; package-specific tests/benchmarks","Matrix defined by package and certification protocol","PASS",""
"WP-C1.3","PLAN_WORK_PACKAGE","docs\implementation-plan.md","work package C1.3","Kotlin public API: Generated-only recording API","See dependency-aware ledger row and mapped module paths","evidence/; package-specific tests/benchmarks","Matrix defined by package and certification protocol","PASS",""
"WP-C1.4","PLAN_WORK_PACKAGE","docs\implementation-plan.md","work package C1.4","Versioned C ABI: Size-prefixed ABI and compatibility tests","See dependency-aware ledger row and mapped module paths","evidence/; package-specific tests/benchmarks","Matrix defined by package and certification protocol","IN_PROGRESS",""
"WP-C1.5","PLAN_WORK_PACKAGE","docs\implementation-plan.md","work package C1.5","Rust bindings/wrapper: Generated sys crate and safe wrapper","See dependency-aware ledger row and mapped module paths","evidence/; package-specific tests/benchmarks","Matrix defined by package and certification protocol","IN_PROGRESS",""
"WP-C1.6","PLAN_WORK_PACKAGE","docs\implementation-plan.md","work package C1.6","Identity and build contract: Internal identities and build/symbol catalog","See dependency-aware ledger row and mapped module paths","evidence/; package-specific tests/benchmarks","Matrix defined by package and certification protocol","IN_PROGRESS",""
"WP-E6.1","PLAN_WORK_PACKAGE","docs\implementation-plan.md","work package E6.1","C1/C2 segment AEAD: Gated post-foundation encryption","See dependency-aware ledger row and mapped module paths","evidence/; package-specific tests/benchmarks","Matrix defined by package and certification protocol","NOT_APPLICABLE_WITH_RATIONALE",""
"WP-E6.2","PLAN_WORK_PACKAGE","docs\implementation-plan.md","work package E6.2","Age X25519: Gated recipient encryption","See dependency-aware ledger row and mapped module paths","evidence/; package-specific tests/benchmarks","Matrix defined by package and certification protocol","NOT_APPLICABLE_WITH_RATIONALE",""
"WP-E6.3","PLAN_WORK_PACKAGE","docs\implementation-plan.md","work package E6.3","Metrics and traces: Out of foundation scope","See dependency-aware ledger row and mapped module paths","evidence/; package-specific tests/benchmarks","Matrix defined by package and certification protocol","NOT_APPLICABLE_WITH_RATIONALE",""
"WP-F0.1","PLAN_WORK_PACKAGE","docs\implementation-plan.md","work package F0.1","Freeze terminology and invariants: Threat model, privacy classes, evidence grades, readiness states approved","See dependency-aware ledger row and mapped module paths","evidence/; package-specific tests/benchmarks","Phase 0 frozen engineering matrix","PASS","76c57c4482ead7e45c900a170014761b692fd8fd"
"WP-F0.2","PLAN_WORK_PACKAGE","docs\implementation-plan.md","work package F0.2","Pin toolchains and dependencies: Gradle, AGP, Kotlin, JDK, NDK, CMake, Rust, Crashpad revisions locked and verified","See dependency-aware ledger row and mapped module paths","evidence/; package-specific tests/benchmarks","Phase 0 frozen engineering matrix","PASS","4e7959b70097426b253dda3671eef4a8b16ae1d9"
"WP-F0.3","PLAN_WORK_PACKAGE","docs\implementation-plan.md","work package F0.3","Crashpad privacy spike: Raw stream inventory, structural-summary prototype, seeded-secret results","See dependency-aware ledger row and mapped module paths","evidence/; package-specific tests/benchmarks","Phase 0 frozen engineering matrix","FAIL",""
"WP-F0.4","PLAN_WORK_PACKAGE","docs\implementation-plan.md","work package F0.4","Android handler spike: Multi-client handler on API 30/37, page compatibility, restart/death evidence","See dependency-aware ledger row and mapped module paths","evidence/; package-specific tests/benchmarks","Phase 0 frozen engineering matrix","FAIL",""
"WP-F0.5","PLAN_WORK_PACKAGE","docs\implementation-plan.md","work package F0.5","Emergency fallback spike: Fixed signal record survives pre-Durable and Crashpad-unavailable faults","See dependency-aware ledger row and mapped module paths","evidence/; package-specific tests/benchmarks","Phase 0 frozen engineering matrix","FAIL",""
"WP-F0.6","PLAN_WORK_PACKAGE","docs\implementation-plan.md","work package F0.6","Live ANR spike: Measured watchdog, candidate capture, nonfatal request, lifecycle, timeout/cancellation","See dependency-aware ledger row and mapped module paths","evidence/; package-specific tests/benchmarks","Phase 0 frozen engineering matrix","FAIL",""
"WP-F0.7","PLAN_WORK_PACKAGE","docs\implementation-plan.md","work package F0.7","Baseline artifact and PSS measurement: Per-ABI size and handler/app resource evidence","See dependency-aware ledger row and mapped module paths","evidence/; package-specific tests/benchmarks","Phase 0 frozen engineering matrix","FAIL",""
"WP-P4.1","PLAN_WORK_PACKAGE","docs\implementation-plan.md","work package P4.1","Snapshot selection and transformation: Frozen transformed snapshot","See dependency-aware ledger row and mapped module paths","evidence/; package-specific tests/benchmarks","Matrix defined by package and certification protocol","NOT_STARTED",""
"WP-P4.2","PLAN_WORK_PACKAGE","docs\implementation-plan.md","work package P4.2","Deterministic CBOR manifest: Canonical manifest vectors","See dependency-aware ledger row and mapped module paths","evidence/; package-specific tests/benchmarks","Matrix defined by package and certification protocol","NOT_STARTED",""
"WP-P4.3","PLAN_WORK_PACKAGE","docs\implementation-plan.md","work package P4.3","Constrained deterministic ZIP materialization: Bounded deterministic tbdiag bytes","See dependency-aware ledger row and mapped module paths","evidence/; package-specific tests/benchmarks","Matrix defined by package and certification protocol","NOT_STARTED",""
"WP-P4.4","PLAN_WORK_PACKAGE","docs\implementation-plan.md","work package P4.4","Disclosure UI and approval: Exact decode and opaque approval","See dependency-aware ledger row and mapped module paths","evidence/; package-specific tests/benchmarks","Matrix defined by package and certification protocol","NOT_STARTED",""
"WP-P4.5","PLAN_WORK_PACKAGE","docs\implementation-plan.md","work package P4.5","FileProvider and Sharesheet: Read-only local handoff","See dependency-aware ledger row and mapped module paths","evidence/; package-specific tests/benchmarks","Matrix defined by package and certification protocol","NOT_STARTED",""
"WP-P4.6","PLAN_WORK_PACKAGE","docs\implementation-plan.md","work package P4.6","SAF save: Cancellable local document copy","See dependency-aware ledger row and mapped module paths","evidence/; package-specific tests/benchmarks","Matrix defined by package and certification protocol","NOT_STARTED",""
"WP-P4.7","PLAN_WORK_PACKAGE","docs\implementation-plan.md","work package P4.7","Final receipt integration: Accurate observable outcome receipt","See dependency-aware ledger row and mapped module paths","evidence/; package-specific tests/benchmarks","Matrix defined by package and certification protocol","NOT_STARTED",""
"WP-R2.1","PLAN_WORK_PACKAGE","docs\implementation-plan.md","work package R2.1","Lifecycle/readiness runtime: Install and four readiness states","See dependency-aware ledger row and mapped module paths","evidence/; package-specific tests/benchmarks","Matrix defined by package and certification protocol","PASS","abab979eab6237b4593dedce951ea04a18d96b50"
"WP-R2.2","PLAN_WORK_PACKAGE","docs\implementation-plan.md","work package R2.2","Policy epoch protocol and local gate: Epoch revalidation and barrier protocol","See dependency-aware ledger row and mapped module paths","evidence/; package-specific tests/benchmarks","Matrix defined by package and certification protocol","PASS","abab979eab6237b4593dedce951ea04a18d96b50"
"WP-R2.3","PLAN_WORK_PACKAGE","docs\implementation-plan.md","work package R2.3","Bounded queues, barrier, health codes: Fixed-capacity policy-aware queues","See dependency-aware ledger row and mapped module paths","evidence/; package-specific tests/benchmarks","Matrix defined by package and certification protocol","PASS","abab979eab6237b4593dedce951ea04a18d96b50"
"WP-R2.4","PLAN_WORK_PACKAGE","docs\implementation-plan.md","work package R2.4","Segment framing/recovery: Valid-prefix append-only segment recovery","See dependency-aware ledger row and mapped module paths","evidence/; package-specific tests/benchmarks","Matrix defined by package and certification protocol","PASS","1ae57abc378f352afeb6d98488aa1d702bf8543d"
"WP-R2.5","PLAN_WORK_PACKAGE","docs\implementation-plan.md","work package R2.5","Role and UID-wide quotas/retention: Complete hard storage bounds","See dependency-aware ledger row and mapped module paths","evidence/; package-specific tests/benchmarks","Matrix defined by package and certification protocol","IN_PROGRESS",""
"WP-R2.6","PLAN_WORK_PACKAGE","docs\implementation-plan.md","work package R2.6","Lazy metadata summaries/index: Rebuildable index and index-free planning","See dependency-aware ledger row and mapped module paths","evidence/; package-specific tests/benchmarks","Matrix defined by package and certification protocol","PASS","1ae57abc378f352afeb6d98488aa1d702bf8543d"
"WP-R2.7","PLAN_WORK_PACKAGE","docs\implementation-plan.md","work package R2.7","Direct Boot C0 module: C0-only DE store and two-phase deny mirror","See dependency-aware ledger row and mapped module paths","evidence/; package-specific tests/benchmarks","Matrix defined by package and certification protocol","IN_PROGRESS",""
"WP-R2.8","PLAN_WORK_PACKAGE","docs\implementation-plan.md","work package R2.8","Crash-recoverable deletion engine: Journaled deletion and bounded compaction","See dependency-aware ledger row and mapped module paths","evidence/; package-specific tests/benchmarks","Matrix defined by package and certification protocol","IN_PROGRESS",""
"WP-T5.1","PLAN_WORK_PACKAGE","docs\implementation-plan.md","work package T5.1","Bounded Rust parser/validator: Fuzzed streaming parser","See dependency-aware ledger row and mapped module paths","evidence/; package-specific tests/benchmarks","Matrix defined by package and certification protocol","NOT_STARTED",""
"WP-T5.2","PLAN_WORK_PACKAGE","docs\implementation-plan.md","work package T5.2","Gradle build/symbol plugin: Build identity and conformance plugin","See dependency-aware ledger row and mapped module paths","evidence/; package-specific tests/benchmarks","Matrix defined by package and certification protocol","NOT_STARTED",""
"WP-T5.3","PLAN_WORK_PACKAGE","docs\implementation-plan.md","work package T5.3","Offline retrace/symbolication: Exact-match offline symbols","See dependency-aware ledger row and mapped module paths","evidence/; package-specific tests/benchmarks","Matrix defined by package and certification protocol","NOT_STARTED",""
"WP-T5.4","PLAN_WORK_PACKAGE","docs\implementation-plan.md","work package T5.4","No-network conformance: Static, manifest, native, CLI and runtime proof","See dependency-aware ledger row and mapped module paths","evidence/; package-specific tests/benchmarks","Matrix defined by package and certification protocol","NOT_STARTED",""
"WP-T5.5","PLAN_WORK_PACKAGE","docs\implementation-plan.md","work package T5.5","Performance/battery qualification: Measured resource qualification","See dependency-aware ledger row and mapped module paths","evidence/; package-specific tests/benchmarks","Matrix defined by package and certification protocol","NOT_STARTED",""
"WP-T5.6","PLAN_WORK_PACKAGE","docs\implementation-plan.md","work package T5.6","Foundation release certification: Complete declared matrix","See dependency-aware ledger row and mapped module paths","evidence/; package-specific tests/benchmarks","Matrix defined by package and certification protocol","NOT_STARTED",""
"WP-X3.1","PLAN_WORK_PACKAGE","docs\implementation-plan.md","work package X3.1","Handler service and IPC: One handler and bounded local IPC","See dependency-aware ledger row and mapped module paths","evidence/; package-specific tests/benchmarks","Matrix defined by package and certification protocol","IN_PROGRESS",""
"WP-X3.10","PLAN_WORK_PACKAGE","docs\implementation-plan.md","work package X3.10","Exit reconciliation: Policy-safe idempotent OS exit import","See dependency-aware ledger row and mapped module paths","evidence/; package-specific tests/benchmarks","Matrix defined by package and certification protocol","IN_PROGRESS",""
"WP-X3.2","PLAN_WORK_PACKAGE","docs\implementation-plan.md","work package X3.2","Production global policy coordinator: Control page, census, leases, global barriers","See dependency-aware ledger row and mapped module paths","evidence/; package-specific tests/benchmarks","Matrix defined by package and certification protocol","IN_PROGRESS",""
"WP-X3.3","PLAN_WORK_PACKAGE","docs\implementation-plan.md","work package X3.3","Capture-only Crashpad integration: Private capture-only Crashpad lifecycle","See dependency-aware ledger row and mapped module paths","evidence/; package-specific tests/benchmarks","Matrix defined by package and certification protocol","IN_PROGRESS",""
"WP-X3.4","PLAN_WORK_PACKAGE","docs\implementation-plan.md","work package X3.4","Structural summary derivation and spool: Canonical summary staging and replay","See dependency-aware ledger row and mapped module paths","evidence/; package-specific tests/benchmarks","Matrix defined by package and certification protocol","IN_PROGRESS",""
"WP-X3.5","PLAN_WORK_PACKAGE","docs\implementation-plan.md","work package X3.5","Emergency writer production path: Signal-safe emergency capture","See dependency-aware ledger row and mapped module paths","evidence/; package-specific tests/benchmarks","Matrix defined by package and certification protocol","IN_PROGRESS",""
"WP-X3.6","PLAN_WORK_PACKAGE","docs\implementation-plan.md","work package X3.6","Crash dispatch/coexistence state machine: Exactly one primary/fallback result","See dependency-aware ledger row and mapped module paths","evidence/; package-specific tests/benchmarks","Matrix defined by package and certification protocol","IN_PROGRESS",""
"WP-X3.7","PLAN_WORK_PACKAGE","docs\implementation-plan.md","work package X3.7","JVM uncaught exception capture: Bounded JVM capture and exact chaining","See dependency-aware ledger row and mapped module paths","evidence/; package-specific tests/benchmarks","Matrix defined by package and certification protocol","IN_PROGRESS",""
"WP-X3.8","PLAN_WORK_PACKAGE","docs\implementation-plan.md","work package X3.8","Rust panic/fault integration: Contained panic and native fault paths","See dependency-aware ledger row and mapped module paths","evidence/; package-specific tests/benchmarks","Matrix defined by package and certification protocol","IN_PROGRESS",""
"WP-X3.9","PLAN_WORK_PACKAGE","docs\implementation-plan.md","work package X3.9","Live ANR watchdog: Adaptive bounded watchdog","See dependency-aware ledger row and mapped module paths","evidence/; package-specific tests/benchmarks","Matrix defined by package and certification protocol","IN_PROGRESS",""
